CallID,AgentID,CallDate,Channel,Topic,CallCenter,DurationMinutes,CSATScore,IsResolved,Sentiment
CALL-10001,AGT-139,2026-06-29,Email,Account Access,Los Angeles,6.93,2,Yes,Very Positive
CALL-10002,AGT-124,2026-04-27,Chat,Account Access,Dallas,1.38,4,No,Very Positive
CALL-10003,AGT-121,2026-06-10,Phone,Product Inquiry,Los Angeles,1.15,4,Yes,Very Positive
CALL-10004,AGT-116,2026-01-15,Phone,Account Access,Los Angeles,5.69,4,Yes,Neutral
CALL-10005,AGT-121,2026-03-14,Phone,Cancellation,New York,22.91,5,Yes,Very Positive
CALL-10006,AGT-120,2026-04-02,Phone,Cancellation,New York,12.64,2,Yes,Very Positive
CALL-10007,AGT-104,2026-01-02,Phone,Technical Support,Los Angeles,2.33,5,Yes,Very Negative
CALL-10008,AGT-136,2026-01-14,Chat,Cancellation,New York,22.12,5,Yes,Neutral
CALL-10009,AGT-124,2026-06-03,Email,Cancellation,Los Angeles,3.1,3,Yes,Very Positive
CALL-10010,AGT-109,2026-03-29,Phone,Account Access,Chicago,8.98,4,Yes,Very Positive
CALL-10011,AGT-139,2026-02-10,Email,Billing Issue,Los Angeles,4.88,2,Yes,Neutral
CALL-10012,AGT-137,2026-04-09,Chat,Account Access,Chicago,5.15,2,Yes,Negative
CALL-10013,AGT-126,2026-05-22,Phone,Billing Issue,Chicago,4.63,1,Yes,Very Positive
CALL-10014,AGT-139,2026-02-21,Chat,Cancellation,Dallas,1.98,4,Yes,Positive
CALL-10015,AGT-113,2026-06-09,Chat,Account Access,Dallas,14.81,4,Yes,Very Positive
CALL-10016,AGT-128,2026-01-28,Phone,Cancellation,Dallas,14.96,3,Yes,Positive
CALL-10017,AGT-133,2026-05-09,Phone,Billing Issue,Los Angeles,3.83,3,Yes,Neutral
CALL-10018,AGT-137,2026-02-20,Phone,Account Access,Dallas,2.6,4,Yes,Very Positive
CALL-10019,AGT-112,2026-02-08,Phone,Billing Issue,New York,3.18,1,Yes,Neutral
CALL-10020,AGT-123,2026-05-09,Phone,Technical Support,New York,5.37,5,Yes,Neutral
CALL-10021,AGT-111,2026-05-03,Phone,Product Inquiry,Los Angeles,27.65,3,Yes,Negative
CALL-10022,AGT-109,2026-05-04,Chat,Product Inquiry,Chicago,6.81,4,Yes,Neutral
CALL-10023,AGT-119,2026-05-28,Chat,Cancellation,New York,8.629999999999999,3,No,Very Positive
CALL-10024,AGT-128,2026-06-27,Email,Technical Support,Chicago,2.69,2,No,Neutral
CALL-10025,AGT-102,2026-05-09,Phone,Cancellation,New York,15.99,4,Yes,Positive
CALL-10026,AGT-116,2026-05-11,Email,Billing Issue,Los Angeles,13.37,5,Yes,Neutral
CALL-10027,AGT-135,2026-04-22,Phone,Account Access,New York,1.03,2,Yes,Neutral
CALL-10028,AGT-116,2026-06-18,Phone,Cancellation,New York,5.43,2,Yes,Neutral
CALL-10029,AGT-103,2026-05-25,Phone,Cancellation,Chicago,3.98,3,Yes,Very Negative
CALL-10030,AGT-108,2026-01-27,Phone,Product Inquiry,Dallas,7.73,4,No,Positive
CALL-10031,AGT-119,2026-01-04,Phone,Billing Issue,Los Angeles,2.27,5,No,Very Negative
CALL-10032,AGT-135,2026-05-04,Phone,Product Inquiry,New York,6.23,4,No,Very Positive
CALL-10033,AGT-121,2026-06-09,Email,Account Access,Los Angeles,4.029999999999999,3,No,Very Negative
CALL-10034,AGT-124,2026-04-24,Chat,Technical Support,Chicago,5.75,5,Yes,Neutral
CALL-10035,AGT-139,2026-06-19,Email,Account Access,Dallas,14.12,5,Yes,Neutral
CALL-10036,AGT-120,2026-03-06,Phone,Cancellation,Chicago,3.68,3,Yes,Neutral
CALL-10037,AGT-122,2026-02-20,Phone,Product Inquiry,Dallas,6.81,1,Yes,Negative
CALL-10038,AGT-137,2026-01-08,Chat,Cancellation,Los Angeles,7.34,2,Yes,Neutral
CALL-10039,AGT-135,2026-02-24,Phone,Product Inquiry,Dallas,5.72,3,Yes,Positive
CALL-10040,AGT-128,2026-02-27,Phone,Product Inquiry,Dallas,22.37,5,Yes,Positive
CALL-10041,AGT-101,2026-02-03,Phone,Billing Issue,Los Angeles,18.73,4,Yes,Neutral
CALL-10042,AGT-105,2026-01-22,Chat,Account Access,Los Angeles,6.43,2,Yes,Positive
CALL-10043,AGT-128,2026-03-10,Phone,Cancellation,New York,5.18,2,Yes,Positive
CALL-10044,AGT-133,2026-04-11,Phone,Technical Support,Dallas,7.55,1,Yes,Neutral
CALL-10045,AGT-132,2026-01-01,Chat,Product Inquiry,Los Angeles,7.22,5,No,Negative
CALL-10046,AGT-132,2026-03-25,Chat,Technical Support,Chicago,7.7,4,Yes,Very Negative
CALL-10047,AGT-103,2026-03-06,Email,Technical Support,Chicago,2.42,1,Yes,Very Positive
CALL-10048,AGT-135,2026-03-22,Chat,Product Inquiry,Dallas,8.440000000000001,3,Yes,Positive
CALL-10049,AGT-111,2026-06-06,Phone,Billing Issue,New York,23.29,4,Yes,Neutral
CALL-10050,AGT-135,2026-06-26,Chat,Cancellation,Dallas,2.87,4,No,Neutral
CALL-10051,AGT-112,2026-04-23,Chat,Billing Issue,Chicago,1.71,5,Yes,Negative
CALL-10052,AGT-122,2026-05-21,Email,Billing Issue,Los Angeles,1.07,5,Yes,Positive
CALL-10053,AGT-114,2026-05-08,Phone,Technical Support,Chicago,1.5699999999999998,2,Yes,Neutral
CALL-10054,AGT-121,2026-02-22,Chat,Billing Issue,Chicago,1.62,4,Yes,Neutral
CALL-10055,AGT-105,2026-06-12,Email,Account Access,Chicago,1.81,2,Yes,Neutral
CALL-10056,AGT-138,2026-01-07,Phone,Technical Support,New York,12.21,4,Yes,Very Positive
CALL-10057,AGT-119,2026-05-16,Phone,Billing Issue,Dallas,11.89,5,No,Negative
CALL-10058,AGT-106,2026-06-08,Phone,Cancellation,Dallas,8.940000000000001,3,Yes,Positive
CALL-10059,AGT-113,2026-05-06,Phone,Cancellation,Los Angeles,1.81,4,Yes,Neutral
CALL-10060,AGT-125,2026-02-25,Chat,Product Inquiry,Dallas,11.53,5,Yes,Positive
CALL-10061,AGT-116,2026-04-28,Email,Cancellation,New York,2.9,4,Yes,Very Positive
CALL-10062,AGT-114,2026-05-23,Phone,Product Inquiry,Dallas,6.71,5,Yes,Positive
CALL-10063,AGT-132,2026-01-16,Email,Cancellation,Los Angeles,7.29,3,Yes,Positive
CALL-10064,AGT-128,2026-04-11,Email,Account Access,Dallas,1.21,3,Yes,Neutral
CALL-10065,AGT-129,2026-05-21,Email,Product Inquiry,Dallas,20.45,4,Yes,Positive
CALL-10066,AGT-130,2026-04-19,Phone,Billing Issue,Dallas,11.81,5,Yes,Neutral
CALL-10067,AGT-125,2026-03-27,Email,Billing Issue,New York,1.43,1,Yes,Very Positive
CALL-10068,AGT-106,2026-04-05,Chat,Account Access,New York,6.72,4,Yes,Positive
CALL-10069,AGT-121,2026-03-19,Phone,Billing Issue,Chicago,3.09,3,No,Negative
CALL-10070,AGT-134,2026-04-02,Phone,Technical Support,Dallas,5.77,5,Yes,Negative
CALL-10071,AGT-105,2026-02-26,Chat,Product Inquiry,New York,7.63,5,No,Neutral
CALL-10072,AGT-134,2026-02-07,Chat,Technical Support,Dallas,6.26,2,Yes,Neutral
CALL-10073,AGT-133,2026-03-20,Phone,Technical Support,Chicago,8.77,5,Yes,Negative
CALL-10074,AGT-117,2026-03-25,Phone,Technical Support,Dallas,5.41,3,Yes,Positive
CALL-10075,AGT-123,2026-03-21,Phone,Cancellation,Los Angeles,8.75,4,No,Neutral
CALL-10076,AGT-132,2026-06-27,Chat,Account Access,Chicago,12.21,3,Yes,Very Positive
CALL-10077,AGT-106,2026-01-01,Chat,Cancellation,Dallas,15.6,2,Yes,Positive
CALL-10078,AGT-126,2026-02-16,Chat,Account Access,Chicago,4.08,1,No,Very Positive
CALL-10079,AGT-135,2026-06-29,Phone,Technical Support,Los Angeles,3.99,4,Yes,Very Positive
CALL-10080,AGT-107,2026-01-03,Email,Account Access,Chicago,1.2,5,Yes,Positive
CALL-10081,AGT-125,2026-04-29,Phone,Technical Support,Chicago,3.53,3,Yes,Very Positive
CALL-10082,AGT-117,2026-01-13,Chat,Cancellation,Dallas,11.12,4,Yes,Neutral
CALL-10083,AGT-134,2026-04-21,Chat,Billing Issue,Los Angeles,1.8900000000000001,3,Yes,Neutral
CALL-10084,AGT-134,2026-02-28,Email,Product Inquiry,New York,2.76,2,Yes,Positive
CALL-10085,AGT-104,2026-04-04,Phone,Billing Issue,Chicago,1.34,1,Yes,Very Negative
CALL-10086,AGT-106,2026-03-07,Chat,Account Access,Los Angeles,1.03,5,Yes,Neutral
CALL-10087,AGT-102,2026-03-20,Chat,Technical Support,Chicago,12.85,3,No,Neutral
CALL-10088,AGT-120,2026-01-20,Phone,Billing Issue,Dallas,10.49,2,Yes,Very Negative
CALL-10089,AGT-113,2026-01-03,Phone,Technical Support,Los Angeles,1.94,1,No,Positive
CALL-10090,AGT-102,2026-03-25,Phone,Product Inquiry,New York,10.28,4,Yes,Positive
CALL-10091,AGT-130,2026-04-05,Email,Cancellation,Los Angeles,4.41,5,No,Positive
CALL-10092,AGT-135,2026-02-04,Email,Cancellation,Los Angeles,10.89,5,Yes,Negative
CALL-10093,AGT-135,2026-06-14,Email,Account Access,Dallas,5.81,3,No,Positive
CALL-10094,AGT-108,2026-02-08,Chat,Account Access,New York,3.33,4,Yes,Positive
CALL-10095,AGT-133,2026-02-22,Email,Account Access,Chicago,1.81,5,Yes,Positive
CALL-10096,AGT-115,2026-04-21,Chat,Cancellation,Dallas,15.58,5,Yes,Positive
CALL-10097,AGT-137,2026-06-04,Chat,Cancellation,Dallas,9.14,4,Yes,Very Positive
CALL-10098,AGT-113,2026-06-08,Phone,Product Inquiry,Los Angeles,7.02,4,Yes,Positive
CALL-10099,AGT-104,2026-03-17,Chat,Account Access,Chicago,6.93,4,Yes,Neutral
CALL-10100,AGT-120,2026-01-11,Email,Technical Support,Dallas,7.2,5,Yes,Very Positive
CALL-10101,AGT-133,2026-04-21,Chat,Account Access,Los Angeles,1.7,5,Yes,Very Positive
CALL-10102,AGT-128,2026-01-31,Chat,Account Access,New York,1.72,5,No,Very Positive
CALL-10103,AGT-137,2026-05-29,Phone,Cancellation,Dallas,12.81,3,Yes,Positive
CALL-10104,AGT-115,2026-05-29,Phone,Product Inquiry,New York,2.5,5,Yes,Very Positive
CALL-10105,AGT-125,2026-03-31,Email,Technical Support,Chicago,3.77,4,Yes,Positive
CALL-10106,AGT-124,2026-01-25,Phone,Product Inquiry,Los Angeles,3.43,5,Yes,Positive
CALL-10107,AGT-121,2026-02-18,Phone,Cancellation,New York,2.05,4,Yes,Very Negative
CALL-10108,AGT-107,2026-01-01,Phone,Account Access,Chicago,11.45,3,Yes,Neutral
CALL-10109,AGT-129,2026-01-30,Email,Account Access,Dallas,3.26,4,Yes,Neutral
CALL-10110,AGT-130,2026-06-15,Chat,Cancellation,New York,3.65,1,Yes,Positive
CALL-10111,AGT-119,2026-04-20,Chat,Billing Issue,Chicago,26.09,5,No,Positive
CALL-10112,AGT-103,2026-03-13,Phone,Product Inquiry,Chicago,15.2,4,Yes,Negative
CALL-10113,AGT-124,2026-03-19,Chat,Account Access,Los Angeles,4.29,4,Yes,Positive
CALL-10114,AGT-118,2026-01-07,Chat,Billing Issue,Chicago,13.25,2,No,Neutral
CALL-10115,AGT-118,2026-01-02,Email,Product Inquiry,Los Angeles,3.66,5,Yes,Very Positive
CALL-10116,AGT-120,2026-01-05,Phone,Billing Issue,Dallas,13.83,3,No,Negative
CALL-10117,AGT-117,2026-06-07,Phone,Billing Issue,Dallas,1.15,3,Yes,Neutral
CALL-10118,AGT-139,2026-01-22,Email,Cancellation,Dallas,5.85,2,Yes,Very Positive
CALL-10119,AGT-118,2026-05-08,Phone,Cancellation,New York,3.08,4,Yes,Negative
CALL-10120,AGT-123,2026-04-27,Phone,Product Inquiry,Chicago,15.97,5,Yes,Neutral
CALL-10121,AGT-107,2026-05-18,Email,Technical Support,New York,4.140000000000001,4,Yes,Very Positive
CALL-10122,AGT-101,2026-02-20,Phone,Account Access,Dallas,1.46,5,Yes,Very Negative
CALL-10123,AGT-139,2026-02-23,Phone,Product Inquiry,Los Angeles,2.5700000000000003,1,Yes,Neutral
CALL-10124,AGT-117,2026-04-19,Phone,Billing Issue,Dallas,5.18,3,Yes,Positive
CALL-10125,AGT-125,2026-02-08,Phone,Technical Support,New York,1.02,5,Yes,Very Positive
CALL-10126,AGT-137,2026-02-13,Email,Billing Issue,New York,11.14,4,Yes,Very Positive
CALL-10127,AGT-116,2026-03-24,Chat,Product Inquiry,New York,7.99,4,No,Positive
CALL-10128,AGT-125,2026-01-12,Phone,Technical Support,New York,19.74,1,Yes,Very Negative
CALL-10129,AGT-123,2026-01-26,Chat,Technical Support,Chicago,1.22,4,Yes,Very Negative
CALL-10130,AGT-123,2026-03-23,Chat,Cancellation,Chicago,4.95,4,Yes,Neutral
CALL-10131,AGT-124,2026-04-18,Phone,Technical Support,Chicago,8.75,3,Yes,Very Positive
CALL-10132,AGT-115,2026-04-30,Chat,Product Inquiry,Dallas,3.49,4,No,Neutral
CALL-10133,AGT-102,2026-02-24,Phone,Technical Support,Dallas,1.0,2,Yes,Very Negative
CALL-10134,AGT-139,2026-02-15,Phone,Billing Issue,New York,1.25,4,Yes,Positive
CALL-10135,AGT-110,2026-06-07,Phone,Cancellation,New York,9.57,1,Yes,Positive
CALL-10136,AGT-104,2026-05-26,Phone,Billing Issue,Los Angeles,1.12,5,Yes,Positive
CALL-10137,AGT-124,2026-05-20,Email,Product Inquiry,New York,2.95,4,No,Negative
CALL-10138,AGT-124,2026-01-11,Email,Technical Support,New York,9.84,1,Yes,Negative
CALL-10139,AGT-110,2026-04-17,Phone,Technical Support,New York,2.34,5,Yes,Very Positive
CALL-10140,AGT-123,2026-06-26,Chat,Cancellation,Dallas,5.84,3,Yes,Positive
CALL-10141,AGT-117,2026-01-03,Email,Product Inquiry,Los Angeles,9.96,1,No,Negative
CALL-10142,AGT-111,2026-04-15,Phone,Account Access,Los Angeles,5.21,1,No,Very Positive
CALL-10143,AGT-115,2026-02-09,Email,Account Access,Chicago,3.15,3,Yes,Neutral
CALL-10144,AGT-126,2026-05-26,Phone,Cancellation,Los Angeles,8.469999999999999,1,No,Positive
CALL-10145,AGT-132,2026-03-03,Chat,Technical Support,Chicago,3.78,4,Yes,Positive
CALL-10146,AGT-106,2026-05-27,Email,Cancellation,New York,2.1100000000000003,2,Yes,Positive
CALL-10147,AGT-136,2026-06-04,Chat,Product Inquiry,Chicago,22.14,4,No,Very Positive
CALL-10148,AGT-132,2026-04-17,Phone,Technical Support,Los Angeles,6.28,5,Yes,Very Positive
CALL-10149,AGT-113,2026-02-15,Phone,Billing Issue,New York,1.8,3,Yes,Negative
CALL-10150,AGT-106,2026-06-07,Phone,Billing Issue,Los Angeles,12.92,3,Yes,Negative
CALL-10151,AGT-122,2026-05-28,Chat,Technical Support,Los Angeles,3.33,4,Yes,Neutral
CALL-10152,AGT-101,2026-01-22,Chat,Account Access,Dallas,14.34,5,No,Neutral
CALL-10153,AGT-135,2026-06-29,Chat,Product Inquiry,Chicago,12.2,3,Yes,Positive
CALL-10154,AGT-123,2026-01-26,Phone,Technical Support,New York,19.77,2,No,Neutral
CALL-10155,AGT-129,2026-06-06,Phone,Technical Support,Chicago,8.42,4,Yes,Very Negative
CALL-10156,AGT-128,2026-01-21,Email,Product Inquiry,Chicago,22.7,5,Yes,Positive
CALL-10157,AGT-138,2026-01-15,Chat,Account Access,Los Angeles,14.17,4,Yes,Positive
CALL-10158,AGT-127,2026-03-13,Phone,Billing Issue,New York,1.62,2,Yes,Neutral
CALL-10159,AGT-107,2026-05-11,Chat,Cancellation,New York,16.79,5,Yes,Positive
CALL-10160,AGT-130,2026-01-17,Chat,Cancellation,Los Angeles,6.31,3,Yes,Neutral
CALL-10161,AGT-102,2026-03-29,Phone,Product Inquiry,New York,1.08,1,Yes,Positive
CALL-10162,AGT-131,2026-06-15,Phone,Product Inquiry,New York,13.79,5,Yes,Positive
CALL-10163,AGT-124,2026-02-10,Phone,Billing Issue,Dallas,2.0,4,Yes,Neutral
CALL-10164,AGT-110,2026-06-17,Phone,Cancellation,New York,5.74,2,Yes,Very Positive
CALL-10165,AGT-126,2026-05-30,Phone,Technical Support,Dallas,8.68,5,Yes,Neutral
CALL-10166,AGT-111,2026-03-02,Chat,Billing Issue,Dallas,7.23,4,Yes,Very Negative
CALL-10167,AGT-108,2026-06-27,Chat,Cancellation,Dallas,7.16,4,Yes,Neutral
CALL-10168,AGT-106,2026-02-27,Chat,Account Access,Chicago,5.86,4,Yes,Very Positive
CALL-10169,AGT-123,2026-01-12,Phone,Product Inquiry,Chicago,2.6100000000000003,5,Yes,Very Positive
CALL-10170,AGT-132,2026-02-20,Phone,Technical Support,Chicago,2.69,5,No,Neutral
CALL-10171,AGT-110,2026-02-04,Phone,Billing Issue,Chicago,5.04,5,Yes,Neutral
CALL-10172,AGT-120,2026-02-06,Phone,Cancellation,Dallas,29.56,1,No,Neutral
CALL-10173,AGT-136,2026-04-27,Phone,Cancellation,Dallas,6.92,5,Yes,Very Negative
CALL-10174,AGT-112,2026-05-11,Chat,Product Inquiry,Chicago,2.75,5,Yes,Neutral
CALL-10175,AGT-114,2026-03-19,Chat,Product Inquiry,New York,1.47,4,Yes,Positive
CALL-10176,AGT-114,2026-03-25,Chat,Billing Issue,Chicago,3.43,3,No,Very Positive
CALL-10177,AGT-101,2026-06-17,Chat,Cancellation,New York,2.76,3,No,Positive
CALL-10178,AGT-116,2026-04-03,Phone,Billing Issue,New York,4.88,4,No,Positive
CALL-10179,AGT-120,2026-01-28,Phone,Product Inquiry,Chicago,8.09,4,No,Negative
CALL-10180,AGT-128,2026-04-21,Email,Cancellation,Chicago,1.77,3,Yes,Neutral
CALL-10181,AGT-120,2026-01-26,Phone,Account Access,Dallas,2.29,2,Yes,Neutral
CALL-10182,AGT-112,2026-01-20,Email,Account Access,Chicago,1.11,3,No,Neutral
CALL-10183,AGT-123,2026-06-21,Chat,Product Inquiry,Los Angeles,8.93,3,Yes,Very Negative
CALL-10184,AGT-101,2026-01-08,Phone,Product Inquiry,Chicago,2.27,4,No,Very Negative
CALL-10185,AGT-110,2026-06-07,Phone,Billing Issue,Dallas,14.21,4,Yes,Very Negative
CALL-10186,AGT-104,2026-02-02,Chat,Product Inquiry,Los Angeles,7.85,2,Yes,Very Negative
CALL-10187,AGT-106,2026-03-04,Email,Billing Issue,New York,14.3,5,Yes,Neutral
CALL-10188,AGT-104,2026-04-08,Phone,Cancellation,Dallas,4.75,5,No,Positive
CALL-10189,AGT-111,2026-05-09,Phone,Billing Issue,New York,3.55,3,Yes,Neutral
CALL-10190,AGT-129,2026-06-10,Phone,Billing Issue,Chicago,2.6799999999999997,1,Yes,Neutral
CALL-10191,AGT-110,2026-06-23,Chat,Product Inquiry,Dallas,20.67,5,No,Negative
CALL-10192,AGT-125,2026-01-12,Phone,Product Inquiry,Chicago,5.96,4,Yes,Negative
CALL-10193,AGT-121,2026-05-31,Phone,Product Inquiry,Los Angeles,21.11,4,Yes,Very Positive
CALL-10194,AGT-113,2026-01-19,Phone,Product Inquiry,Los Angeles,2.9299999999999997,3,Yes,Negative
CALL-10195,AGT-135,2026-05-16,Phone,Cancellation,Dallas,9.19,3,Yes,Very Positive
CALL-10196,AGT-111,2026-01-07,Chat,Technical Support,Chicago,5.84,4,Yes,Neutral
CALL-10197,AGT-136,2026-03-25,Phone,Billing Issue,Los Angeles,1.29,4,No,Neutral
CALL-10198,AGT-121,2026-05-17,Chat,Technical Support,Los Angeles,4.4399999999999995,5,No,Positive
CALL-10199,AGT-126,2026-04-01,Chat,Technical Support,Los Angeles,12.24,4,Yes,Very Positive
CALL-10200,AGT-136,2026-03-10,Phone,Account Access,Los Angeles,13.91,3,Yes,Very Positive
CALL-10201,AGT-115,2026-06-12,Chat,Account Access,Dallas,2.9299999999999997,4,Yes,Very Positive
CALL-10202,AGT-135,2026-01-07,Chat,Account Access,Dallas,4.63,4,Yes,Very Negative
CALL-10203,AGT-119,2026-03-09,Chat,Technical Support,Los Angeles,3.08,1,Yes,Negative
CALL-10204,AGT-103,2026-03-14,Phone,Account Access,Dallas,3.85,1,Yes,Very Positive
CALL-10205,AGT-105,2026-06-21,Phone,Product Inquiry,Los Angeles,14.79,4,Yes,Positive
CALL-10206,AGT-103,2026-03-27,Chat,Cancellation,Dallas,3.93,5,Yes,Positive
CALL-10207,AGT-122,2026-02-13,Phone,Product Inquiry,New York,7.55,5,Yes,Positive
CALL-10208,AGT-130,2026-05-01,Email,Cancellation,New York,3.33,5,Yes,Positive
CALL-10209,AGT-123,2026-04-02,Email,Product Inquiry,Los Angeles,18.01,4,No,Neutral
CALL-10210,AGT-106,2026-05-30,Phone,Billing Issue,New York,12.37,5,Yes,Very Positive
CALL-10211,AGT-133,2026-05-31,Phone,Technical Support,New York,1.6,5,Yes,Positive
CALL-10212,AGT-123,2026-06-03,Chat,Account Access,Dallas,5.47,5,No,Positive
CALL-10213,AGT-138,2026-03-23,Chat,Technical Support,Dallas,9.31,2,Yes,Negative
CALL-10214,AGT-115,2026-05-29,Phone,Account Access,Dallas,2.65,5,Yes,Very Negative
CALL-10215,AGT-102,2026-01-25,Phone,Billing Issue,Los Angeles,7.06,2,No,Negative
CALL-10216,AGT-103,2026-06-18,Email,Product Inquiry,New York,1.8399999999999999,4,Yes,Positive
CALL-10217,AGT-112,2026-02-01,Phone,Cancellation,New York,18.91,5,Yes,Negative
CALL-10218,AGT-132,2026-04-03,Phone,Technical Support,Los Angeles,3.95,3,Yes,Very Positive
CALL-10219,AGT-125,2026-05-10,Phone,Technical Support,New York,7.28,3,Yes,Very Positive
CALL-10220,AGT-121,2026-03-14,Chat,Account Access,Chicago,8.66,1,Yes,Very Negative
CALL-10221,AGT-117,2026-04-11,Chat,Cancellation,New York,7.36,4,Yes,Very Positive
CALL-10222,AGT-135,2026-01-07,Chat,Product Inquiry,New York,10.53,1,Yes,Positive
CALL-10223,AGT-138,2026-03-20,Chat,Technical Support,Los Angeles,5.98,3,Yes,Positive
CALL-10224,AGT-121,2026-03-23,Phone,Cancellation,New York,1.76,4,Yes,Negative
CALL-10225,AGT-126,2026-02-03,Phone,Cancellation,Dallas,5.2,3,Yes,Positive
CALL-10226,AGT-121,2026-02-11,Email,Billing Issue,Los Angeles,11.05,3,Yes,Positive
CALL-10227,AGT-129,2026-04-07,Email,Technical Support,Los Angeles,16.08,4,Yes,Neutral
CALL-10228,AGT-122,2026-06-26,Chat,Cancellation,Chicago,5.75,2,Yes,Neutral
CALL-10229,AGT-137,2026-01-08,Phone,Billing Issue,Chicago,9.19,1,Yes,Very Positive
CALL-10230,AGT-105,2026-05-28,Chat,Technical Support,Chicago,3.29,3,Yes,Neutral
CALL-10231,AGT-128,2026-02-20,Phone,Product Inquiry,New York,8.02,5,Yes,Very Positive
CALL-10232,AGT-132,2026-04-22,Email,Billing Issue,New York,4.13,3,Yes,Neutral
CALL-10233,AGT-114,2026-04-15,Chat,Technical Support,Chicago,1.28,5,Yes,Positive
CALL-10234,AGT-102,2026-04-28,Phone,Cancellation,Dallas,1.8900000000000001,3,No,Positive
CALL-10235,AGT-125,2026-02-28,Chat,Technical Support,New York,2.16,3,No,Neutral
CALL-10236,AGT-121,2026-05-02,Email,Billing Issue,Los Angeles,17.33,3,Yes,Positive
CALL-10237,AGT-108,2026-02-15,Chat,Cancellation,Los Angeles,2.27,4,No,Very Negative
CALL-10238,AGT-129,2026-01-13,Phone,Product Inquiry,New York,9.41,5,Yes,Neutral
CALL-10239,AGT-124,2026-02-13,Chat,Account Access,New York,6.8,4,Yes,Neutral
CALL-10240,AGT-129,2026-01-30,Email,Billing Issue,Los Angeles,4.7,2,Yes,Negative
CALL-10241,AGT-105,2026-01-03,Email,Account Access,Los Angeles,14.77,4,Yes,Neutral
CALL-10242,AGT-139,2026-06-04,Chat,Product Inquiry,New York,6.25,1,Yes,Very Positive
CALL-10243,AGT-117,2026-01-14,Chat,Product Inquiry,New York,8.370000000000001,5,No,Positive
CALL-10244,AGT-119,2026-04-11,Phone,Product Inquiry,Los Angeles,9.32,5,Yes,Positive
CALL-10245,AGT-121,2026-02-23,Chat,Product Inquiry,Dallas,7.28,3,Yes,Very Positive
CALL-10246,AGT-107,2026-01-04,Chat,Account Access,Los Angeles,1.71,3,Yes,Very Positive
CALL-10247,AGT-124,2026-06-11,Chat,Account Access,Chicago,1.15,3,Yes,Very Positive
CALL-10248,AGT-124,2026-04-19,Chat,Technical Support,Dallas,2.5300000000000002,5,Yes,Positive
CALL-10249,AGT-130,2026-04-23,Phone,Technical Support,Chicago,2.62,4,Yes,Very Negative
CALL-10250,AGT-133,2026-05-25,Chat,Cancellation,Los Angeles,2.2800000000000002,4,No,Neutral
CALL-10251,AGT-139,2026-05-17,Email,Product Inquiry,New York,6.42,5,Yes,Neutral
CALL-10252,AGT-130,2026-04-28,Phone,Billing Issue,Chicago,3.31,5,Yes,Positive
CALL-10253,AGT-105,2026-04-03,Phone,Cancellation,New York,4.71,5,Yes,Neutral
CALL-10254,AGT-139,2026-02-08,Phone,Billing Issue,Los Angeles,9.5,5,Yes,Neutral
CALL-10255,AGT-131,2026-03-25,Chat,Cancellation,New York,1.46,1,Yes,Positive
CALL-10256,AGT-135,2026-01-14,Phone,Technical Support,New York,10.75,1,Yes,Very Positive
CALL-10257,AGT-120,2026-03-23,Email,Billing Issue,New York,5.94,4,Yes,Negative
CALL-10258,AGT-118,2026-06-09,Chat,Cancellation,Los Angeles,6.34,5,Yes,Positive
CALL-10259,AGT-114,2026-02-26,Phone,Product Inquiry,Dallas,2.02,4,Yes,Positive
CALL-10260,AGT-125,2026-03-26,Chat,Billing Issue,New York,1.79,2,Yes,Positive
CALL-10261,AGT-107,2026-03-27,Chat,Billing Issue,Los Angeles,1.79,5,Yes,Very Positive
CALL-10262,AGT-122,2026-06-26,Chat,Technical Support,New York,4.640000000000001,2,Yes,Positive
CALL-10263,AGT-110,2026-04-08,Email,Account Access,New York,9.99,3,Yes,Very Positive
CALL-10264,AGT-110,2026-04-09,Phone,Billing Issue,Los Angeles,3.7,5,Yes,Negative
CALL-10265,AGT-122,2026-05-23,Phone,Product Inquiry,Chicago,14.76,5,Yes,Positive
CALL-10266,AGT-128,2026-01-26,Chat,Technical Support,New York,1.6400000000000001,3,Yes,Positive
CALL-10267,AGT-135,2026-01-06,Phone,Billing Issue,Chicago,4.109999999999999,5,No,Positive
CALL-10268,AGT-110,2026-01-08,Phone,Cancellation,New York,6.6,4,Yes,Positive
CALL-10269,AGT-118,2026-02-11,Phone,Cancellation,Dallas,3.48,5,No,Positive
CALL-10270,AGT-138,2026-06-10,Chat,Product Inquiry,Los Angeles,7.9,2,Yes,Neutral
CALL-10271,AGT-119,2026-02-01,Phone,Account Access,Dallas,3.5,5,Yes,Very Positive
CALL-10272,AGT-130,2026-01-13,Phone,Cancellation,Dallas,26.36,4,Yes,Neutral
CALL-10273,AGT-103,2026-04-07,Phone,Cancellation,Dallas,2.5300000000000002,3,No,Positive
CALL-10274,AGT-109,2026-04-26,Email,Account Access,Los Angeles,3.45,4,No,Positive
CALL-10275,AGT-121,2026-05-11,Email,Technical Support,Los Angeles,9.09,5,Yes,Positive
CALL-10276,AGT-134,2026-02-10,Chat,Technical Support,Dallas,7.18,4,Yes,Neutral
CALL-10277,AGT-111,2026-04-04,Email,Account Access,New York,1.88,4,Yes,Neutral
CALL-10278,AGT-128,2026-02-16,Phone,Billing Issue,Los Angeles,2.6799999999999997,5,Yes,Neutral
CALL-10279,AGT-104,2026-06-02,Phone,Product Inquiry,Chicago,10.36,4,Yes,Very Negative
CALL-10280,AGT-117,2026-02-08,Email,Cancellation,New York,15.89,4,No,Very Positive
CALL-10281,AGT-127,2026-04-08,Phone,Cancellation,New York,6.14,3,No,Very Positive
CALL-10282,AGT-120,2026-04-23,Phone,Technical Support,Dallas,3.14,5,Yes,Very Negative
CALL-10283,AGT-119,2026-01-28,Phone,Billing Issue,Chicago,7.43,4,Yes,Positive
CALL-10284,AGT-138,2026-03-02,Phone,Billing Issue,Dallas,1.31,4,Yes,Negative
CALL-10285,AGT-135,2026-03-19,Chat,Cancellation,Chicago,16.16,5,Yes,Neutral
CALL-10286,AGT-116,2026-03-03,Chat,Cancellation,Chicago,3.03,5,Yes,Neutral
CALL-10287,AGT-120,2026-04-11,Chat,Billing Issue,New York,1.6400000000000001,5,Yes,Negative
CALL-10288,AGT-124,2026-03-06,Phone,Cancellation,Dallas,4.71,5,Yes,Negative
CALL-10289,AGT-129,2026-05-30,Chat,Account Access,Dallas,6.82,4,Yes,Neutral
CALL-10290,AGT-128,2026-01-04,Phone,Product Inquiry,Chicago,7.87,5,Yes,Neutral
CALL-10291,AGT-101,2026-03-13,Chat,Billing Issue,Dallas,3.92,4,Yes,Very Positive
CALL-10292,AGT-101,2026-04-03,Phone,Account Access,Los Angeles,5.12,4,Yes,Neutral
CALL-10293,AGT-138,2026-02-18,Phone,Account Access,Los Angeles,1.74,3,Yes,Neutral
CALL-10294,AGT-109,2026-03-29,Phone,Billing Issue,New York,1.79,3,Yes,Negative
CALL-10295,AGT-113,2026-01-11,Phone,Account Access,New York,18.23,2,Yes,Neutral
CALL-10296,AGT-108,2026-04-19,Chat,Billing Issue,New York,9.24,5,Yes,Negative
CALL-10297,AGT-123,2026-06-07,Phone,Billing Issue,Chicago,14.34,3,Yes,Negative
CALL-10298,AGT-136,2026-03-23,Phone,Cancellation,Los Angeles,10.04,1,Yes,Positive
CALL-10299,AGT-139,2026-01-02,Chat,Billing Issue,Dallas,3.92,4,Yes,Neutral
CALL-10300,AGT-109,2026-05-01,Phone,Account Access,Los Angeles,7.6,4,Yes,Negative
CALL-10301,AGT-130,2026-02-09,Email,Billing Issue,Dallas,5.94,4,Yes,Positive
CALL-10302,AGT-137,2026-03-03,Chat,Billing Issue,Chicago,12.03,1,Yes,Negative
CALL-10303,AGT-136,2026-04-09,Phone,Billing Issue,New York,13.86,4,Yes,Positive
CALL-10304,AGT-103,2026-06-05,Chat,Billing Issue,Chicago,1.6800000000000002,5,Yes,Positive
CALL-10305,AGT-136,2026-05-04,Chat,Technical Support,Los Angeles,2.1799999999999997,4,Yes,Negative
CALL-10306,AGT-120,2026-01-19,Phone,Cancellation,Dallas,7.59,3,Yes,Positive
CALL-10307,AGT-138,2026-03-05,Chat,Technical Support,Los Angeles,2.6,5,Yes,Neutral
CALL-10308,AGT-105,2026-06-07,Phone,Account Access,Chicago,22.61,3,Yes,Very Positive
CALL-10309,AGT-127,2026-02-20,Phone,Account Access,New York,4.99,3,No,Very Positive
CALL-10310,AGT-137,2026-02-04,Email,Cancellation,Dallas,12.39,5,Yes,Very Negative
CALL-10311,AGT-117,2026-04-19,Email,Cancellation,New York,2.09,4,Yes,Negative
CALL-10312,AGT-123,2026-06-28,Phone,Technical Support,Los Angeles,9.02,2,Yes,Neutral
CALL-10313,AGT-121,2026-02-13,Email,Cancellation,Chicago,2.17,4,No,Very Positive
CALL-10314,AGT-134,2026-05-19,Phone,Product Inquiry,New York,9.62,3,Yes,Negative
CALL-10315,AGT-119,2026-06-14,Chat,Cancellation,New York,5.2,4,Yes,Very Negative
CALL-10316,AGT-134,2026-01-11,Phone,Cancellation,Dallas,1.9100000000000001,5,Yes,Negative
CALL-10317,AGT-120,2026-06-18,Email,Cancellation,Dallas,2.05,4,No,Positive
CALL-10318,AGT-132,2026-03-11,Chat,Technical Support,Los Angeles,3.19,3,Yes,Positive
CALL-10319,AGT-111,2026-06-28,Email,Account Access,Dallas,4.8100000000000005,4,Yes,Negative
CALL-10320,AGT-135,2026-02-17,Email,Cancellation,New York,4.76,5,No,Very Positive
CALL-10321,AGT-138,2026-03-08,Phone,Product Inquiry,Chicago,7.4,5,Yes,Positive
CALL-10322,AGT-129,2026-06-20,Email,Technical Support,Dallas,7.51,4,Yes,Positive
CALL-10323,AGT-135,2026-01-30,Email,Account Access,Chicago,2.46,5,Yes,Very Positive
CALL-10324,AGT-103,2026-03-06,Phone,Product Inquiry,New York,1.46,1,No,Negative
CALL-10325,AGT-109,2026-05-07,Email,Account Access,Dallas,1.72,3,Yes,Positive
CALL-10326,AGT-104,2026-06-07,Phone,Account Access,Chicago,6.18,4,Yes,Neutral
CALL-10327,AGT-119,2026-05-03,Email,Technical Support,Los Angeles,1.78,5,Yes,Positive
CALL-10328,AGT-102,2026-01-13,Chat,Cancellation,Dallas,3.14,5,No,Positive
CALL-10329,AGT-127,2026-04-28,Phone,Product Inquiry,Chicago,2.67,4,No,Neutral
CALL-10330,AGT-119,2026-02-26,Chat,Billing Issue,Chicago,5.55,4,Yes,Neutral
CALL-10331,AGT-120,2026-06-09,Chat,Technical Support,Los Angeles,2.74,3,Yes,Neutral
CALL-10332,AGT-104,2026-02-28,Chat,Technical Support,Los Angeles,5.46,3,Yes,Neutral
CALL-10333,AGT-111,2026-04-15,Chat,Billing Issue,Chicago,2.3600000000000003,5,Yes,Neutral
CALL-10334,AGT-117,2026-03-28,Chat,Billing Issue,Dallas,2.84,4,Yes,Very Positive
CALL-10335,AGT-101,2026-04-17,Phone,Account Access,Dallas,3.44,5,No,Positive
CALL-10336,AGT-106,2026-04-22,Email,Account Access,New York,1.8,1,Yes,Very Negative
CALL-10337,AGT-125,2026-04-30,Chat,Product Inquiry,New York,14.54,2,Yes,Very Positive
CALL-10338,AGT-104,2026-06-24,Email,Billing Issue,New York,5.19,4,No,Very Positive
CALL-10339,AGT-139,2026-01-28,Email,Account Access,Chicago,1.76,4,Yes,Very Positive
CALL-10340,AGT-107,2026-01-13,Phone,Product Inquiry,Los Angeles,13.35,3,Yes,Positive
CALL-10341,AGT-122,2026-04-10,Chat,Product Inquiry,New York,3.27,2,Yes,Neutral
CALL-10342,AGT-128,2026-03-11,Chat,Product Inquiry,Los Angeles,9.12,2,No,Positive
CALL-10343,AGT-135,2026-01-13,Phone,Technical Support,New York,3.02,5,Yes,Positive
CALL-10344,AGT-124,2026-01-02,Phone,Cancellation,Dallas,4.470000000000001,4,Yes,Neutral
CALL-10345,AGT-124,2026-01-29,Phone,Cancellation,Dallas,5.76,4,Yes,Negative
CALL-10346,AGT-117,2026-04-14,Phone,Cancellation,Chicago,6.57,1,Yes,Positive
CALL-10347,AGT-137,2026-05-14,Phone,Product Inquiry,New York,10.64,4,Yes,Positive
CALL-10348,AGT-116,2026-02-12,Chat,Product Inquiry,Chicago,14.74,4,Yes,Negative
CALL-10349,AGT-123,2026-02-14,Phone,Cancellation,Los Angeles,1.44,3,Yes,Positive
CALL-10350,AGT-115,2026-05-04,Phone,Technical Support,Los Angeles,21.57,5,Yes,Very Negative
CALL-10351,AGT-111,2026-05-23,Chat,Billing Issue,New York,2.66,2,Yes,Neutral
CALL-10352,AGT-110,2026-02-14,Phone,Product Inquiry,New York,5.87,5,Yes,Neutral
CALL-10353,AGT-101,2026-02-18,Email,Cancellation,New York,15.36,4,Yes,Very Positive
CALL-10354,AGT-105,2026-03-25,Chat,Account Access,Los Angeles,1.94,5,Yes,Positive
CALL-10355,AGT-121,2026-02-15,Phone,Technical Support,Dallas,6.14,4,Yes,Very Positive
CALL-10356,AGT-129,2026-01-08,Phone,Account Access,Los Angeles,13.06,5,Yes,Negative
CALL-10357,AGT-128,2026-03-11,Phone,Cancellation,Chicago,5.48,4,No,Neutral
CALL-10358,AGT-112,2026-05-19,Phone,Technical Support,Chicago,2.26,3,Yes,Very Positive
CALL-10359,AGT-129,2026-02-28,Phone,Billing Issue,Chicago,4.27,5,No,Positive
CALL-10360,AGT-108,2026-04-06,Phone,Billing Issue,Chicago,8.14,2,Yes,Negative
CALL-10361,AGT-122,2026-02-13,Phone,Technical Support,Los Angeles,3.87,5,Yes,Neutral
CALL-10362,AGT-124,2026-06-19,Phone,Technical Support,Chicago,9.48,2,Yes,Very Positive
CALL-10363,AGT-103,2026-04-18,Chat,Technical Support,Los Angeles,3.22,3,No,Very Negative
CALL-10364,AGT-132,2026-03-30,Chat,Billing Issue,Chicago,4.24,5,No,Very Negative
CALL-10365,AGT-127,2026-03-31,Phone,Technical Support,New York,2.88,4,Yes,Neutral
CALL-10366,AGT-101,2026-02-27,Email,Cancellation,Los Angeles,1.18,5,Yes,Positive
CALL-10367,AGT-101,2026-05-25,Phone,Product Inquiry,New York,20.53,4,Yes,Neutral
CALL-10368,AGT-135,2026-03-17,Chat,Account Access,New York,3.83,5,No,Negative
CALL-10369,AGT-121,2026-05-12,Email,Cancellation,Chicago,6.11,3,Yes,Positive
CALL-10370,AGT-139,2026-02-15,Phone,Billing Issue,Chicago,1.46,5,Yes,Positive
CALL-10371,AGT-124,2026-01-27,Email,Product Inquiry,Los Angeles,8.690000000000001,5,Yes,Very Positive
CALL-10372,AGT-123,2026-04-26,Phone,Product Inquiry,Chicago,1.8900000000000001,5,Yes,Positive
CALL-10373,AGT-106,2026-04-11,Chat,Product Inquiry,New York,4.74,5,Yes,Very Positive
CALL-10374,AGT-112,2026-02-07,Chat,Cancellation,Chicago,4.5,5,Yes,Negative
CALL-10375,AGT-137,2026-01-25,Phone,Account Access,Dallas,1.87,3,No,Positive
CALL-10376,AGT-116,2026-01-22,Phone,Product Inquiry,Los Angeles,8.030000000000001,1,Yes,Neutral
CALL-10377,AGT-134,2026-01-09,Phone,Technical Support,Dallas,3.0,4,Yes,Neutral
CALL-10378,AGT-121,2026-04-11,Phone,Billing Issue,Chicago,5.62,3,No,Negative
CALL-10379,AGT-115,2026-04-06,Phone,Billing Issue,Chicago,8.71,4,No,Positive
CALL-10380,AGT-129,2026-03-14,Phone,Cancellation,Los Angeles,2.1100000000000003,2,Yes,Neutral
CALL-10381,AGT-101,2026-03-22,Phone,Cancellation,Los Angeles,4.18,5,Yes,Negative
CALL-10382,AGT-135,2026-03-19,Chat,Technical Support,New York,1.67,4,Yes,Neutral
CALL-10383,AGT-133,2026-06-26,Chat,Product Inquiry,New York,3.4,4,Yes,Very Negative
CALL-10384,AGT-135,2026-05-27,Phone,Account Access,Chicago,14.03,2,Yes,Positive
CALL-10385,AGT-122,2026-04-25,Chat,Account Access,Dallas,12.63,5,Yes,Neutral
CALL-10386,AGT-133,2026-04-23,Phone,Product Inquiry,Chicago,2.38,4,No,Positive
CALL-10387,AGT-128,2026-03-19,Chat,Account Access,New York,3.19,4,Yes,Positive
CALL-10388,AGT-102,2026-02-16,Phone,Billing Issue,New York,10.99,4,Yes,Negative
CALL-10389,AGT-129,2026-05-28,Phone,Technical Support,Chicago,4.68,5,Yes,Neutral
CALL-10390,AGT-117,2026-03-07,Email,Product Inquiry,Los Angeles,4.359999999999999,4,Yes,Positive
CALL-10391,AGT-127,2026-06-26,Phone,Account Access,Chicago,2.49,4,Yes,Positive
CALL-10392,AGT-110,2026-06-15,Email,Account Access,Chicago,1.52,1,No,Positive
CALL-10393,AGT-120,2026-04-18,Phone,Account Access,Chicago,6.24,4,Yes,Positive
CALL-10394,AGT-127,2026-01-10,Phone,Billing Issue,Chicago,3.06,4,No,Very Negative
CALL-10395,AGT-126,2026-01-10,Chat,Account Access,Dallas,19.19,1,Yes,Neutral
CALL-10396,AGT-130,2026-01-25,Phone,Billing Issue,New York,4.17,5,Yes,Very Negative
CALL-10397,AGT-110,2026-06-13,Chat,Technical Support,Los Angeles,8.25,5,Yes,Very Positive
CALL-10398,AGT-135,2026-03-26,Email,Cancellation,Chicago,2.95,4,Yes,Very Positive
CALL-10399,AGT-128,2026-01-17,Chat,Billing Issue,Dallas,8.84,3,Yes,Negative
CALL-10400,AGT-132,2026-06-29,Phone,Billing Issue,New York,1.1,1,No,Positive
CALL-10401,AGT-103,2026-03-03,Chat,Account Access,Los Angeles,1.55,5,No,Negative
CALL-10402,AGT-119,2026-06-13,Email,Product Inquiry,Los Angeles,2.45,4,Yes,Neutral
CALL-10403,AGT-108,2026-06-28,Chat,Billing Issue,New York,2.5,5,Yes,Negative
CALL-10404,AGT-133,2026-02-06,Chat,Account Access,New York,4.4399999999999995,5,Yes,Negative
CALL-10405,AGT-136,2026-04-24,Chat,Product Inquiry,Chicago,1.43,5,Yes,Positive
CALL-10406,AGT-113,2026-01-04,Chat,Product Inquiry,Chicago,5.39,5,Yes,Negative
CALL-10407,AGT-114,2026-06-15,Chat,Billing Issue,Dallas,2.13,2,Yes,Very Positive
CALL-10408,AGT-121,2026-04-19,Email,Account Access,Chicago,11.65,1,No,Positive
CALL-10409,AGT-123,2026-06-02,Phone,Technical Support,Los Angeles,14.39,5,Yes,Negative
CALL-10410,AGT-105,2026-02-05,Chat,Billing Issue,Dallas,3.06,3,Yes,Very Negative
CALL-10411,AGT-106,2026-04-19,Chat,Billing Issue,Dallas,11.28,5,Yes,Positive
CALL-10412,AGT-130,2026-02-26,Phone,Billing Issue,New York,5.0,4,Yes,Positive
CALL-10413,AGT-123,2026-02-14,Phone,Product Inquiry,Dallas,5.93,5,Yes,Neutral
CALL-10414,AGT-130,2026-05-06,Phone,Technical Support,Chicago,2.8,3,Yes,Positive
CALL-10415,AGT-109,2026-01-28,Phone,Account Access,Dallas,2.6100000000000003,5,Yes,Neutral
CALL-10416,AGT-133,2026-01-19,Chat,Technical Support,New York,2.48,3,Yes,Neutral
CALL-10417,AGT-129,2026-06-25,Email,Billing Issue,New York,1.81,3,Yes,Neutral
CALL-10418,AGT-107,2026-01-13,Phone,Billing Issue,Chicago,2.49,4,Yes,Very Positive
CALL-10419,AGT-117,2026-06-20,Phone,Product Inquiry,Chicago,6.35,4,Yes,Positive
CALL-10420,AGT-125,2026-02-23,Chat,Billing Issue,New York,12.2,5,Yes,Positive
CALL-10421,AGT-107,2026-06-06,Phone,Technical Support,New York,14.92,4,Yes,Positive
CALL-10422,AGT-118,2026-06-28,Phone,Technical Support,Los Angeles,1.28,4,Yes,Neutral
CALL-10423,AGT-115,2026-04-26,Chat,Product Inquiry,Dallas,4.0600000000000005,5,Yes,Very Negative
CALL-10424,AGT-129,2026-03-08,Phone,Account Access,Chicago,4.0,4,Yes,Neutral
CALL-10425,AGT-132,2026-04-01,Phone,Technical Support,Dallas,13.01,3,Yes,Very Positive
CALL-10426,AGT-115,2026-02-17,Phone,Billing Issue,Dallas,6.16,4,Yes,Neutral
CALL-10427,AGT-117,2026-04-09,Chat,Cancellation,New York,4.18,4,Yes,Positive
CALL-10428,AGT-117,2026-05-24,Chat,Account Access,New York,7.9,5,Yes,Neutral
CALL-10429,AGT-112,2026-06-19,Phone,Account Access,Dallas,4.17,4,Yes,Neutral
CALL-10430,AGT-102,2026-04-04,Email,Technical Support,Los Angeles,9.9,4,Yes,Very Positive
CALL-10431,AGT-126,2026-01-23,Chat,Billing Issue,Los Angeles,6.18,4,Yes,Neutral
CALL-10432,AGT-101,2026-06-22,Email,Product Inquiry,Dallas,3.12,4,No,Very Positive
CALL-10433,AGT-115,2026-05-12,Phone,Cancellation,Dallas,8.8,3,Yes,Very Positive
CALL-10434,AGT-122,2026-03-11,Phone,Account Access,Chicago,6.3,1,Yes,Positive
CALL-10435,AGT-129,2026-04-14,Chat,Technical Support,Dallas,9.96,5,Yes,Very Negative
CALL-10436,AGT-127,2026-01-20,Email,Product Inquiry,Chicago,11.51,4,Yes,Positive
CALL-10437,AGT-131,2026-05-23,Phone,Product Inquiry,New York,22.11,5,No,Positive
CALL-10438,AGT-130,2026-02-17,Phone,Technical Support,New York,10.34,1,No,Neutral
CALL-10439,AGT-135,2026-01-03,Chat,Product Inquiry,New York,6.75,4,No,Negative
CALL-10440,AGT-102,2026-03-15,Phone,Billing Issue,Los Angeles,6.48,5,Yes,Positive
CALL-10441,AGT-128,2026-02-28,Phone,Product Inquiry,Los Angeles,5.43,5,Yes,Very Negative
CALL-10442,AGT-114,2026-02-01,Phone,Technical Support,Chicago,8.36,3,No,Very Positive
CALL-10443,AGT-105,2026-03-28,Chat,Billing Issue,New York,1.47,4,Yes,Negative
CALL-10444,AGT-101,2026-05-23,Phone,Technical Support,Chicago,4.92,5,Yes,Neutral
CALL-10445,AGT-133,2026-04-29,Phone,Cancellation,Los Angeles,11.55,5,Yes,Positive
CALL-10446,AGT-130,2026-01-13,Phone,Product Inquiry,New York,3.11,5,Yes,Neutral
CALL-10447,AGT-122,2026-05-28,Phone,Technical Support,Dallas,17.07,4,Yes,Neutral
CALL-10448,AGT-107,2026-02-14,Email,Account Access,New York,11.46,5,Yes,Positive
CALL-10449,AGT-137,2026-04-29,Chat,Product Inquiry,Dallas,1.8900000000000001,3,Yes,Positive
CALL-10450,AGT-117,2026-03-05,Email,Product Inquiry,Chicago,6.22,5,Yes,Very Positive
CALL-10451,AGT-120,2026-02-19,Phone,Technical Support,Los Angeles,2.19,2,No,Negative
CALL-10452,AGT-108,2026-02-09,Phone,Account Access,Dallas,7.47,3,Yes,Negative
CALL-10453,AGT-128,2026-02-18,Phone,Product Inquiry,Los Angeles,25.08,2,No,Negative
CALL-10454,AGT-138,2026-05-07,Email,Technical Support,Chicago,3.34,4,Yes,Very Positive
CALL-10455,AGT-138,2026-01-10,Chat,Account Access,Los Angeles,3.08,4,Yes,Positive
CALL-10456,AGT-131,2026-02-26,Chat,Product Inquiry,Los Angeles,3.94,2,Yes,Neutral
CALL-10457,AGT-112,2026-06-17,Chat,Technical Support,Chicago,1.3,2,Yes,Negative
CALL-10458,AGT-120,2026-03-23,Phone,Billing Issue,Chicago,6.33,4,Yes,Very Positive
CALL-10459,AGT-118,2026-05-24,Phone,Cancellation,Chicago,10.34,2,Yes,Very Negative
CALL-10460,AGT-137,2026-05-14,Chat,Billing Issue,Los Angeles,5.37,4,Yes,Neutral
CALL-10461,AGT-125,2026-03-18,Chat,Cancellation,New York,3.12,3,Yes,Negative
CALL-10462,AGT-122,2026-04-06,Email,Billing Issue,Dallas,4.05,5,Yes,Very Positive
CALL-10463,AGT-131,2026-04-03,Chat,Cancellation,New York,1.17,3,Yes,Neutral
CALL-10464,AGT-122,2026-05-12,Phone,Technical Support,Dallas,1.3599999999999999,3,Yes,Positive
CALL-10465,AGT-101,2026-05-23,Phone,Technical Support,Los Angeles,17.48,1,Yes,Positive
CALL-10466,AGT-126,2026-04-21,Email,Product Inquiry,New York,10.62,4,Yes,Negative
CALL-10467,AGT-117,2026-01-30,Email,Technical Support,New York,9.0,4,Yes,Negative
CALL-10468,AGT-117,2026-06-17,Phone,Billing Issue,Los Angeles,5.63,4,Yes,Very Positive
CALL-10469,AGT-133,2026-02-26,Phone,Billing Issue,Los Angeles,1.16,4,Yes,Very Positive
CALL-10470,AGT-133,2026-05-16,Phone,Cancellation,New York,7.13,2,Yes,Neutral
CALL-10471,AGT-131,2026-01-17,Phone,Technical Support,New York,13.62,5,No,Positive
CALL-10472,AGT-138,2026-06-14,Chat,Account Access,Dallas,1.6,3,Yes,Positive
CALL-10473,AGT-121,2026-04-25,Phone,Account Access,Chicago,3.01,4,Yes,Positive
CALL-10474,AGT-102,2026-02-07,Email,Account Access,Los Angeles,9.73,3,Yes,Very Negative
CALL-10475,AGT-132,2026-04-15,Phone,Cancellation,Dallas,11.28,3,Yes,Positive
CALL-10476,AGT-128,2026-05-09,Phone,Billing Issue,Chicago,28.23,5,Yes,Very Positive
CALL-10477,AGT-127,2026-05-17,Phone,Cancellation,Chicago,2.06,5,Yes,Neutral
CALL-10478,AGT-124,2026-04-28,Chat,Technical Support,Los Angeles,10.11,4,No,Negative
CALL-10479,AGT-127,2026-04-23,Phone,Cancellation,New York,8.08,4,Yes,Negative
CALL-10480,AGT-120,2026-05-20,Email,Billing Issue,Dallas,2.37,2,Yes,Positive
CALL-10481,AGT-122,2026-04-26,Phone,Technical Support,Dallas,1.96,4,Yes,Neutral
CALL-10482,AGT-105,2026-03-11,Email,Cancellation,Chicago,1.1,4,Yes,Negative
CALL-10483,AGT-123,2026-02-09,Phone,Billing Issue,Los Angeles,1.07,5,Yes,Very Positive
CALL-10484,AGT-137,2026-02-25,Phone,Product Inquiry,New York,1.45,4,Yes,Very Positive
CALL-10485,AGT-130,2026-01-11,Chat,Cancellation,Chicago,2.23,4,Yes,Very Negative
CALL-10486,AGT-128,2026-05-02,Chat,Technical Support,New York,2.7800000000000002,2,Yes,Very Positive
CALL-10487,AGT-101,2026-01-22,Phone,Billing Issue,New York,1.96,4,No,Neutral
CALL-10488,AGT-122,2026-06-15,Email,Billing Issue,New York,6.3,2,No,Positive
CALL-10489,AGT-106,2026-06-12,Phone,Product Inquiry,Chicago,12.28,3,Yes,Positive
CALL-10490,AGT-135,2026-03-01,Phone,Technical Support,New York,4.55,4,No,Positive
CALL-10491,AGT-106,2026-02-28,Chat,Technical Support,Los Angeles,6.37,4,Yes,Positive
CALL-10492,AGT-115,2026-01-19,Chat,Cancellation,Chicago,1.52,3,Yes,Positive
CALL-10493,AGT-124,2026-03-02,Phone,Account Access,Dallas,1.73,3,Yes,Neutral
CALL-10494,AGT-114,2026-06-14,Phone,Cancellation,Los Angeles,2.1100000000000003,5,Yes,Positive
CALL-10495,AGT-128,2026-04-06,Email,Account Access,Dallas,3.48,5,Yes,Positive
CALL-10496,AGT-102,2026-01-08,Phone,Cancellation,Chicago,4.1,3,Yes,Very Positive
CALL-10497,AGT-138,2026-05-26,Phone,Product Inquiry,New York,4.3,4,No,Neutral
CALL-10498,AGT-130,2026-05-14,Email,Product Inquiry,Dallas,1.74,5,Yes,Positive
CALL-10499,AGT-115,2026-06-17,Chat,Billing Issue,New York,16.07,3,No,Neutral
CALL-10500,AGT-111,2026-02-12,Email,Cancellation,Chicago,4.27,4,Yes,Neutral
CALL-10501,AGT-106,2026-02-04,Email,Cancellation,Dallas,10.94,3,No,Very Positive
CALL-10502,AGT-112,2026-03-28,Phone,Technical Support,New York,3.36,2,Yes,Negative
CALL-10503,AGT-105,2026-02-16,Phone,Billing Issue,Los Angeles,1.9100000000000001,4,Yes,Negative
CALL-10504,AGT-130,2026-04-29,Email,Billing Issue,Dallas,2.13,3,Yes,Positive
CALL-10505,AGT-121,2026-05-29,Email,Billing Issue,Los Angeles,3.13,3,Yes,Very Negative
CALL-10506,AGT-111,2026-01-16,Chat,Technical Support,Chicago,1.19,4,Yes,Negative
CALL-10507,AGT-112,2026-03-18,Chat,Technical Support,Dallas,3.09,4,Yes,Very Negative
CALL-10508,AGT-112,2026-05-21,Email,Billing Issue,Chicago,2.65,3,Yes,Very Negative
CALL-10509,AGT-116,2026-02-05,Phone,Product Inquiry,Chicago,14.3,2,Yes,Negative
CALL-10510,AGT-137,2026-01-29,Phone,Cancellation,Chicago,5.91,2,Yes,Negative
CALL-10511,AGT-127,2026-02-24,Phone,Cancellation,New York,3.03,3,Yes,Neutral
CALL-10512,AGT-105,2026-04-10,Chat,Account Access,Chicago,11.55,3,No,Positive
CALL-10513,AGT-136,2026-03-14,Phone,Account Access,Dallas,2.79,4,No,Neutral
CALL-10514,AGT-104,2026-02-19,Phone,Cancellation,Chicago,9.7,3,Yes,Positive
CALL-10515,AGT-134,2026-03-18,Email,Technical Support,Chicago,29.98,5,Yes,Neutral
CALL-10516,AGT-121,2026-06-08,Phone,Product Inquiry,Los Angeles,7.28,4,Yes,Positive
CALL-10517,AGT-117,2026-04-06,Email,Product Inquiry,Chicago,8.59,5,Yes,Negative
CALL-10518,AGT-126,2026-04-21,Email,Billing Issue,New York,5.41,2,Yes,Negative
CALL-10519,AGT-107,2026-05-10,Chat,Cancellation,Los Angeles,1.41,3,Yes,Very Negative
CALL-10520,AGT-103,2026-01-12,Phone,Account Access,New York,19.73,5,Yes,Very Positive
CALL-10521,AGT-120,2026-06-15,Phone,Product Inquiry,Dallas,8.66,3,Yes,Neutral
CALL-10522,AGT-137,2026-01-22,Phone,Technical Support,Chicago,1.78,5,Yes,Neutral
CALL-10523,AGT-112,2026-06-17,Phone,Technical Support,New York,7.34,5,No,Positive
CALL-10524,AGT-102,2026-03-06,Chat,Cancellation,Los Angeles,5.41,4,Yes,Positive
CALL-10525,AGT-115,2026-01-12,Chat,Cancellation,New York,1.16,3,Yes,Negative
CALL-10526,AGT-124,2026-05-22,Email,Technical Support,Los Angeles,2.06,5,No,Neutral
CALL-10527,AGT-116,2026-04-10,Chat,Billing Issue,New York,8.4,5,Yes,Very Positive
CALL-10528,AGT-116,2026-05-29,Chat,Cancellation,Los Angeles,16.15,5,Yes,Very Positive
CALL-10529,AGT-115,2026-02-13,Email,Cancellation,Dallas,3.49,5,Yes,Positive
CALL-10530,AGT-114,2026-03-20,Email,Product Inquiry,Chicago,3.53,4,Yes,Very Positive
CALL-10531,AGT-132,2026-06-17,Email,Cancellation,Chicago,15.89,4,Yes,Positive
CALL-10532,AGT-102,2026-06-22,Email,Account Access,New York,4.21,4,Yes,Very Positive
CALL-10533,AGT-139,2026-02-23,Phone,Product Inquiry,Dallas,14.44,5,Yes,Negative
CALL-10534,AGT-101,2026-03-22,Phone,Cancellation,Dallas,6.83,4,Yes,Neutral
CALL-10535,AGT-105,2026-04-18,Chat,Product Inquiry,Los Angeles,10.1,5,Yes,Neutral
CALL-10536,AGT-113,2026-05-21,Phone,Cancellation,Los Angeles,5.4,5,Yes,Positive
CALL-10537,AGT-108,2026-02-11,Chat,Account Access,Dallas,3.3,3,Yes,Neutral
CALL-10538,AGT-139,2026-06-28,Chat,Account Access,Dallas,3.28,5,Yes,Positive
CALL-10539,AGT-106,2026-06-23,Chat,Billing Issue,Dallas,2.09,5,Yes,Very Positive
CALL-10540,AGT-107,2026-01-11,Email,Cancellation,New York,8.84,5,Yes,Very Negative
CALL-10541,AGT-137,2026-02-15,Chat,Billing Issue,New York,10.46,4,Yes,Neutral
CALL-10542,AGT-111,2026-02-18,Chat,Technical Support,Chicago,4.0,4,Yes,Positive
CALL-10543,AGT-126,2026-06-02,Phone,Account Access,New York,5.58,2,Yes,Very Negative
CALL-10544,AGT-116,2026-06-07,Email,Product Inquiry,Chicago,4.91,5,Yes,Neutral
CALL-10545,AGT-138,2026-03-05,Email,Technical Support,Chicago,7.8,5,Yes,Positive
CALL-10546,AGT-107,2026-05-05,Phone,Account Access,Los Angeles,3.29,2,Yes,Very Positive
CALL-10547,AGT-104,2026-06-20,Chat,Cancellation,New York,1.28,3,Yes,Very Positive
CALL-10548,AGT-124,2026-02-05,Chat,Account Access,Chicago,6.42,5,Yes,Positive
CALL-10549,AGT-116,2026-04-09,Phone,Account Access,Chicago,6.89,2,No,Negative
CALL-10550,AGT-139,2026-05-12,Phone,Account Access,Dallas,7.46,5,Yes,Positive
CALL-10551,AGT-107,2026-01-01,Phone,Technical Support,Chicago,3.56,3,Yes,Negative
CALL-10552,AGT-119,2026-04-11,Phone,Product Inquiry,Dallas,8.25,4,Yes,Very Negative
CALL-10553,AGT-127,2026-06-16,Email,Product Inquiry,Los Angeles,11.95,3,Yes,Positive
CALL-10554,AGT-139,2026-04-27,Phone,Technical Support,Chicago,2.3600000000000003,4,Yes,Very Negative
CALL-10555,AGT-131,2026-05-02,Phone,Account Access,Dallas,3.0,4,Yes,Positive
CALL-10556,AGT-106,2026-06-19,Chat,Billing Issue,New York,4.48,5,Yes,Neutral
CALL-10557,AGT-128,2026-06-28,Chat,Billing Issue,Dallas,2.33,1,Yes,Negative
CALL-10558,AGT-132,2026-03-15,Chat,Technical Support,Chicago,7.38,1,Yes,Neutral
CALL-10559,AGT-129,2026-02-04,Phone,Product Inquiry,New York,5.29,3,No,Very Positive
CALL-10560,AGT-104,2026-06-28,Phone,Product Inquiry,Los Angeles,6.54,4,No,Neutral
CALL-10561,AGT-113,2026-03-12,Phone,Technical Support,New York,16.15,4,Yes,Positive
CALL-10562,AGT-116,2026-04-20,Phone,Billing Issue,New York,18.96,5,Yes,Negative
CALL-10563,AGT-114,2026-06-18,Phone,Account Access,Dallas,8.49,5,Yes,Positive
CALL-10564,AGT-114,2026-01-28,Phone,Cancellation,Chicago,8.21,4,Yes,Positive
CALL-10565,AGT-132,2026-03-09,Phone,Technical Support,Los Angeles,21.41,4,Yes,Positive
CALL-10566,AGT-130,2026-06-22,Phone,Billing Issue,Los Angeles,2.2800000000000002,5,Yes,Neutral
CALL-10567,AGT-112,2026-04-24,Chat,Account Access,Chicago,32.82,3,No,Negative
CALL-10568,AGT-124,2026-02-20,Chat,Account Access,Dallas,11.81,3,Yes,Positive
CALL-10569,AGT-128,2026-05-03,Phone,Billing Issue,New York,8.66,2,Yes,Neutral
CALL-10570,AGT-113,2026-05-06,Chat,Cancellation,Los Angeles,10.52,5,Yes,Neutral
CALL-10571,AGT-122,2026-03-26,Phone,Product Inquiry,New York,4.42,3,Yes,Neutral
CALL-10572,AGT-123,2026-04-06,Phone,Account Access,Dallas,6.57,2,Yes,Neutral
CALL-10573,AGT-118,2026-03-29,Chat,Account Access,Dallas,5.16,1,Yes,Positive
CALL-10574,AGT-131,2026-01-21,Chat,Product Inquiry,New York,4.779999999999999,3,No,Very Positive
CALL-10575,AGT-128,2026-06-18,Phone,Technical Support,Dallas,4.49,5,Yes,Very Positive
CALL-10576,AGT-111,2026-05-22,Phone,Account Access,Chicago,6.54,1,Yes,Neutral
CALL-10577,AGT-124,2026-02-04,Email,Cancellation,New York,1.15,5,Yes,Negative
CALL-10578,AGT-134,2026-05-27,Email,Billing Issue,Los Angeles,3.28,3,Yes,Very Positive
CALL-10579,AGT-116,2026-04-14,Phone,Technical Support,New York,6.26,4,Yes,Neutral
CALL-10580,AGT-139,2026-01-31,Phone,Billing Issue,Los Angeles,6.62,1,Yes,Neutral
CALL-10581,AGT-104,2026-06-17,Chat,Billing Issue,Dallas,18.55,1,Yes,Negative
CALL-10582,AGT-105,2026-01-20,Email,Technical Support,New York,18.45,5,Yes,Positive
CALL-10583,AGT-108,2026-03-08,Phone,Billing Issue,Dallas,2.92,3,Yes,Negative
CALL-10584,AGT-113,2026-01-12,Phone,Cancellation,Los Angeles,1.27,4,Yes,Very Negative
CALL-10585,AGT-139,2026-02-09,Email,Product Inquiry,Chicago,4.17,3,No,Very Positive
CALL-10586,AGT-131,2026-06-27,Phone,Billing Issue,New York,8.24,4,Yes,Positive
CALL-10587,AGT-106,2026-04-09,Phone,Cancellation,Los Angeles,7.57,3,Yes,Neutral
CALL-10588,AGT-116,2026-05-08,Email,Cancellation,Chicago,10.04,5,No,Very Positive
CALL-10589,AGT-138,2026-04-10,Phone,Account Access,New York,1.42,4,Yes,Positive
CALL-10590,AGT-128,2026-03-21,Email,Technical Support,New York,3.34,5,No,Negative
CALL-10591,AGT-125,2026-01-06,Chat,Product Inquiry,Dallas,3.62,4,Yes,Neutral
CALL-10592,AGT-134,2026-01-28,Email,Product Inquiry,Dallas,4.83,2,Yes,Positive
CALL-10593,AGT-108,2026-06-28,Email,Account Access,Chicago,1.92,4,Yes,Neutral
CALL-10594,AGT-104,2026-02-04,Email,Product Inquiry,Los Angeles,13.76,5,Yes,Very Positive
CALL-10595,AGT-123,2026-02-10,Email,Technical Support,New York,7.57,4,Yes,Positive
CALL-10596,AGT-117,2026-06-25,Email,Account Access,Los Angeles,18.65,4,Yes,Neutral
CALL-10597,AGT-131,2026-04-05,Email,Cancellation,Chicago,7.15,3,Yes,Very Positive
CALL-10598,AGT-127,2026-01-15,Email,Account Access,Dallas,19.51,3,Yes,Positive
CALL-10599,AGT-132,2026-04-26,Chat,Billing Issue,Dallas,3.99,3,Yes,Neutral
CALL-10600,AGT-107,2026-06-08,Phone,Billing Issue,Dallas,1.42,3,Yes,Positive
CALL-10601,AGT-125,2026-02-25,Chat,Cancellation,New York,4.4399999999999995,5,No,Negative
CALL-10602,AGT-117,2026-03-21,Phone,Technical Support,Los Angeles,5.68,3,Yes,Very Negative
CALL-10603,AGT-105,2026-03-10,Email,Account Access,New York,6.5,4,No,Very Positive
CALL-10604,AGT-136,2026-03-27,Email,Technical Support,Chicago,10.09,4,No,Neutral
CALL-10605,AGT-133,2026-01-01,Phone,Cancellation,New York,3.79,3,Yes,Neutral
CALL-10606,AGT-136,2026-03-11,Phone,Technical Support,Chicago,10.02,3,Yes,Very Positive
CALL-10607,AGT-113,2026-04-23,Phone,Product Inquiry,Dallas,14.65,5,Yes,Very Positive
CALL-10608,AGT-134,2026-02-27,Phone,Technical Support,Dallas,6.37,3,Yes,Negative
CALL-10609,AGT-129,2026-05-29,Chat,Billing Issue,Chicago,3.56,5,Yes,Very Positive
CALL-10610,AGT-120,2026-06-04,Phone,Billing Issue,Dallas,2.79,3,Yes,Very Positive
CALL-10611,AGT-135,2026-03-03,Phone,Account Access,Los Angeles,11.72,4,Yes,Negative
CALL-10612,AGT-130,2026-04-22,Chat,Technical Support,New York,3.46,4,No,Very Negative
CALL-10613,AGT-103,2026-02-25,Phone,Billing Issue,Los Angeles,1.1400000000000001,5,Yes,Negative
CALL-10614,AGT-106,2026-06-14,Phone,Billing Issue,Chicago,9.7,2,Yes,Positive
CALL-10615,AGT-126,2026-03-21,Phone,Cancellation,Dallas,5.54,1,Yes,Very Negative
CALL-10616,AGT-107,2026-04-18,Phone,Product Inquiry,Los Angeles,10.13,4,Yes,Neutral
CALL-10617,AGT-117,2026-05-20,Chat,Billing Issue,Los Angeles,8.08,2,Yes,Negative
CALL-10618,AGT-106,2026-02-14,Phone,Technical Support,New York,21.25,5,Yes,Very Positive
CALL-10619,AGT-127,2026-03-10,Phone,Technical Support,New York,5.61,4,Yes,Positive
CALL-10620,AGT-135,2026-03-20,Chat,Product Inquiry,Dallas,4.890000000000001,4,Yes,Negative
CALL-10621,AGT-131,2026-03-23,Email,Billing Issue,New York,6.36,4,No,Neutral
CALL-10622,AGT-126,2026-06-07,Email,Cancellation,New York,4.609999999999999,5,Yes,Neutral
CALL-10623,AGT-112,2026-02-25,Chat,Account Access,Los Angeles,2.48,4,Yes,Very Positive
CALL-10624,AGT-136,2026-04-24,Email,Billing Issue,Chicago,4.46,1,Yes,Negative
CALL-10625,AGT-125,2026-04-11,Phone,Product Inquiry,Dallas,2.4699999999999998,4,Yes,Neutral
CALL-10626,AGT-124,2026-02-26,Phone,Billing Issue,Los Angeles,1.85,3,No,Very Positive
CALL-10627,AGT-130,2026-06-17,Chat,Product Inquiry,New York,4.8100000000000005,3,Yes,Negative
CALL-10628,AGT-120,2026-04-11,Chat,Billing Issue,New York,15.36,2,Yes,Neutral
CALL-10629,AGT-109,2026-03-20,Phone,Cancellation,New York,14.39,2,Yes,Neutral
CALL-10630,AGT-128,2026-06-26,Phone,Product Inquiry,Chicago,3.82,5,Yes,Negative
CALL-10631,AGT-103,2026-04-17,Chat,Technical Support,Chicago,28.64,5,Yes,Positive
CALL-10632,AGT-136,2026-05-24,Phone,Billing Issue,New York,1.13,1,Yes,Neutral
CALL-10633,AGT-139,2026-04-02,Chat,Cancellation,Los Angeles,8.04,3,Yes,Neutral
CALL-10634,AGT-133,2026-01-26,Phone,Cancellation,Chicago,1.73,4,Yes,Neutral
CALL-10635,AGT-130,2026-02-18,Email,Cancellation,New York,8.99,3,Yes,Very Positive
CALL-10636,AGT-128,2026-02-17,Phone,Technical Support,Dallas,25.6,3,Yes,Negative
CALL-10637,AGT-102,2026-03-25,Email,Account Access,Chicago,9.54,5,No,Neutral
CALL-10638,AGT-134,2026-02-13,Chat,Product Inquiry,Los Angeles,2.2800000000000002,2,No,Neutral
CALL-10639,AGT-107,2026-02-17,Chat,Cancellation,Chicago,13.39,2,Yes,Neutral
CALL-10640,AGT-115,2026-05-11,Phone,Product Inquiry,New York,1.8199999999999998,2,Yes,Neutral
CALL-10641,AGT-108,2026-05-29,Email,Technical Support,Los Angeles,9.72,3,Yes,Neutral
CALL-10642,AGT-138,2026-04-18,Phone,Technical Support,New York,12.21,2,Yes,Negative
CALL-10643,AGT-101,2026-01-12,Phone,Technical Support,New York,8.99,4,No,Neutral
CALL-10644,AGT-119,2026-05-10,Phone,Technical Support,Dallas,2.3200000000000003,3,Yes,Very Positive
CALL-10645,AGT-112,2026-03-14,Phone,Technical Support,Chicago,1.95,4,Yes,Positive
CALL-10646,AGT-136,2026-04-16,Phone,Technical Support,New York,11.63,2,Yes,Negative
CALL-10647,AGT-123,2026-05-15,Phone,Technical Support,Dallas,12.77,5,Yes,Negative
CALL-10648,AGT-106,2026-05-25,Chat,Account Access,Dallas,8.26,3,Yes,Positive
CALL-10649,AGT-139,2026-02-02,Phone,Cancellation,New York,4.970000000000001,5,Yes,Positive
CALL-10650,AGT-132,2026-01-26,Phone,Technical Support,New York,1.35,5,Yes,Very Positive
CALL-10651,AGT-133,2026-01-02,Phone,Billing Issue,New York,1.26,4,Yes,Neutral
CALL-10652,AGT-124,2026-03-13,Phone,Cancellation,New York,1.6800000000000002,5,No,Very Negative
CALL-10653,AGT-136,2026-06-10,Chat,Billing Issue,Los Angeles,13.25,4,Yes,Positive
CALL-10654,AGT-116,2026-03-06,Phone,Technical Support,New York,1.78,2,Yes,Very Positive
CALL-10655,AGT-113,2026-03-24,Phone,Technical Support,Los Angeles,6.32,4,Yes,Very Positive
CALL-10656,AGT-128,2026-03-23,Phone,Cancellation,Dallas,1.07,3,No,Positive
CALL-10657,AGT-123,2026-06-17,Chat,Billing Issue,Los Angeles,2.1399999999999997,4,Yes,Neutral
CALL-10658,AGT-115,2026-04-16,Phone,Cancellation,Los Angeles,3.3,4,Yes,Positive
CALL-10659,AGT-104,2026-01-11,Chat,Product Inquiry,New York,36.14,4,Yes,Positive
CALL-10660,AGT-139,2026-06-17,Phone,Account Access,Los Angeles,3.72,5,No,Negative
CALL-10661,AGT-125,2026-02-13,Phone,Product Inquiry,Los Angeles,15.07,2,Yes,Very Negative
CALL-10662,AGT-128,2026-02-25,Phone,Technical Support,Dallas,2.35,4,Yes,Negative
CALL-10663,AGT-111,2026-02-11,Phone,Product Inquiry,New York,2.5700000000000003,4,No,Very Negative
CALL-10664,AGT-115,2026-06-15,Phone,Product Inquiry,Chicago,2.8,3,No,Very Negative
CALL-10665,AGT-116,2026-02-05,Email,Cancellation,Dallas,11.52,4,No,Very Positive
CALL-10666,AGT-135,2026-03-04,Chat,Technical Support,New York,6.84,4,Yes,Positive
CALL-10667,AGT-128,2026-06-19,Email,Cancellation,New York,3.22,3,Yes,Very Positive
CALL-10668,AGT-127,2026-03-29,Chat,Technical Support,Dallas,2.0700000000000003,4,Yes,Positive
CALL-10669,AGT-109,2026-03-09,Chat,Technical Support,New York,8.65,4,Yes,Positive
CALL-10670,AGT-134,2026-06-26,Chat,Billing Issue,Chicago,9.21,4,No,Positive
CALL-10671,AGT-130,2026-06-13,Chat,Billing Issue,Dallas,13.95,5,Yes,Very Positive
CALL-10672,AGT-121,2026-02-25,Chat,Cancellation,Chicago,2.62,2,Yes,Negative
CALL-10673,AGT-116,2026-06-14,Phone,Billing Issue,Dallas,12.89,4,Yes,Very Positive
CALL-10674,AGT-136,2026-04-10,Chat,Account Access,New York,2.46,1,Yes,Positive
CALL-10675,AGT-102,2026-03-10,Phone,Technical Support,New York,2.2800000000000002,5,Yes,Neutral
CALL-10676,AGT-121,2026-05-16,Phone,Billing Issue,Chicago,7.57,5,Yes,Very Positive
CALL-10677,AGT-131,2026-02-21,Chat,Account Access,Chicago,3.23,4,Yes,Neutral
CALL-10678,AGT-129,2026-02-12,Chat,Technical Support,Los Angeles,4.2,5,No,Positive
CALL-10679,AGT-121,2026-04-02,Email,Cancellation,Los Angeles,6.15,5,Yes,Positive
CALL-10680,AGT-106,2026-02-26,Phone,Billing Issue,New York,6.76,5,Yes,Positive
CALL-10681,AGT-125,2026-05-07,Phone,Product Inquiry,Chicago,1.5,2,No,Positive
CALL-10682,AGT-123,2026-04-25,Phone,Billing Issue,Chicago,11.27,4,No,Neutral
CALL-10683,AGT-120,2026-03-14,Phone,Technical Support,Chicago,8.58,4,Yes,Negative
CALL-10684,AGT-107,2026-03-22,Email,Product Inquiry,Los Angeles,25.65,5,Yes,Neutral
CALL-10685,AGT-109,2026-02-20,Phone,Product Inquiry,Dallas,1.62,4,Yes,Negative
CALL-10686,AGT-111,2026-04-09,Phone,Billing Issue,Chicago,1.19,3,Yes,Positive
CALL-10687,AGT-135,2026-01-27,Phone,Cancellation,Los Angeles,2.77,3,Yes,Positive
CALL-10688,AGT-132,2026-04-13,Chat,Technical Support,Los Angeles,23.17,4,No,Very Positive
CALL-10689,AGT-129,2026-03-23,Email,Technical Support,Chicago,4.2,2,Yes,Neutral
CALL-10690,AGT-109,2026-06-28,Email,Product Inquiry,Dallas,3.78,5,No,Positive
CALL-10691,AGT-112,2026-05-30,Phone,Cancellation,New York,1.34,1,Yes,Positive
CALL-10692,AGT-131,2026-05-20,Email,Cancellation,Dallas,1.04,5,Yes,Negative
CALL-10693,AGT-115,2026-04-18,Email,Cancellation,Chicago,8.43,4,Yes,Very Positive
CALL-10694,AGT-134,2026-02-14,Chat,Technical Support,Los Angeles,8.55,5,Yes,Positive
CALL-10695,AGT-103,2026-03-27,Email,Account Access,New York,2.44,3,Yes,Neutral
CALL-10696,AGT-104,2026-05-18,Phone,Billing Issue,Los Angeles,2.56,4,Yes,Positive
CALL-10697,AGT-119,2026-01-21,Phone,Cancellation,Los Angeles,21.11,5,Yes,Very Positive
CALL-10698,AGT-135,2026-02-25,Chat,Product Inquiry,Los Angeles,9.92,1,Yes,Very Positive
CALL-10699,AGT-135,2026-03-22,Chat,Billing Issue,New York,4.42,3,Yes,Negative
CALL-10700,AGT-103,2026-05-20,Chat,Cancellation,Chicago,29.42,3,Yes,Neutral
CALL-10701,AGT-110,2026-04-07,Phone,Product Inquiry,Chicago,5.18,3,Yes,Negative
CALL-10702,AGT-110,2026-04-16,Chat,Account Access,Los Angeles,1.18,4,Yes,Very Negative
CALL-10703,AGT-132,2026-01-20,Phone,Technical Support,Los Angeles,5.05,2,No,Negative
CALL-10704,AGT-123,2026-04-01,Chat,Technical Support,Los Angeles,10.49,2,Yes,Negative
CALL-10705,AGT-137,2026-02-18,Chat,Technical Support,Chicago,2.8899999999999997,5,Yes,Negative
CALL-10706,AGT-131,2026-03-05,Chat,Technical Support,Chicago,8.65,5,Yes,Very Positive
CALL-10707,AGT-135,2026-04-08,Email,Product Inquiry,New York,3.02,5,Yes,Very Positive
CALL-10708,AGT-120,2026-01-24,Chat,Technical Support,New York,1.33,3,Yes,Positive
CALL-10709,AGT-138,2026-02-22,Email,Technical Support,Los Angeles,1.78,4,Yes,Neutral
CALL-10710,AGT-139,2026-01-04,Phone,Product Inquiry,Los Angeles,7.9,5,Yes,Positive
CALL-10711,AGT-139,2026-04-12,Email,Account Access,Los Angeles,12.21,4,Yes,Very Positive
CALL-10712,AGT-131,2026-06-05,Email,Billing Issue,Chicago,4.76,1,Yes,Negative
CALL-10713,AGT-110,2026-03-10,Email,Technical Support,Los Angeles,10.97,5,Yes,Positive
CALL-10714,AGT-121,2026-02-18,Phone,Billing Issue,Chicago,5.22,3,Yes,Neutral
CALL-10715,AGT-138,2026-01-26,Phone,Account Access,Los Angeles,1.26,4,No,Negative
CALL-10716,AGT-116,2026-02-24,Phone,Technical Support,Dallas,9.68,4,Yes,Very Positive
CALL-10717,AGT-125,2026-05-19,Phone,Billing Issue,New York,8.24,3,Yes,Neutral
CALL-10718,AGT-121,2026-01-20,Chat,Technical Support,New York,5.87,4,Yes,Negative
CALL-10719,AGT-116,2026-02-05,Phone,Product Inquiry,Dallas,20.19,3,Yes,Neutral
CALL-10720,AGT-138,2026-06-08,Email,Billing Issue,New York,3.8,4,Yes,Very Positive
CALL-10721,AGT-128,2026-03-13,Chat,Product Inquiry,Dallas,2.5,3,Yes,Very Positive
CALL-10722,AGT-125,2026-03-14,Email,Billing Issue,Chicago,7.43,2,Yes,Negative
CALL-10723,AGT-106,2026-02-22,Chat,Technical Support,Dallas,12.69,1,Yes,Negative
CALL-10724,AGT-120,2026-03-06,Phone,Account Access,New York,1.22,5,Yes,Negative
CALL-10725,AGT-111,2026-02-14,Email,Billing Issue,Los Angeles,2.01,5,Yes,Very Negative
CALL-10726,AGT-116,2026-02-28,Chat,Billing Issue,Dallas,6.85,5,Yes,Positive
CALL-10727,AGT-135,2026-05-21,Email,Technical Support,Dallas,3.27,3,Yes,Positive
CALL-10728,AGT-103,2026-01-07,Email,Billing Issue,New York,20.13,3,Yes,Positive
CALL-10729,AGT-120,2026-04-27,Email,Cancellation,New York,3.33,2,Yes,Very Positive
CALL-10730,AGT-125,2026-03-21,Phone,Billing Issue,New York,1.99,2,Yes,Very Positive
CALL-10731,AGT-136,2026-06-13,Phone,Cancellation,New York,2.17,2,Yes,Positive
CALL-10732,AGT-136,2026-05-08,Phone,Product Inquiry,Dallas,2.23,4,Yes,Very Positive
CALL-10733,AGT-131,2026-02-18,Phone,Cancellation,Los Angeles,8.29,5,No,Neutral
CALL-10734,AGT-120,2026-01-02,Phone,Account Access,Chicago,16.67,3,Yes,Positive
CALL-10735,AGT-112,2026-04-09,Chat,Technical Support,Dallas,4.88,5,No,Positive
CALL-10736,AGT-133,2026-04-10,Email,Billing Issue,New York,7.52,4,Yes,Neutral
CALL-10737,AGT-129,2026-03-20,Phone,Technical Support,Dallas,2.0300000000000002,5,Yes,Neutral
CALL-10738,AGT-138,2026-06-22,Chat,Technical Support,Chicago,2.27,1,Yes,Very Positive
CALL-10739,AGT-114,2026-04-07,Email,Product Inquiry,Los Angeles,5.54,5,Yes,Very Negative
CALL-10740,AGT-109,2026-02-01,Chat,Account Access,Dallas,2.56,5,Yes,Positive
CALL-10741,AGT-109,2026-06-03,Phone,Account Access,Dallas,5.7,4,No,Very Positive
CALL-10742,AGT-123,2026-05-17,Phone,Billing Issue,Los Angeles,1.83,4,No,Positive
CALL-10743,AGT-105,2026-02-27,Phone,Technical Support,Los Angeles,27.77,3,Yes,Neutral
CALL-10744,AGT-106,2026-04-28,Chat,Product Inquiry,Chicago,5.18,5,Yes,Negative
CALL-10745,AGT-112,2026-01-11,Chat,Technical Support,Dallas,2.01,2,Yes,Negative
CALL-10746,AGT-130,2026-04-24,Phone,Product Inquiry,Los Angeles,7.32,5,No,Very Positive
CALL-10747,AGT-125,2026-01-19,Phone,Account Access,Chicago,19.91,4,Yes,Neutral
CALL-10748,AGT-129,2026-06-16,Chat,Billing Issue,Chicago,14.67,3,No,Positive
CALL-10749,AGT-132,2026-01-12,Phone,Technical Support,Los Angeles,1.47,4,Yes,Neutral
CALL-10750,AGT-128,2026-06-10,Chat,Billing Issue,Chicago,8.85,1,No,Neutral
CALL-10751,AGT-133,2026-06-03,Phone,Billing Issue,Dallas,3.24,5,No,Very Positive
CALL-10752,AGT-118,2026-06-04,Chat,Cancellation,Dallas,1.55,3,Yes,Negative
CALL-10753,AGT-106,2026-01-26,Chat,Account Access,Dallas,6.09,2,Yes,Very Positive
CALL-10754,AGT-113,2026-05-18,Chat,Account Access,New York,2.17,4,No,Neutral
CALL-10755,AGT-134,2026-02-04,Chat,Technical Support,Los Angeles,13.56,3,Yes,Neutral
CALL-10756,AGT-118,2026-04-13,Phone,Cancellation,New York,22.7,3,Yes,Very Negative
CALL-10757,AGT-128,2026-03-04,Phone,Cancellation,New York,5.63,1,Yes,Positive
CALL-10758,AGT-122,2026-04-10,Email,Technical Support,Dallas,13.15,4,Yes,Positive
CALL-10759,AGT-116,2026-03-15,Phone,Account Access,Dallas,3.04,5,No,Positive
CALL-10760,AGT-129,2026-03-19,Chat,Billing Issue,New York,7.33,3,Yes,Negative
CALL-10761,AGT-101,2026-05-29,Email,Account Access,Dallas,5.77,1,Yes,Neutral
CALL-10762,AGT-103,2026-03-17,Email,Technical Support,Los Angeles,6.08,5,Yes,Very Negative
CALL-10763,AGT-105,2026-04-09,Chat,Technical Support,Los Angeles,22.78,3,Yes,Very Negative
CALL-10764,AGT-131,2026-01-11,Phone,Technical Support,Los Angeles,6.44,5,Yes,Negative
CALL-10765,AGT-105,2026-06-29,Chat,Product Inquiry,Los Angeles,5.49,1,Yes,Neutral
CALL-10766,AGT-132,2026-01-26,Phone,Billing Issue,Chicago,7.79,2,No,Neutral
CALL-10767,AGT-125,2026-02-26,Email,Cancellation,Dallas,1.49,4,Yes,Negative
CALL-10768,AGT-103,2026-05-04,Email,Product Inquiry,Los Angeles,9.63,5,Yes,Neutral
CALL-10769,AGT-116,2026-04-26,Phone,Product Inquiry,Dallas,13.6,2,Yes,Positive
CALL-10770,AGT-109,2026-05-08,Chat,Cancellation,Chicago,16.16,4,Yes,Positive
CALL-10771,AGT-116,2026-06-18,Chat,Technical Support,New York,4.16,4,Yes,Positive
CALL-10772,AGT-135,2026-01-29,Chat,Billing Issue,New York,11.95,5,Yes,Very Negative
CALL-10773,AGT-114,2026-04-03,Phone,Account Access,New York,5.41,4,Yes,Negative
CALL-10774,AGT-139,2026-01-18,Chat,Product Inquiry,Dallas,6.53,3,Yes,Positive
CALL-10775,AGT-120,2026-06-02,Phone,Technical Support,Los Angeles,20.38,3,Yes,Positive
CALL-10776,AGT-116,2026-01-07,Phone,Technical Support,Los Angeles,6.22,3,Yes,Very Negative
CALL-10777,AGT-136,2026-01-17,Phone,Account Access,Los Angeles,9.54,1,Yes,Positive
CALL-10778,AGT-120,2026-04-13,Phone,Billing Issue,New York,2.49,4,Yes,Negative
CALL-10779,AGT-114,2026-02-15,Email,Account Access,Chicago,3.15,3,Yes,Positive
CALL-10780,AGT-124,2026-04-19,Chat,Account Access,New York,3.52,1,Yes,Very Negative
CALL-10781,AGT-109,2026-03-05,Phone,Technical Support,Dallas,1.35,2,Yes,Very Negative
CALL-10782,AGT-131,2026-06-26,Chat,Cancellation,Dallas,3.32,2,Yes,Positive
CALL-10783,AGT-115,2026-01-29,Chat,Technical Support,Los Angeles,1.12,2,Yes,Very Negative
CALL-10784,AGT-123,2026-02-28,Email,Account Access,Los Angeles,3.92,2,No,Negative
CALL-10785,AGT-114,2026-04-28,Phone,Billing Issue,Chicago,2.25,4,Yes,Neutral
CALL-10786,AGT-128,2026-03-16,Phone,Product Inquiry,Dallas,9.35,2,No,Very Positive
CALL-10787,AGT-132,2026-02-19,Chat,Product Inquiry,Los Angeles,1.41,4,Yes,Neutral
CALL-10788,AGT-121,2026-05-26,Phone,Account Access,New York,1.3599999999999999,5,Yes,Neutral
CALL-10789,AGT-103,2026-05-20,Phone,Product Inquiry,Dallas,3.5,4,Yes,Very Positive
CALL-10790,AGT-128,2026-05-22,Phone,Billing Issue,Los Angeles,11.08,3,Yes,Very Positive
CALL-10791,AGT-137,2026-04-30,Chat,Technical Support,Los Angeles,19.02,4,Yes,Positive
CALL-10792,AGT-112,2026-02-26,Email,Cancellation,Chicago,4.35,5,Yes,Very Positive
CALL-10793,AGT-129,2026-02-11,Phone,Technical Support,Dallas,4.34,1,Yes,Very Positive
CALL-10794,AGT-108,2026-05-12,Phone,Product Inquiry,New York,11.57,2,Yes,Positive
CALL-10795,AGT-137,2026-01-07,Chat,Cancellation,Chicago,3.97,2,Yes,Very Positive
CALL-10796,AGT-104,2026-04-18,Phone,Cancellation,New York,6.25,2,Yes,Negative
CALL-10797,AGT-111,2026-04-14,Email,Product Inquiry,Chicago,1.65,4,Yes,Negative
CALL-10798,AGT-118,2026-02-10,Phone,Technical Support,New York,9.28,2,Yes,Very Positive
CALL-10799,AGT-116,2026-01-27,Phone,Cancellation,Chicago,1.25,5,Yes,Very Negative
CALL-10800,AGT-110,2026-03-24,Email,Account Access,New York,24.92,5,Yes,Very Negative
CALL-10801,AGT-129,2026-05-03,Phone,Billing Issue,Chicago,1.44,4,Yes,Neutral
CALL-10802,AGT-137,2026-04-07,Email,Cancellation,Chicago,12.4,4,Yes,Neutral
CALL-10803,AGT-133,2026-02-09,Phone,Billing Issue,Dallas,5.98,2,Yes,Neutral
CALL-10804,AGT-107,2026-02-23,Email,Billing Issue,Chicago,3.8,2,Yes,Positive
CALL-10805,AGT-111,2026-06-25,Phone,Account Access,Chicago,10.78,3,Yes,Positive
CALL-10806,AGT-134,2026-04-06,Chat,Billing Issue,New York,5.83,4,Yes,Positive
CALL-10807,AGT-129,2026-05-29,Phone,Product Inquiry,Dallas,8.51,4,Yes,Very Positive
CALL-10808,AGT-108,2026-01-10,Chat,Billing Issue,Chicago,8.46,5,Yes,Very Negative
CALL-10809,AGT-136,2026-02-08,Phone,Billing Issue,Los Angeles,10.34,5,Yes,Very Positive
CALL-10810,AGT-131,2026-04-12,Email,Cancellation,Los Angeles,1.49,3,No,Neutral
CALL-10811,AGT-129,2026-04-13,Chat,Account Access,Chicago,10.72,4,Yes,Very Negative
CALL-10812,AGT-134,2026-03-18,Chat,Cancellation,New York,5.07,3,Yes,Positive
CALL-10813,AGT-128,2026-06-04,Chat,Billing Issue,Los Angeles,17.1,4,Yes,Neutral
CALL-10814,AGT-114,2026-04-01,Chat,Product Inquiry,New York,12.43,5,No,Neutral
CALL-10815,AGT-128,2026-02-12,Phone,Account Access,Chicago,5.0,4,Yes,Neutral
CALL-10816,AGT-137,2026-04-29,Chat,Billing Issue,Los Angeles,10.02,4,No,Positive
CALL-10817,AGT-127,2026-05-16,Phone,Technical Support,New York,8.49,5,Yes,Negative
CALL-10818,AGT-117,2026-01-19,Chat,Product Inquiry,New York,19.36,1,Yes,Negative
CALL-10819,AGT-117,2026-03-20,Phone,Technical Support,Los Angeles,4.17,5,Yes,Neutral
CALL-10820,AGT-135,2026-03-03,Chat,Billing Issue,Los Angeles,5.41,2,Yes,Positive
CALL-10821,AGT-112,2026-04-02,Chat,Cancellation,New York,4.09,5,No,Neutral
CALL-10822,AGT-122,2026-01-08,Chat,Account Access,Dallas,6.88,4,No,Positive
CALL-10823,AGT-131,2026-05-03,Chat,Technical Support,Dallas,38.44,4,Yes,Very Negative
CALL-10824,AGT-107,2026-04-28,Chat,Account Access,Chicago,1.27,3,Yes,Neutral
CALL-10825,AGT-117,2026-02-28,Phone,Cancellation,Los Angeles,1.37,4,Yes,Very Negative
CALL-10826,AGT-136,2026-06-09,Email,Account Access,New York,9.14,5,Yes,Very Positive
CALL-10827,AGT-112,2026-02-09,Chat,Technical Support,New York,7.33,1,Yes,Positive
CALL-10828,AGT-118,2026-06-29,Phone,Billing Issue,New York,7.02,3,Yes,Positive
CALL-10829,AGT-136,2026-01-21,Phone,Billing Issue,Chicago,2.63,5,Yes,Very Positive
CALL-10830,AGT-124,2026-01-11,Phone,Account Access,Chicago,3.2,4,Yes,Positive
CALL-10831,AGT-137,2026-06-16,Phone,Billing Issue,Los Angeles,1.2,2,No,Neutral
CALL-10832,AGT-131,2026-05-10,Phone,Billing Issue,Chicago,9.69,4,Yes,Very Negative
CALL-10833,AGT-139,2026-03-18,Email,Product Inquiry,Los Angeles,9.64,2,Yes,Negative
CALL-10834,AGT-111,2026-03-02,Phone,Billing Issue,Chicago,14.16,4,Yes,Neutral
CALL-10835,AGT-104,2026-03-11,Email,Product Inquiry,New York,3.03,4,Yes,Neutral
CALL-10836,AGT-106,2026-01-18,Chat,Account Access,New York,3.48,4,Yes,Positive
CALL-10837,AGT-114,2026-01-31,Phone,Product Inquiry,Los Angeles,21.18,3,Yes,Very Positive
CALL-10838,AGT-122,2026-05-13,Phone,Cancellation,New York,6.34,3,Yes,Neutral
CALL-10839,AGT-120,2026-06-10,Phone,Cancellation,New York,1.53,4,No,Positive
CALL-10840,AGT-128,2026-01-08,Chat,Billing Issue,Chicago,19.5,4,Yes,Neutral
CALL-10841,AGT-127,2026-05-21,Phone,Technical Support,New York,11.16,4,Yes,Positive
CALL-10842,AGT-130,2026-02-17,Email,Cancellation,Los Angeles,10.53,5,Yes,Neutral
CALL-10843,AGT-123,2026-03-25,Phone,Billing Issue,New York,5.18,3,Yes,Negative
CALL-10844,AGT-112,2026-02-12,Phone,Account Access,Dallas,7.04,1,Yes,Neutral
CALL-10845,AGT-124,2026-06-02,Phone,Technical Support,Los Angeles,9.4,2,Yes,Positive
CALL-10846,AGT-101,2026-03-01,Email,Technical Support,Los Angeles,1.48,3,Yes,Positive
CALL-10847,AGT-136,2026-02-21,Chat,Product Inquiry,Dallas,20.2,1,Yes,Neutral
CALL-10848,AGT-110,2026-05-10,Chat,Account Access,Chicago,5.44,5,Yes,Positive
CALL-10849,AGT-128,2026-05-18,Phone,Billing Issue,Dallas,4.66,2,Yes,Positive
CALL-10850,AGT-102,2026-04-14,Chat,Account Access,Dallas,2.05,1,Yes,Neutral
CALL-10851,AGT-101,2026-05-10,Phone,Product Inquiry,Chicago,3.37,1,No,Positive
CALL-10852,AGT-101,2026-01-30,Phone,Cancellation,New York,1.28,5,Yes,Neutral
CALL-10853,AGT-113,2026-06-01,Email,Technical Support,Los Angeles,2.9699999999999998,5,Yes,Very Positive
CALL-10854,AGT-129,2026-06-14,Chat,Technical Support,Los Angeles,8.440000000000001,3,Yes,Negative
CALL-10855,AGT-112,2026-06-24,Phone,Technical Support,Los Angeles,9.26,3,Yes,Positive
CALL-10856,AGT-117,2026-06-07,Phone,Cancellation,Chicago,3.34,4,Yes,Very Negative
CALL-10857,AGT-119,2026-04-10,Phone,Product Inquiry,Los Angeles,5.48,4,Yes,Very Positive
CALL-10858,AGT-139,2026-05-14,Phone,Product Inquiry,Los Angeles,10.62,1,No,Positive
CALL-10859,AGT-117,2026-03-03,Phone,Product Inquiry,New York,13.68,4,Yes,Very Positive
CALL-10860,AGT-110,2026-06-01,Phone,Product Inquiry,Los Angeles,9.02,2,No,Positive
CALL-10861,AGT-133,2026-02-27,Phone,Cancellation,Chicago,13.87,4,No,Neutral
CALL-10862,AGT-115,2026-03-10,Phone,Billing Issue,Chicago,1.5899999999999999,1,Yes,Negative
CALL-10863,AGT-134,2026-01-09,Phone,Billing Issue,New York,2.13,2,Yes,Negative
CALL-10864,AGT-129,2026-01-14,Chat,Product Inquiry,Chicago,3.0,3,Yes,Negative
CALL-10865,AGT-116,2026-02-20,Phone,Technical Support,New York,4.93,5,Yes,Positive
CALL-10866,AGT-139,2026-01-21,Chat,Cancellation,Los Angeles,9.49,5,No,Negative
CALL-10867,AGT-133,2026-04-08,Phone,Technical Support,Dallas,1.87,2,Yes,Positive
CALL-10868,AGT-128,2026-01-23,Phone,Account Access,New York,5.86,1,Yes,Positive
CALL-10869,AGT-135,2026-03-02,Phone,Billing Issue,Chicago,21.59,5,Yes,Very Positive
CALL-10870,AGT-106,2026-01-30,Phone,Account Access,Los Angeles,11.71,4,Yes,Neutral
CALL-10871,AGT-125,2026-05-11,Chat,Cancellation,Dallas,18.49,5,Yes,Positive
CALL-10872,AGT-130,2026-02-01,Phone,Cancellation,New York,4.37,5,Yes,Neutral
CALL-10873,AGT-108,2026-03-15,Email,Technical Support,Chicago,3.97,4,Yes,Very Negative
CALL-10874,AGT-121,2026-03-23,Phone,Technical Support,Dallas,1.58,5,Yes,Positive
CALL-10875,AGT-104,2026-03-11,Phone,Technical Support,Chicago,18.43,5,Yes,Very Positive
CALL-10876,AGT-129,2026-03-16,Chat,Billing Issue,Los Angeles,7.45,3,Yes,Negative
CALL-10877,AGT-131,2026-01-26,Phone,Cancellation,Chicago,9.16,3,Yes,Very Positive
CALL-10878,AGT-113,2026-06-12,Phone,Product Inquiry,Los Angeles,3.7,5,Yes,Very Positive
CALL-10879,AGT-132,2026-06-17,Chat,Product Inquiry,New York,1.06,1,Yes,Negative
CALL-10880,AGT-111,2026-01-14,Phone,Product Inquiry,New York,2.05,4,Yes,Very Negative
CALL-10881,AGT-118,2026-01-20,Phone,Technical Support,New York,15.73,5,Yes,Positive
CALL-10882,AGT-130,2026-01-25,Phone,Account Access,Los Angeles,1.25,4,Yes,Very Positive
CALL-10883,AGT-117,2026-05-25,Email,Billing Issue,Dallas,16.189999999999998,1,Yes,Very Negative
CALL-10884,AGT-111,2026-06-29,Phone,Account Access,Los Angeles,7.21,4,No,Very Positive
CALL-10885,AGT-121,2026-06-29,Chat,Cancellation,Chicago,1.26,4,Yes,Neutral
CALL-10886,AGT-126,2026-04-12,Chat,Cancellation,Dallas,1.9,5,Yes,Positive
CALL-10887,AGT-102,2026-01-10,Chat,Product Inquiry,Dallas,6.84,4,Yes,Very Positive
CALL-10888,AGT-133,2026-05-25,Email,Product Inquiry,Dallas,14.92,1,Yes,Positive
CALL-10889,AGT-108,2026-01-03,Phone,Cancellation,Los Angeles,7.66,4,Yes,Positive
CALL-10890,AGT-133,2026-01-30,Email,Technical Support,Chicago,4.5600000000000005,4,No,Negative
CALL-10891,AGT-115,2026-01-15,Phone,Billing Issue,Dallas,3.25,2,Yes,Positive
CALL-10892,AGT-124,2026-02-26,Chat,Cancellation,New York,18.75,5,No,Positive
CALL-10893,AGT-125,2026-01-08,Phone,Product Inquiry,Los Angeles,11.53,3,Yes,Very Positive
CALL-10894,AGT-136,2026-04-15,Phone,Technical Support,New York,12.18,3,Yes,Positive
CALL-10895,AGT-105,2026-03-12,Chat,Product Inquiry,Chicago,5.96,1,Yes,Positive
CALL-10896,AGT-103,2026-03-14,Email,Technical Support,Dallas,9.03,1,Yes,Very Negative
CALL-10897,AGT-127,2026-02-20,Email,Billing Issue,Dallas,9.76,3,No,Neutral
CALL-10898,AGT-115,2026-06-20,Chat,Cancellation,New York,1.02,1,Yes,Positive
CALL-10899,AGT-111,2026-05-20,Email,Cancellation,Los Angeles,6.01,4,Yes,Positive
CALL-10900,AGT-109,2026-05-06,Email,Billing Issue,Chicago,9.5,1,Yes,Positive
CALL-10901,AGT-108,2026-03-10,Chat,Account Access,Chicago,5.3,4,Yes,Negative
CALL-10902,AGT-114,2026-01-01,Phone,Billing Issue,Los Angeles,1.1,3,Yes,Neutral
CALL-10903,AGT-115,2026-03-24,Phone,Technical Support,Chicago,17.79,4,Yes,Very Positive
CALL-10904,AGT-114,2026-04-27,Chat,Billing Issue,Los Angeles,6.55,4,Yes,Neutral
CALL-10905,AGT-123,2026-06-09,Phone,Product Inquiry,Los Angeles,3.3,1,Yes,Neutral
CALL-10906,AGT-122,2026-01-15,Phone,Account Access,Los Angeles,5.28,5,Yes,Very Positive
CALL-10907,AGT-110,2026-03-04,Phone,Product Inquiry,Dallas,7.9,3,No,Positive
CALL-10908,AGT-114,2026-06-21,Email,Cancellation,Chicago,1.45,1,Yes,Negative
CALL-10909,AGT-139,2026-06-05,Chat,Account Access,Dallas,8.58,2,Yes,Positive
CALL-10910,AGT-109,2026-04-16,Chat,Product Inquiry,New York,5.4,5,Yes,Very Positive
CALL-10911,AGT-133,2026-01-16,Phone,Billing Issue,Dallas,2.23,5,No,Neutral
CALL-10912,AGT-130,2026-04-13,Chat,Technical Support,Chicago,14.11,4,Yes,Very Positive
CALL-10913,AGT-103,2026-02-04,Phone,Cancellation,Dallas,18.63,4,Yes,Positive
CALL-10914,AGT-121,2026-04-07,Phone,Account Access,New York,2.7800000000000002,3,No,Neutral
CALL-10915,AGT-119,2026-04-17,Phone,Cancellation,New York,6.65,4,Yes,Neutral
CALL-10916,AGT-109,2026-05-03,Chat,Account Access,Dallas,10.18,3,No,Negative
CALL-10917,AGT-119,2026-05-29,Chat,Account Access,Los Angeles,5.2,5,Yes,Positive
CALL-10918,AGT-129,2026-01-17,Email,Product Inquiry,New York,3.46,4,Yes,Positive
CALL-10919,AGT-102,2026-03-30,Chat,Technical Support,Los Angeles,6.33,4,Yes,Very Positive
CALL-10920,AGT-139,2026-05-11,Chat,Billing Issue,New York,10.45,5,No,Positive
CALL-10921,AGT-126,2026-04-13,Chat,Billing Issue,New York,3.26,4,Yes,Negative
CALL-10922,AGT-139,2026-01-23,Phone,Billing Issue,Los Angeles,1.71,2,Yes,Very Positive
CALL-10923,AGT-115,2026-04-20,Phone,Cancellation,New York,23.37,3,No,Neutral
CALL-10924,AGT-118,2026-02-12,Phone,Product Inquiry,Chicago,1.31,4,Yes,Positive
CALL-10925,AGT-103,2026-04-28,Email,Technical Support,New York,4.7,5,No,Very Positive
CALL-10926,AGT-124,2026-06-04,Email,Account Access,Chicago,13.91,2,Yes,Negative
CALL-10927,AGT-101,2026-02-19,Email,Account Access,Dallas,4.27,3,No,Very Negative
CALL-10928,AGT-121,2026-05-21,Chat,Account Access,Dallas,12.04,4,Yes,Neutral
CALL-10929,AGT-137,2026-06-24,Phone,Cancellation,Dallas,4.83,5,Yes,Very Positive
CALL-10930,AGT-107,2026-06-19,Phone,Technical Support,New York,3.33,2,Yes,Neutral
CALL-10931,AGT-138,2026-01-25,Phone,Account Access,Los Angeles,7.33,3,Yes,Neutral
CALL-10932,AGT-108,2026-06-26,Email,Billing Issue,Los Angeles,9.33,1,Yes,Positive
CALL-10933,AGT-132,2026-05-11,Phone,Cancellation,Chicago,3.94,4,Yes,Positive
CALL-10934,AGT-136,2026-03-02,Email,Cancellation,Los Angeles,16.93,5,Yes,Negative
CALL-10935,AGT-137,2026-02-15,Phone,Billing Issue,Los Angeles,2.99,1,Yes,Very Negative
CALL-10936,AGT-116,2026-04-04,Phone,Billing Issue,Dallas,2.7199999999999998,4,Yes,Positive
CALL-10937,AGT-127,2026-03-15,Chat,Account Access,Los Angeles,6.54,3,No,Very Negative
CALL-10938,AGT-121,2026-03-21,Phone,Account Access,Los Angeles,7.9,4,No,Positive
CALL-10939,AGT-117,2026-03-16,Phone,Billing Issue,Dallas,5.14,4,No,Positive
CALL-10940,AGT-135,2026-05-12,Phone,Product Inquiry,Dallas,1.51,4,Yes,Neutral
CALL-10941,AGT-128,2026-06-21,Chat,Product Inquiry,Dallas,5.25,3,Yes,Neutral
CALL-10942,AGT-116,2026-05-24,Chat,Technical Support,Los Angeles,3.3,4,Yes,Positive
CALL-10943,AGT-124,2026-06-07,Phone,Account Access,Chicago,1.6099999999999999,4,Yes,Very Negative
CALL-10944,AGT-123,2026-01-02,Chat,Account Access,Chicago,1.65,5,Yes,Positive
CALL-10945,AGT-131,2026-06-25,Email,Cancellation,New York,1.41,2,No,Neutral
CALL-10946,AGT-109,2026-02-19,Chat,Cancellation,Chicago,5.11,4,Yes,Neutral
CALL-10947,AGT-103,2026-02-27,Phone,Billing Issue,New York,1.6099999999999999,4,Yes,Neutral
CALL-10948,AGT-119,2026-01-21,Chat,Account Access,Los Angeles,3.31,2,Yes,Neutral
CALL-10949,AGT-115,2026-03-10,Phone,Cancellation,New York,2.04,4,Yes,Neutral
CALL-10950,AGT-110,2026-06-24,Email,Technical Support,New York,5.01,2,Yes,Very Positive
CALL-10951,AGT-103,2026-03-08,Phone,Product Inquiry,New York,3.13,2,Yes,Very Positive
CALL-10952,AGT-114,2026-06-10,Phone,Account Access,Chicago,6.3,3,Yes,Very Positive
CALL-10953,AGT-121,2026-01-26,Phone,Account Access,Dallas,7.02,5,No,Neutral
CALL-10954,AGT-101,2026-03-02,Phone,Billing Issue,Dallas,3.98,5,Yes,Positive
CALL-10955,AGT-113,2026-05-20,Chat,Billing Issue,New York,12.07,1,No,Neutral
CALL-10956,AGT-133,2026-02-21,Chat,Technical Support,New York,14.34,4,Yes,Very Positive
CALL-10957,AGT-128,2026-03-28,Chat,Product Inquiry,New York,14.66,5,No,Negative
CALL-10958,AGT-107,2026-06-01,Email,Product Inquiry,New York,2.21,3,Yes,Neutral
CALL-10959,AGT-133,2026-04-23,Phone,Cancellation,Los Angeles,12.63,2,Yes,Neutral
CALL-10960,AGT-126,2026-05-09,Phone,Technical Support,New York,18.33,5,No,Very Positive
CALL-10961,AGT-126,2026-03-28,Phone,Cancellation,Dallas,2.7800000000000002,5,Yes,Positive
CALL-10962,AGT-109,2026-04-16,Chat,Technical Support,Dallas,11.13,4,Yes,Negative
CALL-10963,AGT-102,2026-04-22,Phone,Account Access,New York,2.65,4,No,Neutral
CALL-10964,AGT-139,2026-05-08,Phone,Technical Support,New York,4.25,2,Yes,Neutral
CALL-10965,AGT-129,2026-03-11,Phone,Billing Issue,Dallas,19.49,4,Yes,Neutral
CALL-10966,AGT-136,2026-01-08,Chat,Product Inquiry,New York,8.32,4,Yes,Neutral
CALL-10967,AGT-132,2026-04-20,Chat,Billing Issue,Chicago,5.51,5,No,Very Positive
CALL-10968,AGT-138,2026-03-27,Phone,Cancellation,Los Angeles,7.33,4,Yes,Positive
CALL-10969,AGT-104,2026-04-02,Chat,Account Access,Los Angeles,9.61,3,Yes,Neutral
CALL-10970,AGT-127,2026-01-17,Phone,Product Inquiry,Los Angeles,2.63,5,Yes,Positive
CALL-10971,AGT-105,2026-03-21,Email,Technical Support,New York,31.08,3,Yes,Very Negative
CALL-10972,AGT-105,2026-06-17,Phone,Technical Support,New York,3.44,5,No,Negative
CALL-10973,AGT-116,2026-02-07,Email,Account Access,New York,2.2800000000000002,5,Yes,Positive
CALL-10974,AGT-129,2026-05-24,Phone,Product Inquiry,Los Angeles,22.19,2,Yes,Very Positive
CALL-10975,AGT-103,2026-02-02,Chat,Technical Support,Los Angeles,15.33,4,No,Negative
CALL-10976,AGT-136,2026-06-22,Chat,Technical Support,Dallas,27.72,4,Yes,Positive
CALL-10977,AGT-123,2026-06-04,Phone,Billing Issue,New York,3.63,4,Yes,Very Positive
CALL-10978,AGT-117,2026-04-28,Phone,Billing Issue,Los Angeles,6.82,1,Yes,Very Positive
CALL-10979,AGT-113,2026-05-16,Chat,Billing Issue,Los Angeles,9.19,4,Yes,Neutral
CALL-10980,AGT-107,2026-03-10,Phone,Billing Issue,Dallas,3.11,4,Yes,Negative
CALL-10981,AGT-115,2026-03-18,Chat,Product Inquiry,Chicago,14.94,4,Yes,Neutral
CALL-10982,AGT-131,2026-04-07,Email,Product Inquiry,New York,1.3599999999999999,5,Yes,Neutral
CALL-10983,AGT-103,2026-04-03,Phone,Technical Support,Chicago,2.21,4,Yes,Neutral
CALL-10984,AGT-128,2026-05-01,Phone,Account Access,Los Angeles,6.68,2,Yes,Negative
CALL-10985,AGT-116,2026-06-13,Phone,Product Inquiry,New York,1.6800000000000002,1,Yes,Neutral
CALL-10986,AGT-139,2026-03-24,Chat,Cancellation,Dallas,6.01,5,Yes,Positive
CALL-10987,AGT-110,2026-04-22,Phone,Account Access,Dallas,17.61,4,No,Neutral
CALL-10988,AGT-119,2026-01-01,Phone,Product Inquiry,Dallas,1.98,2,Yes,Very Negative
CALL-10989,AGT-108,2026-03-27,Phone,Billing Issue,Dallas,3.72,5,Yes,Neutral
CALL-10990,AGT-119,2026-01-28,Chat,Cancellation,New York,1.9300000000000002,5,No,Positive
CALL-10991,AGT-102,2026-01-25,Phone,Product Inquiry,Dallas,17.53,2,Yes,Negative
CALL-10992,AGT-128,2026-02-07,Phone,Product Inquiry,Dallas,2.98,5,No,Very Positive
CALL-10993,AGT-115,2026-06-25,Phone,Account Access,Los Angeles,14.1,5,Yes,Negative
CALL-10994,AGT-113,2026-02-16,Phone,Product Inquiry,Dallas,2.8600000000000003,3,Yes,Very Positive
CALL-10995,AGT-119,2026-04-11,Email,Account Access,New York,5.75,4,Yes,Negative
CALL-10996,AGT-107,2026-06-23,Phone,Product Inquiry,New York,8.379999999999999,3,Yes,Very Negative
CALL-10997,AGT-103,2026-04-01,Chat,Account Access,Los Angeles,18.95,2,Yes,Positive
CALL-10998,AGT-116,2026-01-24,Phone,Technical Support,New York,3.49,3,No,Positive
CALL-10999,AGT-118,2026-02-13,Email,Technical Support,New York,4.49,4,Yes,Positive
CALL-11000,AGT-131,2026-04-11,Chat,Technical Support,New York,7.89,1,Yes,Very Negative
CALL-11001,AGT-134,2026-06-16,Chat,Product Inquiry,Chicago,13.63,5,Yes,Neutral
CALL-11002,AGT-125,2026-06-25,Phone,Technical Support,Chicago,2.5,5,Yes,Positive
CALL-11003,AGT-137,2026-03-27,Chat,Billing Issue,Dallas,14.22,4,Yes,Very Positive
CALL-11004,AGT-102,2026-04-21,Email,Account Access,Dallas,5.43,2,Yes,Positive
CALL-11005,AGT-107,2026-01-15,Email,Account Access,Chicago,1.94,4,Yes,Neutral
CALL-11006,AGT-131,2026-03-21,Phone,Cancellation,New York,3.47,5,Yes,Positive
CALL-11007,AGT-109,2026-05-15,Chat,Account Access,Chicago,19.31,5,Yes,Neutral
CALL-11008,AGT-122,2026-01-04,Phone,Technical Support,Chicago,1.6400000000000001,4,Yes,Positive
CALL-11009,AGT-135,2026-05-24,Phone,Technical Support,Chicago,5.27,4,No,Positive
CALL-11010,AGT-135,2026-04-26,Chat,Account Access,Los Angeles,15.74,5,Yes,Positive
CALL-11011,AGT-135,2026-04-07,Phone,Product Inquiry,Chicago,1.29,5,Yes,Negative
CALL-11012,AGT-123,2026-04-02,Phone,Account Access,Los Angeles,4.46,4,Yes,Very Positive
CALL-11013,AGT-132,2026-06-06,Phone,Product Inquiry,Chicago,7.71,2,Yes,Very Negative
CALL-11014,AGT-120,2026-04-29,Email,Cancellation,Chicago,13.48,5,Yes,Very Positive
CALL-11015,AGT-114,2026-04-10,Chat,Product Inquiry,Los Angeles,3.67,3,Yes,Neutral
CALL-11016,AGT-129,2026-01-24,Phone,Technical Support,Dallas,16.05,2,Yes,Very Positive
CALL-11017,AGT-130,2026-06-21,Chat,Account Access,New York,3.76,2,Yes,Neutral
CALL-11018,AGT-138,2026-05-11,Email,Technical Support,Chicago,12.58,2,Yes,Negative
CALL-11019,AGT-129,2026-01-24,Phone,Cancellation,Los Angeles,6.93,1,Yes,Very Positive
CALL-11020,AGT-126,2026-06-03,Phone,Account Access,New York,2.15,5,Yes,Very Positive
CALL-11021,AGT-109,2026-02-10,Chat,Product Inquiry,New York,10.11,4,Yes,Positive
CALL-11022,AGT-113,2026-04-03,Phone,Product Inquiry,Chicago,7.91,3,Yes,Positive
CALL-11023,AGT-102,2026-05-11,Phone,Cancellation,Chicago,16.54,2,Yes,Neutral
CALL-11024,AGT-129,2026-01-17,Email,Billing Issue,Chicago,3.94,5,Yes,Neutral
CALL-11025,AGT-127,2026-05-10,Email,Cancellation,New York,7.58,3,Yes,Negative
CALL-11026,AGT-102,2026-05-14,Chat,Technical Support,Los Angeles,15.59,4,No,Negative
CALL-11027,AGT-129,2026-04-15,Phone,Technical Support,New York,1.07,5,No,Very Positive
CALL-11028,AGT-118,2026-01-21,Phone,Technical Support,Los Angeles,13.56,3,No,Very Negative
CALL-11029,AGT-126,2026-01-15,Phone,Billing Issue,Dallas,11.65,3,Yes,Neutral
CALL-11030,AGT-119,2026-01-25,Chat,Cancellation,Chicago,11.51,3,Yes,Positive
CALL-11031,AGT-125,2026-03-27,Chat,Cancellation,Los Angeles,4.6899999999999995,3,No,Very Positive
CALL-11032,AGT-102,2026-01-07,Phone,Billing Issue,Los Angeles,6.5,4,Yes,Neutral
CALL-11033,AGT-123,2026-02-10,Phone,Technical Support,Los Angeles,6.72,3,Yes,Positive
CALL-11034,AGT-117,2026-01-09,Chat,Billing Issue,Los Angeles,4.859999999999999,4,Yes,Negative
CALL-11035,AGT-116,2026-03-09,Phone,Product Inquiry,Los Angeles,2.7,4,Yes,Positive
CALL-11036,AGT-103,2026-02-21,Phone,Cancellation,Dallas,1.78,3,Yes,Negative
CALL-11037,AGT-125,2026-03-13,Email,Cancellation,Chicago,22.31,4,Yes,Neutral
CALL-11038,AGT-114,2026-01-16,Chat,Technical Support,New York,5.28,3,Yes,Positive
CALL-11039,AGT-119,2026-05-24,Chat,Technical Support,Chicago,7.44,2,Yes,Positive
CALL-11040,AGT-132,2026-06-07,Phone,Technical Support,New York,14.13,3,Yes,Neutral
CALL-11041,AGT-105,2026-06-29,Chat,Product Inquiry,Chicago,4.279999999999999,5,Yes,Positive
CALL-11042,AGT-110,2026-05-14,Chat,Product Inquiry,Dallas,1.79,3,Yes,Positive
CALL-11043,AGT-104,2026-04-14,Email,Account Access,Los Angeles,5.5,5,Yes,Neutral
CALL-11044,AGT-119,2026-04-05,Chat,Billing Issue,Chicago,1.62,1,Yes,Very Positive
CALL-11045,AGT-129,2026-03-06,Email,Technical Support,Dallas,5.33,3,Yes,Positive
CALL-11046,AGT-108,2026-02-20,Phone,Billing Issue,Chicago,1.04,2,Yes,Very Negative
CALL-11047,AGT-112,2026-06-10,Chat,Billing Issue,New York,3.65,3,Yes,Very Positive
CALL-11048,AGT-137,2026-04-28,Phone,Product Inquiry,New York,8.59,4,Yes,Very Positive
CALL-11049,AGT-133,2026-01-18,Phone,Technical Support,New York,10.58,4,No,Positive
CALL-11050,AGT-139,2026-01-10,Email,Product Inquiry,New York,6.3,3,Yes,Neutral
CALL-11051,AGT-112,2026-05-29,Chat,Technical Support,New York,2.3899999999999997,2,No,Positive
CALL-11052,AGT-135,2026-01-25,Phone,Account Access,Chicago,6.78,4,Yes,Positive
CALL-11053,AGT-129,2026-04-06,Chat,Account Access,Dallas,11.23,4,Yes,Neutral
CALL-11054,AGT-124,2026-03-07,Phone,Product Inquiry,Chicago,2.58,4,No,Negative
CALL-11055,AGT-128,2026-01-18,Phone,Cancellation,New York,37.04,2,Yes,Very Positive
CALL-11056,AGT-108,2026-05-08,Phone,Account Access,Dallas,16.07,1,Yes,Neutral
CALL-11057,AGT-112,2026-05-28,Phone,Billing Issue,Chicago,1.42,5,Yes,Very Positive
CALL-11058,AGT-129,2026-03-14,Chat,Technical Support,Chicago,1.22,2,Yes,Very Positive
CALL-11059,AGT-124,2026-01-09,Phone,Account Access,Chicago,11.81,5,Yes,Very Negative
CALL-11060,AGT-113,2026-05-20,Chat,Technical Support,Los Angeles,8.68,1,Yes,Negative
CALL-11061,AGT-112,2026-04-09,Email,Technical Support,Dallas,12.46,5,Yes,Neutral
CALL-11062,AGT-105,2026-01-01,Phone,Account Access,Chicago,10.23,5,Yes,Very Negative
CALL-11063,AGT-126,2026-05-21,Email,Account Access,Dallas,18.27,3,Yes,Very Positive
CALL-11064,AGT-127,2026-02-21,Phone,Billing Issue,Dallas,9.08,3,Yes,Neutral
CALL-11065,AGT-121,2026-04-10,Email,Product Inquiry,Dallas,1.88,4,Yes,Positive
CALL-11066,AGT-124,2026-01-17,Phone,Billing Issue,Dallas,12.2,4,Yes,Positive
CALL-11067,AGT-133,2026-01-31,Phone,Cancellation,Los Angeles,5.1,4,No,Very Positive
CALL-11068,AGT-109,2026-03-15,Chat,Cancellation,Los Angeles,3.48,3,Yes,Very Positive
CALL-11069,AGT-125,2026-01-24,Phone,Cancellation,Los Angeles,4.93,4,Yes,Positive
CALL-11070,AGT-128,2026-03-22,Chat,Account Access,New York,5.2,4,Yes,Neutral
CALL-11071,AGT-130,2026-04-08,Phone,Account Access,Los Angeles,6.57,4,Yes,Very Positive
CALL-11072,AGT-123,2026-05-20,Email,Cancellation,Dallas,25.12,3,Yes,Very Positive
CALL-11073,AGT-107,2026-04-19,Phone,Account Access,Chicago,9.17,5,Yes,Neutral
CALL-11074,AGT-129,2026-06-01,Email,Product Inquiry,New York,3.48,5,No,Positive
CALL-11075,AGT-129,2026-05-14,Phone,Product Inquiry,Dallas,5.63,3,Yes,Very Negative
CALL-11076,AGT-135,2026-03-01,Email,Cancellation,Los Angeles,6.5,5,Yes,Neutral
CALL-11077,AGT-114,2026-04-06,Email,Account Access,Dallas,3.41,2,No,Positive
CALL-11078,AGT-101,2026-01-11,Phone,Billing Issue,Los Angeles,5.47,4,Yes,Positive
CALL-11079,AGT-127,2026-03-03,Chat,Product Inquiry,New York,6.09,3,Yes,Positive
CALL-11080,AGT-114,2026-05-16,Phone,Billing Issue,Los Angeles,3.12,5,Yes,Neutral
CALL-11081,AGT-113,2026-02-25,Chat,Technical Support,Chicago,13.05,3,Yes,Neutral
CALL-11082,AGT-114,2026-02-22,Phone,Account Access,Chicago,3.27,1,Yes,Positive
CALL-11083,AGT-112,2026-05-28,Phone,Account Access,New York,8.35,4,Yes,Very Positive
CALL-11084,AGT-129,2026-02-14,Phone,Billing Issue,Los Angeles,18.49,4,Yes,Very Positive
CALL-11085,AGT-137,2026-05-02,Phone,Cancellation,New York,1.94,4,No,Very Positive
CALL-11086,AGT-134,2026-03-09,Phone,Billing Issue,Chicago,1.15,5,Yes,Neutral
CALL-11087,AGT-116,2026-05-03,Chat,Product Inquiry,New York,6.89,5,Yes,Very Positive
CALL-11088,AGT-111,2026-03-12,Chat,Product Inquiry,Los Angeles,2.8899999999999997,5,No,Positive
CALL-11089,AGT-105,2026-06-28,Phone,Product Inquiry,New York,4.609999999999999,4,Yes,Positive
CALL-11090,AGT-104,2026-01-21,Chat,Billing Issue,Chicago,1.65,3,Yes,Neutral
CALL-11091,AGT-128,2026-03-02,Phone,Product Inquiry,Los Angeles,9.61,4,Yes,Very Positive
CALL-11092,AGT-124,2026-01-07,Phone,Cancellation,Chicago,4.04,3,Yes,Very Negative
CALL-11093,AGT-121,2026-01-15,Phone,Cancellation,Los Angeles,1.45,4,Yes,Negative
CALL-11094,AGT-109,2026-02-26,Email,Account Access,Chicago,6.08,5,No,Positive
CALL-11095,AGT-128,2026-03-21,Phone,Cancellation,Chicago,3.03,5,Yes,Neutral
CALL-11096,AGT-118,2026-04-18,Phone,Cancellation,Los Angeles,3.05,5,No,Positive
CALL-11097,AGT-117,2026-03-04,Phone,Technical Support,New York,11.38,4,Yes,Very Positive
CALL-11098,AGT-138,2026-01-04,Chat,Product Inquiry,Chicago,1.06,5,Yes,Positive
CALL-11099,AGT-101,2026-05-11,Phone,Product Inquiry,Chicago,10.08,5,No,Positive
CALL-11100,AGT-122,2026-05-23,Phone,Billing Issue,Dallas,14.65,4,No,Very Negative
CALL-11101,AGT-119,2026-03-13,Email,Technical Support,Chicago,5.66,4,Yes,Negative
CALL-11102,AGT-128,2026-01-03,Email,Cancellation,Los Angeles,7.03,3,No,Positive
CALL-11103,AGT-119,2026-04-21,Phone,Product Inquiry,New York,6.08,5,Yes,Neutral
CALL-11104,AGT-119,2026-05-18,Chat,Account Access,Chicago,3.88,3,Yes,Neutral
CALL-11105,AGT-109,2026-04-08,Phone,Billing Issue,Los Angeles,4.4,4,Yes,Very Negative
CALL-11106,AGT-114,2026-06-11,Phone,Cancellation,Los Angeles,15.77,3,No,Positive
CALL-11107,AGT-119,2026-05-14,Phone,Product Inquiry,Los Angeles,18.39,5,Yes,Very Positive
CALL-11108,AGT-123,2026-01-23,Phone,Account Access,Los Angeles,2.62,4,Yes,Very Positive
CALL-11109,AGT-116,2026-01-31,Phone,Cancellation,New York,5.96,2,Yes,Negative
CALL-11110,AGT-111,2026-06-25,Chat,Technical Support,Los Angeles,4.5,4,Yes,Neutral
CALL-11111,AGT-133,2026-02-13,Phone,Billing Issue,Los Angeles,1.08,3,Yes,Positive
CALL-11112,AGT-107,2026-03-17,Chat,Cancellation,New York,12.46,3,Yes,Positive
CALL-11113,AGT-137,2026-04-01,Email,Account Access,Los Angeles,7.6,4,Yes,Negative
CALL-11114,AGT-135,2026-04-16,Email,Billing Issue,Los Angeles,8.64,5,Yes,Positive
CALL-11115,AGT-121,2026-05-10,Phone,Billing Issue,Dallas,14.05,4,Yes,Positive
CALL-11116,AGT-124,2026-05-19,Phone,Technical Support,Los Angeles,5.64,5,Yes,Positive
CALL-11117,AGT-102,2026-05-01,Phone,Product Inquiry,New York,3.2,2,Yes,Positive
CALL-11118,AGT-112,2026-03-05,Chat,Cancellation,Chicago,5.26,5,Yes,Neutral
CALL-11119,AGT-117,2026-03-19,Email,Technical Support,Chicago,2.7,3,Yes,Positive
CALL-11120,AGT-130,2026-01-21,Email,Billing Issue,Los Angeles,2.17,5,Yes,Very Positive
CALL-11121,AGT-109,2026-05-25,Email,Account Access,Dallas,1.25,4,Yes,Positive
CALL-11122,AGT-105,2026-03-14,Phone,Cancellation,Chicago,2.0,5,Yes,Neutral
CALL-11123,AGT-119,2026-02-16,Phone,Product Inquiry,Dallas,9.56,2,Yes,Negative
CALL-11124,AGT-117,2026-06-09,Phone,Cancellation,Los Angeles,4.359999999999999,2,Yes,Very Positive
CALL-11125,AGT-129,2026-06-21,Phone,Cancellation,Chicago,32.4,4,No,Positive
CALL-11126,AGT-105,2026-06-18,Phone,Cancellation,Los Angeles,2.48,4,No,Positive
CALL-11127,AGT-133,2026-02-02,Chat,Product Inquiry,Chicago,3.87,4,Yes,Very Positive
CALL-11128,AGT-122,2026-03-11,Phone,Technical Support,Los Angeles,7.83,3,Yes,Positive
CALL-11129,AGT-112,2026-01-27,Phone,Technical Support,Chicago,8.14,3,Yes,Negative
CALL-11130,AGT-113,2026-06-11,Chat,Product Inquiry,New York,1.56,2,Yes,Neutral
CALL-11131,AGT-132,2026-05-29,Phone,Billing Issue,Dallas,5.46,2,No,Positive
CALL-11132,AGT-108,2026-04-29,Phone,Cancellation,Dallas,7.32,4,Yes,Negative
CALL-11133,AGT-111,2026-01-14,Email,Account Access,Los Angeles,7.81,3,No,Very Positive
CALL-11134,AGT-105,2026-03-16,Chat,Account Access,Chicago,11.25,5,Yes,Negative
CALL-11135,AGT-125,2026-02-02,Email,Cancellation,Dallas,1.05,1,Yes,Positive
CALL-11136,AGT-104,2026-06-11,Phone,Cancellation,Chicago,6.93,4,Yes,Very Negative
CALL-11137,AGT-121,2026-02-24,Phone,Technical Support,New York,3.69,1,Yes,Neutral
CALL-11138,AGT-114,2026-01-30,Chat,Cancellation,New York,2.04,4,Yes,Very Positive
CALL-11139,AGT-106,2026-05-08,Phone,Billing Issue,New York,24.89,4,Yes,Very Positive
CALL-11140,AGT-125,2026-04-05,Email,Billing Issue,Los Angeles,5.54,4,Yes,Neutral
CALL-11141,AGT-125,2026-01-23,Phone,Account Access,Los Angeles,4.55,4,Yes,Positive
CALL-11142,AGT-108,2026-01-08,Phone,Technical Support,Los Angeles,5.03,3,No,Very Negative
CALL-11143,AGT-122,2026-05-13,Email,Cancellation,Dallas,6.59,3,No,Very Positive
CALL-11144,AGT-107,2026-06-15,Phone,Cancellation,Dallas,7.73,5,Yes,Negative
CALL-11145,AGT-115,2026-05-03,Phone,Technical Support,New York,6.29,4,Yes,Neutral
CALL-11146,AGT-138,2026-05-30,Phone,Billing Issue,Los Angeles,6.9,3,Yes,Positive
CALL-11147,AGT-136,2026-03-18,Chat,Cancellation,New York,10.14,4,Yes,Neutral
CALL-11148,AGT-112,2026-05-04,Chat,Account Access,Los Angeles,8.58,4,Yes,Neutral
CALL-11149,AGT-104,2026-03-28,Chat,Cancellation,New York,2.17,5,Yes,Very Negative
CALL-11150,AGT-137,2026-03-20,Phone,Billing Issue,New York,13.43,4,Yes,Positive
CALL-11151,AGT-109,2026-02-28,Phone,Billing Issue,Dallas,18.06,4,Yes,Very Negative
CALL-11152,AGT-127,2026-01-06,Email,Account Access,Chicago,8.49,5,Yes,Neutral
CALL-11153,AGT-119,2026-02-11,Email,Technical Support,Los Angeles,11.73,3,Yes,Very Positive
CALL-11154,AGT-126,2026-06-03,Phone,Billing Issue,New York,4.9399999999999995,4,Yes,Negative
CALL-11155,AGT-113,2026-05-20,Phone,Product Inquiry,Dallas,4.6,4,Yes,Positive
CALL-11156,AGT-121,2026-04-04,Phone,Technical Support,Dallas,18.06,3,Yes,Negative
CALL-11157,AGT-115,2026-03-22,Phone,Account Access,Chicago,19.76,5,Yes,Neutral
CALL-11158,AGT-139,2026-03-11,Phone,Product Inquiry,Los Angeles,1.2,2,No,Negative
CALL-11159,AGT-137,2026-06-20,Chat,Technical Support,Los Angeles,5.82,1,No,Neutral
CALL-11160,AGT-138,2026-04-06,Chat,Account Access,New York,4.779999999999999,4,Yes,Negative
CALL-11161,AGT-132,2026-01-21,Phone,Cancellation,Dallas,1.7,4,No,Very Positive
CALL-11162,AGT-123,2026-05-30,Phone,Cancellation,Chicago,3.55,4,Yes,Positive
CALL-11163,AGT-117,2026-04-19,Email,Product Inquiry,New York,9.21,5,Yes,Neutral
CALL-11164,AGT-103,2026-04-22,Phone,Cancellation,Chicago,7.71,4,Yes,Positive
CALL-11165,AGT-130,2026-04-23,Email,Billing Issue,Dallas,22.22,4,Yes,Neutral
CALL-11166,AGT-120,2026-01-17,Chat,Cancellation,Chicago,8.39,3,Yes,Negative
CALL-11167,AGT-129,2026-01-27,Chat,Cancellation,Dallas,2.44,5,Yes,Neutral
CALL-11168,AGT-103,2026-04-05,Chat,Product Inquiry,New York,12.68,5,Yes,Neutral
CALL-11169,AGT-120,2026-04-07,Chat,Cancellation,Chicago,7.94,3,Yes,Positive
CALL-11170,AGT-134,2026-05-26,Email,Billing Issue,Los Angeles,5.46,3,Yes,Positive
CALL-11171,AGT-136,2026-05-15,Phone,Cancellation,Dallas,1.51,3,Yes,Positive
CALL-11172,AGT-108,2026-05-21,Phone,Billing Issue,New York,4.41,2,Yes,Neutral
CALL-11173,AGT-113,2026-03-10,Phone,Billing Issue,New York,12.59,4,Yes,Negative
CALL-11174,AGT-106,2026-06-04,Email,Cancellation,Los Angeles,8.379999999999999,4,No,Positive
CALL-11175,AGT-114,2026-04-22,Chat,Billing Issue,New York,2.15,4,No,Positive
CALL-11176,AGT-105,2026-01-10,Email,Product Inquiry,Los Angeles,4.35,1,Yes,Neutral
CALL-11177,AGT-119,2026-03-11,Email,Product Inquiry,Los Angeles,1.63,4,Yes,Positive
CALL-11178,AGT-119,2026-06-20,Phone,Cancellation,Chicago,9.68,4,Yes,Very Negative
CALL-11179,AGT-103,2026-06-19,Chat,Cancellation,Chicago,3.69,2,Yes,Very Positive
CALL-11180,AGT-122,2026-02-04,Chat,Cancellation,New York,2.76,4,Yes,Positive
CALL-11181,AGT-114,2026-04-01,Phone,Cancellation,Chicago,2.8600000000000003,3,Yes,Positive
CALL-11182,AGT-120,2026-02-07,Phone,Billing Issue,Los Angeles,1.9,4,Yes,Neutral
CALL-11183,AGT-115,2026-04-30,Email,Account Access,Chicago,6.43,5,Yes,Positive
CALL-11184,AGT-108,2026-03-10,Chat,Product Inquiry,Los Angeles,3.66,3,Yes,Very Positive
CALL-11185,AGT-106,2026-03-21,Phone,Product Inquiry,Los Angeles,12.0,5,No,Neutral
CALL-11186,AGT-104,2026-02-13,Phone,Cancellation,Dallas,5.66,4,Yes,Neutral
CALL-11187,AGT-115,2026-03-10,Email,Account Access,Los Angeles,1.6,1,Yes,Positive
CALL-11188,AGT-127,2026-03-13,Phone,Technical Support,Dallas,9.55,2,Yes,Positive
CALL-11189,AGT-138,2026-04-06,Chat,Billing Issue,Dallas,6.27,2,Yes,Positive
CALL-11190,AGT-127,2026-02-21,Phone,Technical Support,New York,4.640000000000001,2,No,Negative
CALL-11191,AGT-107,2026-02-19,Phone,Billing Issue,Chicago,5.91,2,Yes,Neutral
CALL-11192,AGT-106,2026-05-10,Chat,Account Access,Los Angeles,8.690000000000001,5,Yes,Positive
CALL-11193,AGT-127,2026-04-10,Email,Billing Issue,New York,4.279999999999999,4,Yes,Positive
CALL-11194,AGT-101,2026-03-31,Phone,Technical Support,New York,12.73,2,No,Neutral
CALL-11195,AGT-127,2026-06-16,Email,Product Inquiry,Los Angeles,1.33,1,Yes,Negative
CALL-11196,AGT-132,2026-04-16,Chat,Technical Support,Chicago,1.54,5,Yes,Neutral
CALL-11197,AGT-127,2026-04-10,Phone,Account Access,Chicago,28.96,4,Yes,Very Positive
CALL-11198,AGT-107,2026-03-21,Phone,Technical Support,Dallas,6.18,5,No,Positive
CALL-11199,AGT-127,2026-04-13,Phone,Account Access,Dallas,5.01,4,Yes,Neutral
CALL-11200,AGT-127,2026-01-03,Chat,Billing Issue,Chicago,2.19,4,Yes,Neutral
CALL-11201,AGT-123,2026-03-30,Chat,Cancellation,New York,1.4,3,No,Neutral
CALL-11202,AGT-102,2026-01-16,Phone,Product Inquiry,Chicago,17.78,4,Yes,Positive
CALL-11203,AGT-130,2026-01-25,Chat,Account Access,New York,13.09,4,No,Negative
CALL-11204,AGT-139,2026-06-20,Chat,Account Access,Dallas,3.3,3,Yes,Positive
CALL-11205,AGT-106,2026-06-11,Chat,Cancellation,New York,1.3,5,Yes,Positive
CALL-11206,AGT-136,2026-01-08,Chat,Account Access,Los Angeles,13.75,3,Yes,Negative
CALL-11207,AGT-117,2026-02-02,Phone,Technical Support,Dallas,1.13,4,Yes,Negative
CALL-11208,AGT-109,2026-01-30,Email,Cancellation,New York,5.67,3,Yes,Neutral
CALL-11209,AGT-133,2026-04-17,Email,Account Access,New York,3.13,2,Yes,Positive
CALL-11210,AGT-110,2026-03-14,Email,Account Access,Dallas,7.35,1,Yes,Very Positive
CALL-11211,AGT-136,2026-01-20,Phone,Product Inquiry,New York,2.2800000000000002,4,Yes,Positive
CALL-11212,AGT-102,2026-04-17,Email,Product Inquiry,Los Angeles,5.73,4,Yes,Very Negative
CALL-11213,AGT-137,2026-04-20,Phone,Technical Support,New York,3.21,2,Yes,Neutral
CALL-11214,AGT-118,2026-05-07,Email,Product Inquiry,Chicago,2.81,4,Yes,Positive
CALL-11215,AGT-113,2026-06-21,Email,Account Access,Dallas,1.5,4,No,Very Positive
CALL-11216,AGT-137,2026-02-26,Email,Technical Support,Dallas,2.1,3,Yes,Very Positive
CALL-11217,AGT-111,2026-03-14,Chat,Billing Issue,Chicago,1.48,1,Yes,Positive
CALL-11218,AGT-128,2026-06-21,Phone,Cancellation,Chicago,4.26,4,Yes,Negative
CALL-11219,AGT-119,2026-02-16,Chat,Account Access,Dallas,3.41,5,Yes,Neutral
CALL-11220,AGT-120,2026-04-04,Chat,Technical Support,New York,14.88,5,Yes,Positive
CALL-11221,AGT-130,2026-04-01,Phone,Billing Issue,Dallas,15.41,4,No,Positive
CALL-11222,AGT-111,2026-02-24,Phone,Cancellation,Los Angeles,3.82,4,Yes,Positive
CALL-11223,AGT-135,2026-03-03,Phone,Account Access,New York,1.09,2,Yes,Very Positive
CALL-11224,AGT-127,2026-03-09,Phone,Product Inquiry,Dallas,4.84,3,Yes,Neutral
CALL-11225,AGT-123,2026-04-20,Email,Product Inquiry,Dallas,1.37,2,No,Neutral
CALL-11226,AGT-124,2026-05-05,Phone,Product Inquiry,New York,10.67,5,Yes,Positive
CALL-11227,AGT-108,2026-04-23,Phone,Product Inquiry,Los Angeles,4.88,5,No,Neutral
CALL-11228,AGT-138,2026-01-26,Chat,Cancellation,New York,3.12,4,No,Positive
CALL-11229,AGT-132,2026-06-12,Email,Billing Issue,Chicago,34.85,5,No,Neutral
CALL-11230,AGT-102,2026-03-16,Email,Technical Support,Chicago,11.49,5,Yes,Negative
CALL-11231,AGT-135,2026-01-24,Phone,Technical Support,Dallas,1.92,3,Yes,Negative
CALL-11232,AGT-129,2026-01-07,Phone,Product Inquiry,Chicago,5.65,5,Yes,Neutral
CALL-11233,AGT-124,2026-06-24,Email,Cancellation,Chicago,7.67,5,Yes,Positive
CALL-11234,AGT-103,2026-06-19,Phone,Account Access,New York,8.96,5,Yes,Neutral
CALL-11235,AGT-113,2026-01-26,Phone,Cancellation,Los Angeles,1.99,4,Yes,Positive
CALL-11236,AGT-131,2026-01-23,Chat,Cancellation,New York,16.98,1,No,Positive
CALL-11237,AGT-132,2026-06-24,Phone,Technical Support,Los Angeles,23.22,4,Yes,Negative
CALL-11238,AGT-121,2026-06-03,Chat,Cancellation,Los Angeles,1.79,4,Yes,Very Positive
CALL-11239,AGT-111,2026-06-04,Phone,Cancellation,New York,14.02,4,Yes,Positive
CALL-11240,AGT-117,2026-05-08,Phone,Product Inquiry,Dallas,5.49,3,Yes,Very Positive
CALL-11241,AGT-111,2026-02-13,Chat,Product Inquiry,Dallas,9.14,4,Yes,Very Negative
CALL-11242,AGT-124,2026-02-26,Chat,Cancellation,Los Angeles,1.97,4,Yes,Negative
CALL-11243,AGT-106,2026-01-19,Chat,Account Access,New York,7.32,3,Yes,Positive
CALL-11244,AGT-112,2026-06-21,Chat,Product Inquiry,Los Angeles,8.0,3,Yes,Neutral
CALL-11245,AGT-107,2026-03-17,Phone,Cancellation,Dallas,5.4,5,Yes,Positive
CALL-11246,AGT-110,2026-03-03,Email,Billing Issue,New York,19.21,1,Yes,Neutral
CALL-11247,AGT-115,2026-03-07,Phone,Product Inquiry,Los Angeles,3.02,4,No,Positive
CALL-11248,AGT-119,2026-03-12,Phone,Cancellation,New York,4.43,2,No,Very Positive
CALL-11249,AGT-120,2026-04-19,Phone,Technical Support,Los Angeles,7.99,4,Yes,Very Positive
CALL-11250,AGT-109,2026-03-25,Chat,Technical Support,Los Angeles,3.0,4,Yes,Very Negative
CALL-11251,AGT-105,2026-03-04,Phone,Billing Issue,Dallas,10.73,5,Yes,Positive
CALL-11252,AGT-125,2026-05-15,Chat,Cancellation,Dallas,5.96,2,No,Positive
CALL-11253,AGT-127,2026-05-08,Email,Cancellation,New York,5.01,3,Yes,Neutral
CALL-11254,AGT-110,2026-05-06,Phone,Account Access,New York,11.2,4,Yes,Negative
CALL-11255,AGT-102,2026-02-25,Phone,Cancellation,New York,7.02,5,Yes,Very Positive
CALL-11256,AGT-116,2026-03-27,Phone,Account Access,Chicago,32.06,3,Yes,Very Positive
CALL-11257,AGT-101,2026-04-27,Email,Account Access,New York,5.55,4,No,Very Positive
CALL-11258,AGT-107,2026-02-15,Email,Product Inquiry,Dallas,5.29,3,Yes,Positive
CALL-11259,AGT-133,2026-01-06,Email,Billing Issue,New York,4.63,2,No,Very Positive
CALL-11260,AGT-128,2026-01-18,Chat,Technical Support,Los Angeles,1.6099999999999999,1,Yes,Neutral
CALL-11261,AGT-102,2026-06-07,Phone,Technical Support,Dallas,3.96,5,Yes,Neutral
CALL-11262,AGT-126,2026-01-31,Email,Product Inquiry,Los Angeles,1.5699999999999998,5,Yes,Neutral
CALL-11263,AGT-116,2026-03-18,Chat,Billing Issue,Dallas,12.55,1,Yes,Positive
CALL-11264,AGT-112,2026-05-02,Email,Account Access,Dallas,16.67,4,Yes,Positive
CALL-11265,AGT-123,2026-01-17,Phone,Account Access,Dallas,4.9,5,Yes,Positive
CALL-11266,AGT-115,2026-04-24,Phone,Product Inquiry,New York,1.13,4,Yes,Positive
CALL-11267,AGT-116,2026-06-05,Chat,Billing Issue,New York,10.74,3,Yes,Very Negative
CALL-11268,AGT-118,2026-05-31,Email,Technical Support,Dallas,7.29,2,No,Neutral
CALL-11269,AGT-112,2026-04-03,Phone,Cancellation,New York,3.22,3,Yes,Positive
CALL-11270,AGT-128,2026-02-19,Phone,Technical Support,Chicago,4.18,3,Yes,Positive
CALL-11271,AGT-110,2026-05-31,Chat,Cancellation,Chicago,6.77,4,Yes,Neutral
CALL-11272,AGT-138,2026-01-28,Chat,Product Inquiry,Dallas,1.75,4,Yes,Very Positive
CALL-11273,AGT-102,2026-01-15,Phone,Product Inquiry,Chicago,2.34,4,No,Very Negative
CALL-11274,AGT-123,2026-01-19,Phone,Cancellation,Chicago,3.43,5,No,Neutral
CALL-11275,AGT-132,2026-06-24,Phone,Billing Issue,Chicago,3.56,4,Yes,Very Positive
CALL-11276,AGT-117,2026-01-14,Email,Technical Support,New York,4.29,3,Yes,Positive
CALL-11277,AGT-137,2026-01-14,Chat,Account Access,Chicago,3.48,5,Yes,Very Positive
CALL-11278,AGT-111,2026-01-22,Chat,Account Access,Dallas,5.55,1,Yes,Positive
CALL-11279,AGT-121,2026-04-20,Phone,Technical Support,Chicago,1.19,5,Yes,Neutral
CALL-11280,AGT-116,2026-04-15,Phone,Cancellation,Chicago,2.4699999999999998,3,Yes,Very Negative
CALL-11281,AGT-102,2026-04-19,Email,Technical Support,Los Angeles,2.52,3,Yes,Negative
CALL-11282,AGT-138,2026-03-22,Phone,Account Access,Dallas,6.31,5,Yes,Positive
CALL-11283,AGT-135,2026-02-08,Chat,Cancellation,New York,11.79,4,No,Positive
CALL-11284,AGT-124,2026-06-13,Phone,Product Inquiry,Dallas,10.7,4,Yes,Positive
CALL-11285,AGT-108,2026-06-22,Chat,Cancellation,New York,9.83,5,Yes,Very Negative
CALL-11286,AGT-106,2026-01-14,Phone,Account Access,Chicago,5.81,4,Yes,Positive
CALL-11287,AGT-102,2026-03-21,Chat,Billing Issue,Dallas,1.42,2,Yes,Positive
CALL-11288,AGT-132,2026-05-04,Phone,Account Access,Dallas,22.87,4,Yes,Positive
CALL-11289,AGT-136,2026-03-22,Chat,Technical Support,Los Angeles,26.91,3,Yes,Positive
CALL-11290,AGT-123,2026-04-15,Chat,Technical Support,New York,5.04,4,Yes,Very Positive
CALL-11291,AGT-114,2026-03-07,Phone,Technical Support,Los Angeles,7.16,2,Yes,Very Positive
CALL-11292,AGT-133,2026-02-08,Chat,Account Access,Chicago,13.84,2,No,Very Positive
CALL-11293,AGT-128,2026-03-05,Email,Billing Issue,Chicago,5.01,1,Yes,Very Positive
CALL-11294,AGT-120,2026-02-15,Chat,Technical Support,New York,5.12,5,Yes,Neutral
CALL-11295,AGT-114,2026-06-09,Chat,Account Access,Los Angeles,13.69,3,No,Positive
CALL-11296,AGT-138,2026-06-25,Phone,Cancellation,New York,2.94,3,Yes,Very Positive
CALL-11297,AGT-135,2026-02-21,Email,Technical Support,Los Angeles,4.45,4,Yes,Neutral
CALL-11298,AGT-115,2026-05-09,Phone,Billing Issue,Dallas,1.1400000000000001,3,Yes,Positive
CALL-11299,AGT-115,2026-06-27,Chat,Account Access,Los Angeles,4.76,4,Yes,Neutral
CALL-11300,AGT-117,2026-05-15,Email,Cancellation,Chicago,13.29,5,Yes,Very Positive
CALL-11301,AGT-118,2026-05-29,Phone,Cancellation,Dallas,15.27,3,No,Neutral
CALL-11302,AGT-121,2026-06-04,Phone,Account Access,Dallas,5.79,2,Yes,Positive
CALL-11303,AGT-105,2026-06-18,Chat,Product Inquiry,New York,5.57,5,Yes,Negative
CALL-11304,AGT-130,2026-03-18,Email,Product Inquiry,Dallas,5.54,2,Yes,Positive
CALL-11305,AGT-103,2026-04-11,Email,Product Inquiry,Los Angeles,1.12,4,Yes,Negative
CALL-11306,AGT-101,2026-04-18,Phone,Product Inquiry,New York,6.78,4,Yes,Very Negative
CALL-11307,AGT-119,2026-05-26,Phone,Billing Issue,Chicago,3.95,3,Yes,Positive
CALL-11308,AGT-119,2026-01-06,Chat,Billing Issue,Los Angeles,10.01,2,No,Very Negative
CALL-11309,AGT-121,2026-01-24,Phone,Technical Support,Dallas,18.79,1,Yes,Neutral
CALL-11310,AGT-111,2026-03-22,Chat,Billing Issue,New York,19.55,5,Yes,Positive
CALL-11311,AGT-126,2026-05-20,Phone,Cancellation,Chicago,4.68,5,Yes,Very Negative
CALL-11312,AGT-126,2026-04-26,Phone,Product Inquiry,New York,11.47,4,No,Positive
CALL-11313,AGT-126,2026-06-02,Phone,Billing Issue,Los Angeles,4.63,2,Yes,Very Positive
CALL-11314,AGT-111,2026-06-08,Phone,Product Inquiry,Chicago,8.35,4,No,Negative
CALL-11315,AGT-128,2026-05-30,Phone,Account Access,Los Angeles,3.13,3,Yes,Neutral
CALL-11316,AGT-118,2026-02-20,Phone,Product Inquiry,Dallas,4.51,3,No,Very Positive
CALL-11317,AGT-124,2026-04-18,Phone,Billing Issue,Chicago,4.57,5,Yes,Positive
CALL-11318,AGT-138,2026-05-02,Email,Technical Support,Dallas,11.88,3,Yes,Positive
CALL-11319,AGT-113,2026-06-01,Phone,Account Access,Chicago,2.0300000000000002,5,No,Negative
CALL-11320,AGT-123,2026-06-07,Phone,Technical Support,Dallas,23.48,4,No,Very Negative
CALL-11321,AGT-116,2026-03-29,Phone,Technical Support,Los Angeles,6.61,4,Yes,Negative
CALL-11322,AGT-125,2026-05-11,Chat,Technical Support,Los Angeles,1.69,4,No,Negative
CALL-11323,AGT-139,2026-02-04,Email,Billing Issue,Dallas,4.109999999999999,5,Yes,Neutral
CALL-11324,AGT-121,2026-04-02,Email,Billing Issue,Chicago,5.06,5,Yes,Very Positive
CALL-11325,AGT-129,2026-05-12,Email,Cancellation,Dallas,11.1,4,Yes,Negative
CALL-11326,AGT-121,2026-01-15,Phone,Product Inquiry,New York,3.41,4,Yes,Positive
CALL-11327,AGT-118,2026-05-29,Chat,Cancellation,Dallas,9.9,4,Yes,Neutral
CALL-11328,AGT-132,2026-02-07,Phone,Account Access,Chicago,7.73,3,Yes,Neutral
CALL-11329,AGT-118,2026-02-09,Phone,Cancellation,New York,2.76,3,No,Negative
CALL-11330,AGT-102,2026-01-28,Phone,Cancellation,Chicago,6.0,3,Yes,Neutral
CALL-11331,AGT-138,2026-02-12,Email,Cancellation,New York,3.29,5,No,Neutral
CALL-11332,AGT-129,2026-06-11,Chat,Account Access,Chicago,4.6899999999999995,2,No,Very Negative
CALL-11333,AGT-132,2026-01-06,Email,Account Access,Chicago,4.26,4,Yes,Very Negative
CALL-11334,AGT-118,2026-01-12,Email,Product Inquiry,Chicago,16.16,5,Yes,Positive
CALL-11335,AGT-129,2026-04-12,Phone,Billing Issue,Chicago,5.57,4,No,Very Negative
CALL-11336,AGT-103,2026-04-21,Phone,Account Access,Dallas,4.720000000000001,4,No,Neutral
CALL-11337,AGT-126,2026-03-22,Phone,Account Access,Chicago,21.69,4,Yes,Positive
CALL-11338,AGT-105,2026-04-04,Chat,Technical Support,Los Angeles,18.98,4,Yes,Positive
CALL-11339,AGT-120,2026-05-24,Phone,Account Access,Chicago,5.63,4,Yes,Neutral
CALL-11340,AGT-104,2026-02-23,Chat,Cancellation,New York,4.67,4,Yes,Neutral
CALL-11341,AGT-125,2026-01-26,Phone,Product Inquiry,New York,10.85,3,Yes,Neutral
CALL-11342,AGT-106,2026-06-05,Phone,Cancellation,Los Angeles,6.94,5,Yes,Very Positive
CALL-11343,AGT-130,2026-04-09,Chat,Cancellation,Chicago,15.47,1,Yes,Negative
CALL-11344,AGT-115,2026-05-26,Phone,Cancellation,New York,3.61,2,Yes,Positive
CALL-11345,AGT-138,2026-05-20,Chat,Cancellation,New York,10.48,5,Yes,Very Negative
CALL-11346,AGT-123,2026-05-17,Phone,Product Inquiry,Chicago,4.720000000000001,4,Yes,Neutral
CALL-11347,AGT-139,2026-04-10,Chat,Account Access,Dallas,13.7,3,No,Very Positive
CALL-11348,AGT-135,2026-04-05,Phone,Product Inquiry,New York,8.940000000000001,5,Yes,Very Negative
CALL-11349,AGT-116,2026-02-01,Chat,Account Access,Dallas,2.3899999999999997,3,Yes,Positive
CALL-11350,AGT-128,2026-02-15,Email,Cancellation,Chicago,4.43,5,Yes,Neutral
CALL-11351,AGT-137,2026-06-19,Phone,Product Inquiry,Dallas,2.66,5,Yes,Neutral
CALL-11352,AGT-137,2026-06-12,Chat,Billing Issue,Dallas,1.12,3,Yes,Neutral
CALL-11353,AGT-136,2026-03-13,Phone,Technical Support,New York,8.04,5,Yes,Positive
CALL-11354,AGT-131,2026-03-19,Phone,Product Inquiry,Chicago,10.06,2,Yes,Positive
CALL-11355,AGT-124,2026-01-28,Email,Technical Support,New York,5.47,1,Yes,Neutral
CALL-11356,AGT-120,2026-01-15,Phone,Billing Issue,Los Angeles,9.14,1,Yes,Neutral
CALL-11357,AGT-115,2026-04-11,Phone,Technical Support,Los Angeles,13.23,4,No,Neutral
CALL-11358,AGT-136,2026-02-16,Phone,Technical Support,New York,5.31,3,Yes,Positive
CALL-11359,AGT-122,2026-02-10,Phone,Billing Issue,Dallas,27.73,3,Yes,Positive
CALL-11360,AGT-107,2026-04-11,Chat,Cancellation,Los Angeles,6.06,3,Yes,Negative
CALL-11361,AGT-110,2026-01-17,Email,Technical Support,Los Angeles,6.78,2,Yes,Positive
CALL-11362,AGT-109,2026-03-27,Phone,Billing Issue,Chicago,9.46,1,Yes,Neutral
CALL-11363,AGT-128,2026-03-24,Chat,Cancellation,Chicago,20.57,4,Yes,Positive
CALL-11364,AGT-122,2026-04-22,Phone,Billing Issue,New York,11.42,3,Yes,Very Positive
CALL-11365,AGT-102,2026-04-01,Phone,Product Inquiry,New York,1.48,1,Yes,Very Positive
CALL-11366,AGT-104,2026-02-05,Phone,Billing Issue,New York,27.13,2,Yes,Neutral
CALL-11367,AGT-134,2026-06-26,Phone,Technical Support,Chicago,3.48,4,Yes,Negative
CALL-11368,AGT-114,2026-01-14,Phone,Cancellation,Los Angeles,1.07,3,Yes,Positive
CALL-11369,AGT-120,2026-03-15,Phone,Technical Support,New York,4.029999999999999,4,Yes,Neutral
CALL-11370,AGT-109,2026-05-24,Email,Cancellation,Chicago,7.13,3,Yes,Negative
CALL-11371,AGT-111,2026-02-21,Phone,Product Inquiry,New York,2.1799999999999997,5,Yes,Neutral
CALL-11372,AGT-129,2026-04-14,Chat,Cancellation,Los Angeles,14.15,4,Yes,Positive
CALL-11373,AGT-110,2026-06-06,Phone,Billing Issue,Dallas,1.2,3,Yes,Very Positive
CALL-11374,AGT-121,2026-04-15,Chat,Product Inquiry,New York,11.31,4,Yes,Positive
CALL-11375,AGT-126,2026-05-10,Chat,Billing Issue,Los Angeles,8.79,4,Yes,Positive
CALL-11376,AGT-106,2026-01-15,Phone,Cancellation,New York,4.8,4,Yes,Positive
CALL-11377,AGT-109,2026-06-02,Chat,Technical Support,Dallas,2.7199999999999998,5,No,Neutral
CALL-11378,AGT-109,2026-03-02,Phone,Account Access,New York,2.24,3,Yes,Positive
CALL-11379,AGT-105,2026-04-23,Chat,Product Inquiry,Dallas,5.85,5,Yes,Neutral
CALL-11380,AGT-131,2026-01-12,Phone,Account Access,Dallas,10.74,3,Yes,Positive
CALL-11381,AGT-137,2026-04-06,Email,Product Inquiry,New York,2.46,4,Yes,Very Positive
CALL-11382,AGT-104,2026-01-20,Phone,Technical Support,Dallas,5.6,3,Yes,Very Positive
CALL-11383,AGT-119,2026-01-14,Phone,Account Access,New York,2.92,4,No,Neutral
CALL-11384,AGT-114,2026-05-14,Chat,Cancellation,Los Angeles,13.53,4,No,Positive
CALL-11385,AGT-130,2026-05-28,Phone,Technical Support,Dallas,19.06,1,Yes,Positive
CALL-11386,AGT-105,2026-01-05,Phone,Account Access,New York,9.02,2,Yes,Neutral
CALL-11387,AGT-134,2026-02-25,Phone,Billing Issue,Los Angeles,5.59,2,No,Very Positive
CALL-11388,AGT-132,2026-03-19,Email,Technical Support,Dallas,9.44,5,No,Neutral
CALL-11389,AGT-105,2026-03-26,Phone,Product Inquiry,Los Angeles,4.38,5,Yes,Positive
CALL-11390,AGT-135,2026-06-29,Phone,Cancellation,Los Angeles,6.84,5,Yes,Positive
CALL-11391,AGT-113,2026-06-07,Chat,Account Access,Dallas,5.27,4,Yes,Positive
CALL-11392,AGT-118,2026-01-19,Email,Account Access,Los Angeles,8.17,4,Yes,Positive
CALL-11393,AGT-104,2026-01-05,Phone,Product Inquiry,New York,2.08,2,Yes,Negative
CALL-11394,AGT-125,2026-04-25,Phone,Technical Support,Dallas,5.44,4,Yes,Neutral
CALL-11395,AGT-130,2026-01-30,Phone,Cancellation,Los Angeles,10.01,3,No,Positive
CALL-11396,AGT-138,2026-04-25,Phone,Cancellation,Chicago,3.29,4,Yes,Very Negative
CALL-11397,AGT-102,2026-03-26,Chat,Technical Support,Los Angeles,1.13,4,Yes,Positive
CALL-11398,AGT-111,2026-06-26,Email,Account Access,Dallas,3.82,5,No,Positive
CALL-11399,AGT-128,2026-06-02,Phone,Billing Issue,Chicago,19.95,5,Yes,Positive
CALL-11400,AGT-134,2026-01-18,Phone,Product Inquiry,Los Angeles,15.78,5,Yes,Very Positive
CALL-11401,AGT-138,2026-01-28,Phone,Billing Issue,Dallas,4.45,2,No,Very Positive
CALL-11402,AGT-136,2026-06-05,Chat,Cancellation,Dallas,10.24,4,Yes,Positive
CALL-11403,AGT-131,2026-02-09,Email,Account Access,Dallas,14.26,4,Yes,Neutral
CALL-11404,AGT-109,2026-01-15,Phone,Billing Issue,Chicago,3.9,5,Yes,Positive
CALL-11405,AGT-106,2026-02-26,Phone,Technical Support,Chicago,3.46,1,No,Neutral
CALL-11406,AGT-103,2026-03-03,Chat,Billing Issue,Chicago,5.67,4,No,Positive
CALL-11407,AGT-110,2026-05-29,Email,Cancellation,New York,18.4,3,No,Neutral
CALL-11408,AGT-131,2026-05-12,Email,Cancellation,Chicago,5.01,4,Yes,Positive
CALL-11409,AGT-106,2026-05-15,Phone,Billing Issue,Chicago,1.1,4,Yes,Very Positive
CALL-11410,AGT-114,2026-03-27,Chat,Cancellation,Los Angeles,1.46,5,No,Positive
CALL-11411,AGT-134,2026-02-08,Chat,Cancellation,New York,4.17,4,Yes,Very Positive
CALL-11412,AGT-129,2026-04-06,Chat,Technical Support,Los Angeles,29.86,3,Yes,Very Negative
CALL-11413,AGT-105,2026-02-03,Chat,Billing Issue,Los Angeles,13.84,5,Yes,Very Positive
CALL-11414,AGT-125,2026-02-22,Phone,Technical Support,Chicago,6.22,3,No,Very Negative
CALL-11415,AGT-134,2026-01-14,Chat,Technical Support,Los Angeles,6.16,4,Yes,Very Positive
CALL-11416,AGT-135,2026-05-21,Phone,Billing Issue,New York,9.24,3,No,Neutral
CALL-11417,AGT-128,2026-01-23,Chat,Product Inquiry,Chicago,11.29,1,Yes,Positive
CALL-11418,AGT-124,2026-04-20,Email,Account Access,Chicago,33.13,1,Yes,Positive
CALL-11419,AGT-131,2026-01-06,Phone,Product Inquiry,Chicago,7.53,1,No,Neutral
CALL-11420,AGT-110,2026-02-02,Phone,Product Inquiry,Los Angeles,6.48,5,No,Neutral
CALL-11421,AGT-132,2026-04-19,Phone,Cancellation,New York,2.49,3,Yes,Very Positive
CALL-11422,AGT-106,2026-03-14,Phone,Technical Support,Dallas,13.39,5,Yes,Positive
CALL-11423,AGT-106,2026-01-06,Phone,Product Inquiry,Dallas,2.92,4,Yes,Negative
CALL-11424,AGT-106,2026-05-31,Phone,Product Inquiry,Chicago,8.219999999999999,4,Yes,Negative
CALL-11425,AGT-107,2026-04-15,Phone,Cancellation,Chicago,3.98,4,No,Positive
CALL-11426,AGT-111,2026-06-06,Phone,Cancellation,New York,1.48,4,No,Very Positive
CALL-11427,AGT-110,2026-06-17,Phone,Billing Issue,New York,1.44,4,Yes,Neutral
CALL-11428,AGT-112,2026-01-10,Chat,Technical Support,Los Angeles,4.029999999999999,3,Yes,Very Positive
CALL-11429,AGT-114,2026-05-27,Phone,Cancellation,New York,6.47,3,Yes,Positive
CALL-11430,AGT-130,2026-02-27,Phone,Billing Issue,Dallas,7.08,2,Yes,Neutral
CALL-11431,AGT-101,2026-02-16,Email,Account Access,New York,5.35,5,Yes,Positive
CALL-11432,AGT-130,2026-01-01,Chat,Product Inquiry,Chicago,4.74,3,Yes,Very Negative
CALL-11433,AGT-112,2026-01-20,Phone,Product Inquiry,Los Angeles,12.77,3,Yes,Neutral
CALL-11434,AGT-131,2026-01-03,Phone,Technical Support,Dallas,10.41,5,Yes,Positive
CALL-11435,AGT-108,2026-05-27,Phone,Technical Support,Chicago,7.12,2,Yes,Very Positive
CALL-11436,AGT-137,2026-05-08,Email,Technical Support,Los Angeles,3.13,3,No,Very Positive
CALL-11437,AGT-119,2026-02-07,Phone,Product Inquiry,Chicago,3.91,5,Yes,Neutral
CALL-11438,AGT-117,2026-02-08,Phone,Product Inquiry,New York,3.96,5,Yes,Very Positive
CALL-11439,AGT-108,2026-04-23,Chat,Account Access,Chicago,2.88,4,Yes,Positive
CALL-11440,AGT-137,2026-06-25,Phone,Product Inquiry,Dallas,10.36,4,Yes,Negative
CALL-11441,AGT-135,2026-06-05,Email,Technical Support,Dallas,2.04,4,No,Neutral
CALL-11442,AGT-132,2026-06-03,Phone,Cancellation,Dallas,1.32,4,Yes,Very Negative
CALL-11443,AGT-102,2026-04-27,Chat,Product Inquiry,Los Angeles,3.38,5,Yes,Positive
CALL-11444,AGT-102,2026-05-12,Phone,Cancellation,Dallas,9.38,4,Yes,Positive
CALL-11445,AGT-108,2026-06-23,Phone,Product Inquiry,Los Angeles,1.3900000000000001,2,No,Neutral
CALL-11446,AGT-115,2026-02-22,Chat,Technical Support,New York,6.62,3,Yes,Very Negative
CALL-11447,AGT-134,2026-02-28,Phone,Account Access,New York,1.98,5,Yes,Very Positive
CALL-11448,AGT-126,2026-05-16,Phone,Technical Support,Chicago,9.83,5,No,Neutral
CALL-11449,AGT-116,2026-01-12,Email,Account Access,New York,1.8,4,No,Neutral
CALL-11450,AGT-137,2026-06-19,Phone,Account Access,Chicago,11.44,2,Yes,Very Negative
CALL-11451,AGT-108,2026-02-27,Chat,Technical Support,Los Angeles,10.23,3,Yes,Neutral
CALL-11452,AGT-133,2026-06-25,Phone,Billing Issue,Dallas,2.6100000000000003,4,Yes,Positive
CALL-11453,AGT-128,2026-05-20,Phone,Account Access,New York,9.0,5,Yes,Positive
CALL-11454,AGT-110,2026-01-18,Phone,Technical Support,New York,3.8,3,Yes,Positive
CALL-11455,AGT-131,2026-03-07,Phone,Cancellation,Dallas,7.87,4,Yes,Positive
CALL-11456,AGT-115,2026-06-03,Chat,Cancellation,New York,6.13,2,Yes,Negative
CALL-11457,AGT-106,2026-06-04,Email,Product Inquiry,Dallas,2.38,4,Yes,Positive
CALL-11458,AGT-126,2026-03-09,Phone,Billing Issue,New York,4.5,3,No,Positive
CALL-11459,AGT-112,2026-03-26,Phone,Product Inquiry,Dallas,2.9299999999999997,4,Yes,Very Positive
CALL-11460,AGT-133,2026-03-09,Phone,Cancellation,Los Angeles,7.42,5,Yes,Negative
CALL-11461,AGT-115,2026-03-04,Email,Cancellation,Dallas,11.02,3,Yes,Positive
CALL-11462,AGT-103,2026-03-03,Chat,Account Access,New York,4.51,5,Yes,Negative
CALL-11463,AGT-110,2026-02-01,Phone,Billing Issue,New York,4.66,4,Yes,Positive
CALL-11464,AGT-134,2026-03-18,Email,Cancellation,Chicago,1.55,4,Yes,Neutral
CALL-11465,AGT-117,2026-04-27,Phone,Technical Support,Los Angeles,13.27,4,No,Very Positive
CALL-11466,AGT-115,2026-03-01,Chat,Cancellation,Los Angeles,7.12,4,Yes,Negative
CALL-11467,AGT-115,2026-02-05,Phone,Product Inquiry,Chicago,6.08,5,Yes,Positive
CALL-11468,AGT-130,2026-06-22,Email,Technical Support,New York,8.6,5,Yes,Very Positive
CALL-11469,AGT-112,2026-01-30,Phone,Billing Issue,Dallas,3.05,5,Yes,Negative
CALL-11470,AGT-115,2026-02-05,Email,Technical Support,Dallas,20.34,4,Yes,Neutral
CALL-11471,AGT-102,2026-06-15,Phone,Product Inquiry,Los Angeles,2.24,3,Yes,Negative
CALL-11472,AGT-137,2026-04-23,Phone,Product Inquiry,Los Angeles,2.58,1,Yes,Negative
CALL-11473,AGT-115,2026-06-25,Chat,Cancellation,Dallas,1.5699999999999998,5,Yes,Positive
CALL-11474,AGT-104,2026-04-18,Chat,Cancellation,Los Angeles,9.0,5,Yes,Negative
CALL-11475,AGT-112,2026-05-09,Phone,Billing Issue,Los Angeles,1.29,2,No,Neutral
CALL-11476,AGT-139,2026-01-09,Email,Billing Issue,Chicago,2.6399999999999997,3,Yes,Positive
CALL-11477,AGT-121,2026-04-15,Phone,Technical Support,Chicago,4.68,5,Yes,Very Positive
CALL-11478,AGT-115,2026-02-16,Chat,Technical Support,Chicago,4.8100000000000005,2,Yes,Negative
CALL-11479,AGT-135,2026-06-06,Email,Cancellation,Dallas,11.83,2,Yes,Negative
CALL-11480,AGT-131,2026-03-10,Chat,Cancellation,Dallas,1.3,5,Yes,Positive
CALL-11481,AGT-122,2026-03-13,Phone,Product Inquiry,Los Angeles,10.25,3,Yes,Neutral
CALL-11482,AGT-106,2026-01-16,Phone,Billing Issue,Chicago,1.37,4,No,Neutral
CALL-11483,AGT-122,2026-01-31,Phone,Product Inquiry,Chicago,16.2,3,Yes,Very Negative
CALL-11484,AGT-135,2026-03-27,Chat,Technical Support,Los Angeles,1.98,4,Yes,Very Positive
CALL-11485,AGT-131,2026-06-16,Chat,Technical Support,Chicago,3.11,4,Yes,Neutral
CALL-11486,AGT-108,2026-03-16,Chat,Product Inquiry,New York,7.18,4,Yes,Positive
CALL-11487,AGT-132,2026-05-16,Email,Account Access,Dallas,3.04,2,Yes,Positive
CALL-11488,AGT-110,2026-03-24,Chat,Technical Support,New York,15.33,4,No,Very Negative
CALL-11489,AGT-115,2026-03-01,Email,Product Inquiry,Los Angeles,7.46,5,Yes,Positive
CALL-11490,AGT-136,2026-02-21,Email,Account Access,New York,1.19,5,Yes,Very Negative
CALL-11491,AGT-134,2026-01-14,Phone,Account Access,New York,6.62,3,Yes,Negative
CALL-11492,AGT-131,2026-01-09,Chat,Product Inquiry,New York,11.89,2,Yes,Very Positive
CALL-11493,AGT-126,2026-02-26,Phone,Product Inquiry,Los Angeles,14.0,5,Yes,Very Positive
CALL-11494,AGT-119,2026-05-28,Phone,Account Access,Dallas,6.21,4,No,Neutral
CALL-11495,AGT-123,2026-05-23,Phone,Product Inquiry,Los Angeles,6.87,1,Yes,Very Positive
CALL-11496,AGT-135,2026-05-25,Chat,Technical Support,Los Angeles,4.15,3,Yes,Very Positive
CALL-11497,AGT-129,2026-02-06,Phone,Technical Support,Dallas,14.0,4,Yes,Neutral
CALL-11498,AGT-127,2026-01-31,Chat,Billing Issue,Dallas,1.9,4,Yes,Neutral
CALL-11499,AGT-118,2026-01-21,Email,Product Inquiry,Dallas,14.72,5,No,Positive
CALL-11500,AGT-119,2026-02-18,Phone,Account Access,Los Angeles,11.93,2,Yes,Very Positive
CALL-11501,AGT-139,2026-06-09,Chat,Cancellation,New York,4.65,5,Yes,Very Negative
CALL-11502,AGT-116,2026-05-26,Phone,Technical Support,New York,5.73,1,Yes,Negative
CALL-11503,AGT-108,2026-04-13,Phone,Account Access,New York,8.969999999999999,5,No,Neutral
CALL-11504,AGT-116,2026-05-23,Email,Technical Support,Los Angeles,1.12,5,Yes,Very Positive
CALL-11505,AGT-126,2026-04-18,Phone,Product Inquiry,New York,25.05,4,Yes,Very Positive
CALL-11506,AGT-133,2026-05-28,Chat,Cancellation,New York,12.08,1,No,Very Positive
CALL-11507,AGT-103,2026-04-07,Email,Account Access,Dallas,8.27,5,Yes,Positive
CALL-11508,AGT-123,2026-06-23,Email,Cancellation,Dallas,1.79,4,Yes,Very Positive
CALL-11509,AGT-106,2026-05-03,Phone,Cancellation,Los Angeles,6.31,5,Yes,Positive
CALL-11510,AGT-131,2026-06-25,Phone,Cancellation,Dallas,6.74,5,Yes,Negative
CALL-11511,AGT-126,2026-01-22,Phone,Technical Support,Dallas,11.5,5,No,Neutral
CALL-11512,AGT-126,2026-03-12,Chat,Billing Issue,Dallas,1.6400000000000001,2,Yes,Neutral
CALL-11513,AGT-138,2026-03-20,Chat,Account Access,Los Angeles,1.2,5,No,Very Negative
CALL-11514,AGT-132,2026-02-14,Chat,Technical Support,New York,4.4,4,Yes,Positive
CALL-11515,AGT-125,2026-01-01,Phone,Product Inquiry,New York,11.12,2,Yes,Very Positive
CALL-11516,AGT-134,2026-05-29,Chat,Cancellation,Los Angeles,4.3,3,Yes,Negative
CALL-11517,AGT-101,2026-04-07,Phone,Billing Issue,Dallas,13.61,4,Yes,Very Positive
CALL-11518,AGT-107,2026-02-15,Chat,Billing Issue,New York,21.72,4,Yes,Neutral
CALL-11519,AGT-124,2026-06-02,Phone,Billing Issue,New York,3.28,1,No,Neutral
CALL-11520,AGT-126,2026-01-24,Chat,Product Inquiry,New York,1.6600000000000001,4,No,Very Negative
CALL-11521,AGT-122,2026-06-24,Phone,Cancellation,New York,7.01,3,No,Very Negative
CALL-11522,AGT-127,2026-02-17,Chat,Technical Support,Dallas,12.26,3,Yes,Very Negative
CALL-11523,AGT-130,2026-05-21,Email,Billing Issue,Dallas,1.1400000000000001,4,Yes,Neutral
CALL-11524,AGT-117,2026-06-09,Phone,Product Inquiry,Dallas,4.1,5,Yes,Neutral
CALL-11525,AGT-110,2026-04-20,Email,Cancellation,Los Angeles,2.35,3,Yes,Positive
CALL-11526,AGT-113,2026-01-14,Chat,Product Inquiry,Dallas,33.61,2,Yes,Neutral
CALL-11527,AGT-134,2026-01-03,Email,Product Inquiry,Dallas,21.02,4,No,Very Negative
CALL-11528,AGT-137,2026-06-04,Phone,Cancellation,Chicago,6.16,4,No,Very Positive
CALL-11529,AGT-110,2026-02-18,Phone,Technical Support,Chicago,4.18,4,Yes,Negative
CALL-11530,AGT-106,2026-03-10,Chat,Product Inquiry,New York,8.08,2,Yes,Neutral
CALL-11531,AGT-121,2026-03-02,Chat,Account Access,New York,4.45,1,Yes,Neutral
CALL-11532,AGT-115,2026-01-13,Phone,Technical Support,Dallas,1.48,4,No,Neutral
CALL-11533,AGT-101,2026-05-23,Phone,Billing Issue,New York,4.640000000000001,5,Yes,Very Negative
CALL-11534,AGT-101,2026-05-30,Email,Technical Support,Dallas,14.47,3,Yes,Positive
CALL-11535,AGT-102,2026-05-22,Phone,Technical Support,Los Angeles,13.55,5,Yes,Very Positive
CALL-11536,AGT-102,2026-04-05,Phone,Account Access,Dallas,5.54,3,Yes,Neutral
CALL-11537,AGT-127,2026-06-25,Phone,Cancellation,Chicago,10.07,3,Yes,Neutral
CALL-11538,AGT-139,2026-04-06,Chat,Account Access,Dallas,1.65,3,No,Negative
CALL-11539,AGT-118,2026-03-08,Chat,Technical Support,Los Angeles,10.0,4,Yes,Positive
CALL-11540,AGT-126,2026-06-04,Chat,Technical Support,Dallas,11.24,4,Yes,Very Negative
CALL-11541,AGT-118,2026-06-20,Phone,Technical Support,Los Angeles,13.94,3,Yes,Positive
CALL-11542,AGT-139,2026-06-28,Phone,Cancellation,Los Angeles,2.3600000000000003,4,Yes,Negative
CALL-11543,AGT-117,2026-05-15,Chat,Technical Support,Los Angeles,1.5,3,Yes,Neutral
CALL-11544,AGT-110,2026-02-22,Chat,Billing Issue,Dallas,2.8200000000000003,2,No,Neutral
CALL-11545,AGT-119,2026-01-25,Phone,Billing Issue,Los Angeles,1.33,3,Yes,Very Positive
CALL-11546,AGT-114,2026-05-16,Phone,Cancellation,Dallas,10.25,3,Yes,Very Positive
CALL-11547,AGT-120,2026-02-23,Chat,Billing Issue,Dallas,1.52,4,Yes,Negative
CALL-11548,AGT-111,2026-01-06,Email,Billing Issue,Chicago,3.64,4,Yes,Neutral
CALL-11549,AGT-119,2026-06-01,Phone,Technical Support,Dallas,3.07,3,Yes,Very Positive
CALL-11550,AGT-128,2026-05-18,Email,Technical Support,Chicago,1.69,4,Yes,Negative
CALL-11551,AGT-121,2026-05-11,Chat,Technical Support,Los Angeles,1.1,2,Yes,Positive
CALL-11552,AGT-121,2026-05-15,Phone,Account Access,Los Angeles,3.27,1,Yes,Positive
CALL-11553,AGT-110,2026-04-24,Chat,Account Access,Dallas,2.71,3,Yes,Negative
CALL-11554,AGT-105,2026-02-07,Phone,Billing Issue,Dallas,2.3200000000000003,4,Yes,Neutral
CALL-11555,AGT-101,2026-05-16,Chat,Product Inquiry,Dallas,5.75,4,Yes,Negative
CALL-11556,AGT-101,2026-01-29,Chat,Cancellation,New York,4.7,4,Yes,Very Negative
CALL-11557,AGT-113,2026-01-04,Phone,Product Inquiry,Chicago,5.24,5,No,Neutral
CALL-11558,AGT-129,2026-01-05,Chat,Billing Issue,Chicago,13.86,5,No,Negative
CALL-11559,AGT-131,2026-01-07,Chat,Account Access,Chicago,27.57,4,Yes,Positive
CALL-11560,AGT-126,2026-01-01,Chat,Billing Issue,Dallas,2.42,4,Yes,Positive
CALL-11561,AGT-108,2026-03-01,Phone,Billing Issue,New York,3.06,4,No,Very Positive
CALL-11562,AGT-125,2026-04-03,Phone,Cancellation,Dallas,7.27,4,Yes,Very Positive
CALL-11563,AGT-107,2026-01-16,Email,Billing Issue,New York,1.62,2,Yes,Very Positive
CALL-11564,AGT-101,2026-04-25,Email,Billing Issue,Chicago,10.8,5,Yes,Negative
CALL-11565,AGT-122,2026-04-20,Email,Cancellation,New York,27.02,4,Yes,Very Positive
CALL-11566,AGT-129,2026-03-06,Phone,Technical Support,Chicago,7.13,2,No,Very Positive
CALL-11567,AGT-121,2026-04-05,Chat,Account Access,Dallas,4.220000000000001,4,Yes,Neutral
CALL-11568,AGT-123,2026-04-22,Phone,Account Access,Los Angeles,7.74,5,Yes,Neutral
CALL-11569,AGT-106,2026-06-07,Phone,Account Access,New York,4.62,4,No,Positive
CALL-11570,AGT-103,2026-04-30,Email,Billing Issue,Chicago,6.94,2,Yes,Very Negative
CALL-11571,AGT-130,2026-01-15,Phone,Cancellation,Dallas,15.28,3,Yes,Neutral
CALL-11572,AGT-108,2026-01-22,Chat,Product Inquiry,Los Angeles,2.58,4,Yes,Very Positive
CALL-11573,AGT-115,2026-03-23,Phone,Product Inquiry,Dallas,1.05,4,Yes,Positive
CALL-11574,AGT-119,2026-05-08,Chat,Product Inquiry,New York,7.17,5,No,Very Negative
CALL-11575,AGT-107,2026-04-25,Phone,Technical Support,Chicago,2.45,5,Yes,Negative
CALL-11576,AGT-101,2026-06-10,Email,Technical Support,Los Angeles,7.83,2,Yes,Very Positive
CALL-11577,AGT-111,2026-04-07,Phone,Billing Issue,Dallas,21.16,4,Yes,Positive
CALL-11578,AGT-110,2026-04-15,Phone,Technical Support,Dallas,4.67,3,Yes,Very Positive
CALL-11579,AGT-115,2026-04-07,Phone,Product Inquiry,Chicago,12.95,1,Yes,Positive
CALL-11580,AGT-116,2026-04-26,Chat,Billing Issue,New York,16.02,3,Yes,Neutral
CALL-11581,AGT-106,2026-02-25,Phone,Billing Issue,New York,4.9,5,Yes,Neutral
CALL-11582,AGT-125,2026-03-15,Email,Product Inquiry,Los Angeles,6.96,2,Yes,Positive
CALL-11583,AGT-117,2026-02-04,Chat,Account Access,Dallas,6.05,2,Yes,Neutral
CALL-11584,AGT-119,2026-04-17,Phone,Cancellation,Los Angeles,6.42,3,Yes,Positive
CALL-11585,AGT-134,2026-04-07,Chat,Product Inquiry,New York,25.78,4,Yes,Positive
CALL-11586,AGT-138,2026-06-10,Phone,Cancellation,New York,5.74,5,Yes,Very Positive
CALL-11587,AGT-121,2026-05-28,Phone,Billing Issue,Chicago,3.49,3,Yes,Very Negative
CALL-11588,AGT-106,2026-03-07,Phone,Cancellation,Chicago,2.08,4,Yes,Neutral
CALL-11589,AGT-112,2026-04-29,Phone,Cancellation,Dallas,11.18,4,Yes,Negative
CALL-11590,AGT-120,2026-06-13,Phone,Technical Support,Dallas,3.22,2,Yes,Very Negative
CALL-11591,AGT-122,2026-06-12,Phone,Technical Support,Dallas,3.79,3,Yes,Positive
CALL-11592,AGT-130,2026-03-02,Phone,Technical Support,New York,8.440000000000001,3,Yes,Positive
CALL-11593,AGT-108,2026-05-23,Chat,Technical Support,Los Angeles,1.1,4,Yes,Neutral
CALL-11594,AGT-102,2026-01-26,Phone,Product Inquiry,Dallas,11.61,3,Yes,Very Positive
CALL-11595,AGT-120,2026-02-19,Phone,Billing Issue,New York,12.19,4,Yes,Positive
CALL-11596,AGT-112,2026-04-22,Chat,Technical Support,Dallas,18.97,3,Yes,Positive
CALL-11597,AGT-124,2026-04-25,Email,Billing Issue,Chicago,5.72,5,Yes,Positive
CALL-11598,AGT-121,2026-01-04,Email,Product Inquiry,Chicago,5.06,5,Yes,Very Negative
CALL-11599,AGT-131,2026-04-29,Phone,Billing Issue,Los Angeles,21.11,3,Yes,Positive
CALL-11600,AGT-136,2026-03-26,Phone,Product Inquiry,Chicago,1.33,5,Yes,Neutral
CALL-11601,AGT-132,2026-01-06,Phone,Product Inquiry,New York,7.05,4,Yes,Negative
CALL-11602,AGT-108,2026-05-29,Phone,Product Inquiry,Los Angeles,7.17,4,Yes,Neutral
CALL-11603,AGT-111,2026-01-27,Chat,Technical Support,Dallas,2.8600000000000003,4,No,Positive
CALL-11604,AGT-130,2026-04-23,Chat,Billing Issue,Chicago,11.84,2,Yes,Neutral
CALL-11605,AGT-111,2026-02-14,Phone,Account Access,Dallas,1.69,5,No,Negative
CALL-11606,AGT-103,2026-04-06,Chat,Account Access,Los Angeles,8.15,3,Yes,Positive
CALL-11607,AGT-126,2026-05-26,Phone,Billing Issue,Chicago,8.73,4,Yes,Neutral
CALL-11608,AGT-103,2026-01-04,Phone,Technical Support,New York,4.9,4,No,Negative
CALL-11609,AGT-127,2026-02-12,Phone,Billing Issue,Los Angeles,16.61,4,Yes,Very Positive
CALL-11610,AGT-139,2026-06-01,Chat,Cancellation,Dallas,13.76,5,Yes,Positive
CALL-11611,AGT-109,2026-05-30,Email,Billing Issue,New York,9.71,4,Yes,Very Positive
CALL-11612,AGT-136,2026-02-12,Chat,Technical Support,Chicago,13.02,3,Yes,Neutral
CALL-11613,AGT-102,2026-05-16,Phone,Billing Issue,New York,4.4399999999999995,2,Yes,Neutral
CALL-11614,AGT-126,2026-06-09,Phone,Product Inquiry,New York,19.49,5,No,Very Negative
CALL-11615,AGT-131,2026-01-10,Phone,Technical Support,Chicago,9.25,5,Yes,Neutral
CALL-11616,AGT-122,2026-02-12,Chat,Technical Support,Los Angeles,1.71,1,Yes,Neutral
CALL-11617,AGT-137,2026-05-12,Phone,Cancellation,Chicago,3.27,5,Yes,Positive
CALL-11618,AGT-135,2026-02-17,Phone,Product Inquiry,Dallas,5.79,5,Yes,Very Positive
CALL-11619,AGT-115,2026-05-04,Chat,Cancellation,Dallas,5.7,5,Yes,Neutral
CALL-11620,AGT-120,2026-03-13,Email,Account Access,Chicago,5.35,3,Yes,Neutral
CALL-11621,AGT-118,2026-06-12,Email,Technical Support,Chicago,11.37,4,Yes,Very Positive
CALL-11622,AGT-114,2026-05-15,Chat,Product Inquiry,Dallas,17.1,5,Yes,Neutral
CALL-11623,AGT-126,2026-01-25,Chat,Product Inquiry,Los Angeles,1.1400000000000001,1,Yes,Neutral
CALL-11624,AGT-126,2026-06-27,Phone,Technical Support,Dallas,2.6,3,Yes,Neutral
CALL-11625,AGT-119,2026-03-07,Phone,Technical Support,Chicago,6.77,5,Yes,Neutral
CALL-11626,AGT-106,2026-05-05,Chat,Billing Issue,New York,6.12,4,Yes,Positive
CALL-11627,AGT-104,2026-05-09,Phone,Billing Issue,Chicago,12.5,5,Yes,Negative
CALL-11628,AGT-114,2026-05-02,Chat,Technical Support,Los Angeles,3.93,4,Yes,Neutral
CALL-11629,AGT-132,2026-05-04,Phone,Account Access,Los Angeles,2.95,3,Yes,Negative
CALL-11630,AGT-117,2026-01-03,Phone,Account Access,New York,4.529999999999999,2,No,Negative
CALL-11631,AGT-121,2026-04-30,Chat,Product Inquiry,Los Angeles,1.0,1,Yes,Neutral
CALL-11632,AGT-114,2026-02-28,Phone,Cancellation,Dallas,3.25,2,Yes,Very Negative
CALL-11633,AGT-133,2026-06-28,Chat,Product Inquiry,Chicago,4.13,3,Yes,Positive
CALL-11634,AGT-117,2026-06-22,Chat,Technical Support,Los Angeles,2.12,4,No,Very Positive
CALL-11635,AGT-127,2026-04-12,Chat,Product Inquiry,Dallas,1.69,3,Yes,Very Negative
CALL-11636,AGT-105,2026-06-23,Email,Billing Issue,Dallas,5.67,2,Yes,Very Positive
CALL-11637,AGT-120,2026-02-13,Email,Cancellation,Dallas,10.4,1,Yes,Very Positive
CALL-11638,AGT-123,2026-06-21,Phone,Product Inquiry,Chicago,4.59,4,Yes,Neutral
CALL-11639,AGT-127,2026-06-28,Phone,Technical Support,New York,6.51,4,Yes,Positive
CALL-11640,AGT-101,2026-05-15,Email,Technical Support,Los Angeles,5.73,3,Yes,Negative
CALL-11641,AGT-103,2026-04-17,Phone,Account Access,Dallas,5.1,3,Yes,Very Negative
CALL-11642,AGT-126,2026-04-25,Phone,Cancellation,Los Angeles,3.7,2,Yes,Neutral
CALL-11643,AGT-127,2026-03-14,Chat,Billing Issue,Dallas,22.89,4,Yes,Very Negative
CALL-11644,AGT-117,2026-05-23,Phone,Cancellation,Los Angeles,11.58,4,Yes,Very Positive
CALL-11645,AGT-110,2026-01-09,Phone,Account Access,New York,8.01,4,Yes,Very Negative
CALL-11646,AGT-128,2026-05-03,Phone,Technical Support,New York,14.46,5,Yes,Negative
CALL-11647,AGT-123,2026-04-30,Email,Product Inquiry,New York,6.55,5,Yes,Negative
CALL-11648,AGT-125,2026-04-22,Email,Technical Support,Los Angeles,1.81,5,Yes,Positive
CALL-11649,AGT-119,2026-04-17,Phone,Product Inquiry,Chicago,7.74,4,No,Positive
CALL-11650,AGT-119,2026-03-25,Phone,Cancellation,Los Angeles,6.41,5,Yes,Neutral
CALL-11651,AGT-128,2026-03-27,Phone,Product Inquiry,Dallas,1.44,4,No,Neutral
CALL-11652,AGT-112,2026-05-01,Chat,Cancellation,Chicago,1.76,5,Yes,Neutral
CALL-11653,AGT-108,2026-05-03,Chat,Product Inquiry,Los Angeles,3.25,4,Yes,Very Negative
CALL-11654,AGT-123,2026-02-21,Chat,Product Inquiry,Los Angeles,1.33,2,Yes,Very Positive
CALL-11655,AGT-123,2026-04-04,Chat,Product Inquiry,Chicago,2.76,4,No,Negative
CALL-11656,AGT-128,2026-06-22,Chat,Billing Issue,New York,1.23,2,Yes,Very Positive
CALL-11657,AGT-120,2026-02-23,Phone,Billing Issue,Chicago,16.52,5,Yes,Positive
CALL-11658,AGT-135,2026-01-14,Chat,Account Access,New York,4.140000000000001,5,Yes,Negative
CALL-11659,AGT-113,2026-02-27,Phone,Technical Support,Chicago,20.17,3,Yes,Neutral
CALL-11660,AGT-103,2026-03-16,Chat,Billing Issue,Chicago,2.58,5,Yes,Very Positive
CALL-11661,AGT-119,2026-02-17,Phone,Cancellation,Los Angeles,6.39,5,Yes,Neutral
CALL-11662,AGT-120,2026-05-19,Phone,Cancellation,Dallas,2.46,2,Yes,Positive
CALL-11663,AGT-101,2026-06-15,Phone,Billing Issue,Chicago,2.96,5,Yes,Neutral
CALL-11664,AGT-133,2026-01-04,Phone,Cancellation,New York,20.95,5,Yes,Neutral
CALL-11665,AGT-115,2026-03-30,Chat,Technical Support,Los Angeles,5.75,5,Yes,Very Negative
CALL-11666,AGT-122,2026-01-26,Phone,Cancellation,Chicago,4.16,3,Yes,Positive
CALL-11667,AGT-126,2026-02-05,Chat,Billing Issue,Dallas,2.73,5,Yes,Positive
CALL-11668,AGT-108,2026-06-06,Phone,Billing Issue,New York,2.3,4,No,Neutral
CALL-11669,AGT-134,2026-01-02,Chat,Cancellation,Chicago,3.07,2,Yes,Neutral
CALL-11670,AGT-114,2026-05-11,Phone,Cancellation,Dallas,6.9,3,Yes,Very Negative
CALL-11671,AGT-127,2026-04-09,Email,Technical Support,New York,2.5700000000000003,5,Yes,Positive
CALL-11672,AGT-102,2026-03-25,Phone,Billing Issue,Los Angeles,6.42,5,Yes,Negative
CALL-11673,AGT-113,2026-04-23,Phone,Product Inquiry,Dallas,1.62,4,Yes,Neutral
CALL-11674,AGT-109,2026-05-22,Chat,Account Access,Chicago,7.91,1,Yes,Neutral
CALL-11675,AGT-117,2026-05-06,Phone,Technical Support,Chicago,6.41,4,Yes,Neutral
CALL-11676,AGT-126,2026-03-13,Chat,Technical Support,New York,7.89,5,No,Very Positive
CALL-11677,AGT-108,2026-04-13,Phone,Account Access,Chicago,6.04,4,Yes,Positive
CALL-11678,AGT-124,2026-03-09,Phone,Billing Issue,Chicago,1.56,2,Yes,Neutral
CALL-11679,AGT-106,2026-02-21,Chat,Billing Issue,Los Angeles,3.31,5,Yes,Neutral
CALL-11680,AGT-126,2026-01-31,Phone,Technical Support,New York,6.36,4,No,Neutral
CALL-11681,AGT-129,2026-02-23,Chat,Account Access,Chicago,3.29,4,Yes,Very Positive
CALL-11682,AGT-126,2026-05-05,Phone,Billing Issue,Chicago,4.26,5,Yes,Positive
CALL-11683,AGT-138,2026-06-21,Email,Billing Issue,New York,3.47,5,Yes,Neutral
CALL-11684,AGT-117,2026-05-05,Chat,Billing Issue,Chicago,5.57,5,Yes,Negative
CALL-11685,AGT-114,2026-01-13,Phone,Account Access,New York,13.09,4,Yes,Positive
CALL-11686,AGT-119,2026-01-06,Email,Billing Issue,Los Angeles,4.62,5,Yes,Negative
CALL-11687,AGT-128,2026-06-01,Phone,Cancellation,Los Angeles,9.18,2,Yes,Very Positive
CALL-11688,AGT-134,2026-02-11,Email,Billing Issue,Chicago,8.309999999999999,5,Yes,Neutral
CALL-11689,AGT-112,2026-06-26,Phone,Account Access,Dallas,2.04,4,Yes,Neutral
CALL-11690,AGT-116,2026-03-22,Phone,Cancellation,Los Angeles,4.779999999999999,3,Yes,Positive
CALL-11691,AGT-112,2026-01-15,Phone,Technical Support,Los Angeles,1.9,1,Yes,Very Positive
CALL-11692,AGT-134,2026-01-31,Phone,Account Access,Chicago,2.34,4,No,Positive
CALL-11693,AGT-118,2026-02-01,Phone,Technical Support,Chicago,3.48,4,Yes,Positive
CALL-11694,AGT-129,2026-06-15,Chat,Product Inquiry,New York,7.31,3,Yes,Very Negative
CALL-11695,AGT-113,2026-01-24,Chat,Billing Issue,Dallas,4.82,5,No,Neutral
CALL-11696,AGT-114,2026-02-27,Chat,Billing Issue,Chicago,9.44,3,Yes,Neutral
CALL-11697,AGT-138,2026-03-27,Email,Cancellation,Los Angeles,2.27,4,Yes,Very Positive
CALL-11698,AGT-121,2026-04-22,Phone,Billing Issue,Dallas,1.6800000000000002,4,Yes,Positive
CALL-11699,AGT-118,2026-04-22,Chat,Technical Support,New York,8.280000000000001,5,Yes,Positive
CALL-11700,AGT-138,2026-03-08,Phone,Account Access,Dallas,12.6,4,Yes,Neutral
CALL-11701,AGT-117,2026-05-02,Email,Product Inquiry,New York,4.24,3,No,Very Positive
CALL-11702,AGT-109,2026-01-08,Email,Account Access,New York,6.05,2,Yes,Neutral
CALL-11703,AGT-130,2026-03-07,Phone,Account Access,New York,7.72,1,Yes,Very Positive
CALL-11704,AGT-107,2026-01-18,Email,Technical Support,Chicago,5.23,4,No,Very Positive
CALL-11705,AGT-113,2026-01-24,Phone,Technical Support,Los Angeles,7.43,4,Yes,Negative
CALL-11706,AGT-118,2026-06-26,Phone,Billing Issue,New York,2.2800000000000002,5,No,Positive
CALL-11707,AGT-134,2026-01-18,Chat,Technical Support,Dallas,5.43,3,No,Negative
CALL-11708,AGT-127,2026-03-05,Phone,Technical Support,Chicago,3.61,3,No,Very Positive
CALL-11709,AGT-119,2026-05-17,Chat,Technical Support,Los Angeles,1.31,1,No,Neutral
CALL-11710,AGT-104,2026-02-05,Phone,Technical Support,Los Angeles,3.75,4,No,Very Positive
CALL-11711,AGT-133,2026-05-04,Phone,Cancellation,New York,8.82,3,Yes,Neutral
CALL-11712,AGT-105,2026-06-18,Chat,Product Inquiry,Los Angeles,9.52,3,Yes,Positive
CALL-11713,AGT-110,2026-05-21,Phone,Technical Support,Chicago,8.530000000000001,4,Yes,Very Negative
CALL-11714,AGT-108,2026-05-29,Phone,Billing Issue,New York,3.65,5,No,Positive
CALL-11715,AGT-135,2026-02-11,Phone,Billing Issue,Dallas,1.05,5,Yes,Negative
CALL-11716,AGT-115,2026-06-03,Phone,Cancellation,Los Angeles,15.55,2,Yes,Negative
CALL-11717,AGT-111,2026-06-09,Chat,Billing Issue,Los Angeles,6.87,1,Yes,Neutral
CALL-11718,AGT-121,2026-04-21,Phone,Technical Support,Dallas,4.83,1,Yes,Neutral
CALL-11719,AGT-111,2026-06-08,Phone,Technical Support,Los Angeles,5.55,2,No,Neutral
CALL-11720,AGT-102,2026-03-08,Chat,Account Access,Dallas,14.02,4,Yes,Positive
CALL-11721,AGT-119,2026-03-14,Email,Product Inquiry,Dallas,3.01,4,Yes,Positive
CALL-11722,AGT-112,2026-05-14,Phone,Product Inquiry,Chicago,9.02,3,Yes,Very Positive
CALL-11723,AGT-104,2026-06-09,Phone,Product Inquiry,Dallas,6.22,5,Yes,Neutral
CALL-11724,AGT-118,2026-02-05,Email,Product Inquiry,Los Angeles,9.52,1,Yes,Positive
CALL-11725,AGT-119,2026-02-10,Phone,Cancellation,Chicago,20.0,5,No,Neutral
CALL-11726,AGT-139,2026-04-10,Phone,Cancellation,Chicago,1.4,3,No,Positive
CALL-11727,AGT-125,2026-04-02,Email,Product Inquiry,Chicago,2.35,5,Yes,Positive
CALL-11728,AGT-139,2026-02-19,Phone,Technical Support,Los Angeles,1.35,5,Yes,Neutral
CALL-11729,AGT-137,2026-02-17,Chat,Account Access,Dallas,1.7,3,Yes,Negative
CALL-11730,AGT-115,2026-05-30,Email,Product Inquiry,Los Angeles,6.93,4,Yes,Positive
CALL-11731,AGT-125,2026-03-26,Chat,Product Inquiry,Dallas,5.3,5,No,Positive
CALL-11732,AGT-120,2026-06-15,Email,Technical Support,Los Angeles,1.2,5,Yes,Neutral
CALL-11733,AGT-112,2026-02-09,Phone,Cancellation,Dallas,8.25,2,Yes,Positive
CALL-11734,AGT-118,2026-03-19,Phone,Billing Issue,Los Angeles,19.76,2,Yes,Positive
CALL-11735,AGT-103,2026-03-03,Email,Billing Issue,New York,1.72,4,Yes,Positive
CALL-11736,AGT-110,2026-02-20,Chat,Billing Issue,Los Angeles,1.78,5,Yes,Neutral
CALL-11737,AGT-131,2026-01-21,Chat,Technical Support,Chicago,4.57,4,No,Positive
CALL-11738,AGT-121,2026-01-12,Phone,Cancellation,New York,1.76,4,Yes,Very Positive
CALL-11739,AGT-136,2026-06-03,Phone,Technical Support,Los Angeles,1.27,5,No,Very Positive
CALL-11740,AGT-103,2026-01-21,Email,Cancellation,Los Angeles,6.6,4,Yes,Positive
CALL-11741,AGT-111,2026-06-06,Phone,Account Access,Los Angeles,7.71,4,Yes,Neutral
CALL-11742,AGT-134,2026-02-18,Chat,Cancellation,Los Angeles,2.8,1,Yes,Neutral
CALL-11743,AGT-136,2026-01-29,Chat,Technical Support,Los Angeles,3.5,5,Yes,Very Positive
CALL-11744,AGT-104,2026-06-19,Chat,Cancellation,Dallas,2.91,1,Yes,Negative
CALL-11745,AGT-107,2026-05-15,Email,Billing Issue,Dallas,24.3,4,Yes,Negative
CALL-11746,AGT-109,2026-04-25,Phone,Account Access,New York,13.31,5,Yes,Negative
CALL-11747,AGT-123,2026-05-02,Chat,Product Inquiry,Los Angeles,3.23,5,Yes,Very Positive
CALL-11748,AGT-114,2026-04-16,Phone,Billing Issue,New York,2.67,2,No,Neutral
CALL-11749,AGT-133,2026-05-19,Phone,Technical Support,Chicago,15.37,5,Yes,Very Negative
CALL-11750,AGT-130,2026-04-19,Phone,Account Access,Dallas,3.48,3,No,Negative
CALL-11751,AGT-132,2026-02-27,Phone,Product Inquiry,Los Angeles,4.3100000000000005,2,Yes,Positive
CALL-11752,AGT-137,2026-05-24,Chat,Billing Issue,Los Angeles,17.87,4,Yes,Positive
CALL-11753,AGT-104,2026-02-16,Phone,Technical Support,Chicago,3.07,2,Yes,Neutral
CALL-11754,AGT-132,2026-01-07,Phone,Cancellation,Los Angeles,8.370000000000001,4,Yes,Very Positive
CALL-11755,AGT-134,2026-01-01,Phone,Technical Support,Chicago,21.13,1,Yes,Positive
CALL-11756,AGT-115,2026-05-05,Chat,Product Inquiry,New York,1.99,3,Yes,Negative
CALL-11757,AGT-130,2026-03-10,Chat,Product Inquiry,New York,5.92,5,Yes,Positive
CALL-11758,AGT-113,2026-01-17,Phone,Cancellation,Chicago,2.51,5,Yes,Positive
CALL-11759,AGT-118,2026-02-19,Chat,Billing Issue,New York,9.03,2,Yes,Neutral
CALL-11760,AGT-110,2026-06-02,Chat,Technical Support,Chicago,14.59,5,No,Neutral
CALL-11761,AGT-114,2026-04-24,Email,Account Access,New York,1.08,5,Yes,Negative
CALL-11762,AGT-131,2026-03-19,Phone,Account Access,Dallas,1.8599999999999999,5,Yes,Positive
CALL-11763,AGT-130,2026-04-15,Chat,Technical Support,Los Angeles,1.85,2,No,Negative
CALL-11764,AGT-136,2026-01-09,Chat,Cancellation,New York,6.94,3,Yes,Very Positive
CALL-11765,AGT-128,2026-04-10,Phone,Billing Issue,Chicago,8.559999999999999,5,Yes,Neutral
CALL-11766,AGT-127,2026-06-09,Phone,Billing Issue,Chicago,1.8900000000000001,4,Yes,Very Positive
CALL-11767,AGT-119,2026-03-12,Phone,Technical Support,Los Angeles,4.96,4,Yes,Very Positive
CALL-11768,AGT-123,2026-03-16,Email,Product Inquiry,Chicago,3.19,5,Yes,Negative
CALL-11769,AGT-136,2026-01-19,Phone,Product Inquiry,Los Angeles,12.63,3,Yes,Neutral
CALL-11770,AGT-112,2026-05-08,Phone,Product Inquiry,New York,7.91,4,Yes,Positive
CALL-11771,AGT-111,2026-02-27,Phone,Account Access,Los Angeles,1.98,4,Yes,Negative
CALL-11772,AGT-117,2026-06-15,Phone,Cancellation,Dallas,4.77,3,Yes,Neutral
CALL-11773,AGT-136,2026-04-08,Chat,Account Access,Chicago,4.02,3,Yes,Very Positive
CALL-11774,AGT-129,2026-02-19,Chat,Product Inquiry,New York,5.71,3,No,Very Positive
CALL-11775,AGT-102,2026-03-06,Email,Product Inquiry,Chicago,1.33,2,Yes,Negative
CALL-11776,AGT-117,2026-05-06,Phone,Product Inquiry,Los Angeles,2.56,2,Yes,Neutral
CALL-11777,AGT-110,2026-02-17,Chat,Cancellation,Los Angeles,9.87,1,Yes,Positive
CALL-11778,AGT-102,2026-02-07,Phone,Technical Support,Chicago,3.67,4,Yes,Very Negative
CALL-11779,AGT-113,2026-02-28,Phone,Technical Support,Chicago,3.87,4,Yes,Very Positive
CALL-11780,AGT-107,2026-02-19,Chat,Billing Issue,Los Angeles,40.48,5,No,Negative
CALL-11781,AGT-129,2026-06-10,Email,Account Access,New York,3.66,3,Yes,Positive
CALL-11782,AGT-120,2026-06-02,Email,Cancellation,Los Angeles,4.84,3,Yes,Neutral
CALL-11783,AGT-105,2026-03-10,Phone,Account Access,Chicago,3.68,4,Yes,Neutral
CALL-11784,AGT-122,2026-04-21,Phone,Account Access,Dallas,2.45,2,No,Positive
CALL-11785,AGT-132,2026-01-31,Email,Billing Issue,Chicago,1.06,3,Yes,Very Positive
CALL-11786,AGT-103,2026-04-02,Phone,Cancellation,New York,13.87,4,No,Positive
CALL-11787,AGT-110,2026-01-08,Chat,Technical Support,Chicago,3.04,4,Yes,Very Positive
CALL-11788,AGT-123,2026-03-18,Chat,Account Access,Dallas,12.56,5,Yes,Negative
CALL-11789,AGT-109,2026-01-23,Email,Technical Support,Dallas,8.629999999999999,4,Yes,Neutral
CALL-11790,AGT-138,2026-06-05,Phone,Technical Support,Chicago,2.16,4,Yes,Positive
CALL-11791,AGT-105,2026-05-01,Phone,Technical Support,New York,6.55,5,Yes,Positive
CALL-11792,AGT-134,2026-04-11,Phone,Technical Support,New York,6.22,5,Yes,Very Positive
CALL-11793,AGT-104,2026-02-07,Phone,Product Inquiry,Dallas,8.4,3,Yes,Neutral
CALL-11794,AGT-107,2026-01-22,Email,Product Inquiry,Dallas,7.95,2,No,Very Positive
CALL-11795,AGT-119,2026-04-26,Chat,Product Inquiry,Chicago,3.32,2,Yes,Positive
CALL-11796,AGT-132,2026-06-17,Phone,Technical Support,Chicago,18.41,2,Yes,Neutral
CALL-11797,AGT-135,2026-05-28,Phone,Cancellation,Dallas,2.35,5,No,Positive
CALL-11798,AGT-138,2026-06-06,Chat,Product Inquiry,New York,2.2800000000000002,1,Yes,Neutral
CALL-11799,AGT-139,2026-04-22,Phone,Account Access,Chicago,6.38,5,Yes,Negative
CALL-11800,AGT-114,2026-05-21,Chat,Cancellation,Los Angeles,3.35,5,Yes,Neutral
CALL-11801,AGT-103,2026-05-18,Email,Product Inquiry,Los Angeles,5.33,4,Yes,Very Negative
CALL-11802,AGT-122,2026-03-24,Chat,Technical Support,New York,5.09,2,Yes,Very Positive
CALL-11803,AGT-135,2026-02-06,Chat,Cancellation,Chicago,26.23,3,Yes,Positive
CALL-11804,AGT-104,2026-05-30,Phone,Billing Issue,Dallas,4.6899999999999995,4,Yes,Positive
CALL-11805,AGT-116,2026-04-04,Phone,Cancellation,Chicago,3.79,4,Yes,Positive
CALL-11806,AGT-111,2026-02-07,Chat,Account Access,Chicago,3.22,2,Yes,Neutral
CALL-11807,AGT-124,2026-02-27,Phone,Cancellation,Dallas,12.61,5,Yes,Negative
CALL-11808,AGT-119,2026-04-23,Phone,Product Inquiry,Dallas,8.46,5,Yes,Very Negative
CALL-11809,AGT-110,2026-02-06,Phone,Product Inquiry,Los Angeles,10.67,1,Yes,Negative
CALL-11810,AGT-126,2026-01-15,Phone,Billing Issue,Dallas,12.48,1,No,Neutral
CALL-11811,AGT-138,2026-05-01,Phone,Cancellation,Chicago,2.7199999999999998,5,No,Very Positive
CALL-11812,AGT-139,2026-06-26,Phone,Cancellation,Chicago,9.01,2,Yes,Neutral
CALL-11813,AGT-133,2026-06-22,Chat,Billing Issue,Los Angeles,10.46,5,Yes,Neutral
CALL-11814,AGT-104,2026-04-20,Phone,Product Inquiry,New York,1.26,5,Yes,Negative
CALL-11815,AGT-119,2026-06-23,Chat,Account Access,Chicago,7.44,5,Yes,Positive
CALL-11816,AGT-135,2026-02-08,Chat,Account Access,Dallas,1.06,1,Yes,Very Positive
CALL-11817,AGT-131,2026-06-04,Phone,Billing Issue,Chicago,6.68,2,No,Negative
CALL-11818,AGT-139,2026-05-15,Phone,Cancellation,Los Angeles,14.91,3,Yes,Positive
CALL-11819,AGT-113,2026-01-19,Phone,Technical Support,New York,4.6,5,Yes,Neutral
CALL-11820,AGT-112,2026-04-21,Email,Cancellation,Dallas,20.45,2,Yes,Positive
CALL-11821,AGT-123,2026-05-19,Chat,Billing Issue,Los Angeles,2.66,2,No,Positive
CALL-11822,AGT-117,2026-06-09,Phone,Cancellation,Dallas,10.57,5,Yes,Neutral
CALL-11823,AGT-114,2026-04-21,Phone,Technical Support,New York,2.71,5,Yes,Very Positive
CALL-11824,AGT-124,2026-04-08,Chat,Billing Issue,New York,10.78,3,Yes,Very Positive
CALL-11825,AGT-139,2026-03-28,Phone,Account Access,Los Angeles,11.92,1,Yes,Neutral
CALL-11826,AGT-127,2026-04-25,Chat,Technical Support,Los Angeles,4.7,4,No,Negative
CALL-11827,AGT-110,2026-06-08,Phone,Product Inquiry,New York,7.89,4,Yes,Neutral
CALL-11828,AGT-120,2026-01-19,Phone,Technical Support,Dallas,1.54,2,Yes,Neutral
CALL-11829,AGT-136,2026-03-12,Email,Billing Issue,Los Angeles,13.15,3,Yes,Neutral
CALL-11830,AGT-121,2026-04-18,Phone,Billing Issue,New York,3.38,5,Yes,Very Negative
CALL-11831,AGT-138,2026-01-08,Phone,Cancellation,Chicago,2.0,5,No,Very Positive
CALL-11832,AGT-134,2026-06-13,Phone,Cancellation,Los Angeles,1.9,4,Yes,Positive
CALL-11833,AGT-101,2026-06-12,Email,Cancellation,Los Angeles,14.59,5,No,Negative
CALL-11834,AGT-136,2026-02-23,Phone,Account Access,Los Angeles,10.19,5,Yes,Very Negative
CALL-11835,AGT-137,2026-04-06,Phone,Product Inquiry,Chicago,12.15,3,Yes,Negative
CALL-11836,AGT-120,2026-02-06,Phone,Billing Issue,Chicago,6.73,3,Yes,Negative
CALL-11837,AGT-107,2026-01-11,Email,Billing Issue,Chicago,3.36,1,No,Very Positive
CALL-11838,AGT-107,2026-05-28,Chat,Account Access,Los Angeles,17.99,1,Yes,Very Positive
CALL-11839,AGT-112,2026-03-06,Email,Technical Support,Dallas,2.51,3,Yes,Very Positive
CALL-11840,AGT-139,2026-01-28,Chat,Cancellation,New York,7.13,3,Yes,Neutral
CALL-11841,AGT-126,2026-05-30,Chat,Billing Issue,New York,6.02,4,Yes,Positive
CALL-11842,AGT-128,2026-03-02,Phone,Cancellation,Los Angeles,1.6,5,No,Very Positive
CALL-11843,AGT-114,2026-01-30,Phone,Account Access,Los Angeles,4.6899999999999995,3,Yes,Negative
CALL-11844,AGT-113,2026-05-08,Email,Product Inquiry,Dallas,4.32,5,Yes,Neutral
CALL-11845,AGT-115,2026-02-01,Chat,Billing Issue,Dallas,2.2199999999999998,5,Yes,Positive
CALL-11846,AGT-105,2026-05-17,Chat,Technical Support,New York,60.41,3,Yes,Negative
CALL-11847,AGT-118,2026-01-16,Phone,Product Inquiry,Chicago,17.61,1,Yes,Neutral
CALL-11848,AGT-124,2026-03-01,Email,Technical Support,Chicago,5.83,5,No,Positive
CALL-11849,AGT-132,2026-03-26,Phone,Technical Support,Los Angeles,1.09,4,Yes,Positive
CALL-11850,AGT-137,2026-02-26,Email,Product Inquiry,Los Angeles,2.34,3,Yes,Positive
CALL-11851,AGT-127,2026-05-17,Phone,Billing Issue,Dallas,20.2,4,Yes,Negative
CALL-11852,AGT-118,2026-05-29,Phone,Account Access,Chicago,1.22,4,No,Positive
CALL-11853,AGT-119,2026-05-25,Chat,Billing Issue,New York,10.2,2,Yes,Positive
CALL-11854,AGT-128,2026-03-16,Phone,Product Inquiry,Los Angeles,4.7,5,No,Negative
CALL-11855,AGT-122,2026-03-18,Phone,Product Inquiry,Chicago,3.91,5,Yes,Neutral
CALL-11856,AGT-107,2026-01-17,Phone,Billing Issue,Chicago,2.0700000000000003,4,Yes,Negative
CALL-11857,AGT-137,2026-02-16,Chat,Technical Support,Los Angeles,5.84,4,Yes,Very Positive
CALL-11858,AGT-103,2026-01-04,Email,Technical Support,New York,7.94,5,Yes,Positive
CALL-11859,AGT-123,2026-01-06,Phone,Product Inquiry,Los Angeles,1.42,4,No,Positive
CALL-11860,AGT-134,2026-05-20,Chat,Billing Issue,Los Angeles,4.62,3,Yes,Negative
CALL-11861,AGT-129,2026-06-15,Phone,Billing Issue,New York,1.9100000000000001,2,Yes,Very Positive
CALL-11862,AGT-139,2026-04-27,Chat,Billing Issue,Chicago,27.31,2,Yes,Very Positive
CALL-11863,AGT-104,2026-05-19,Email,Technical Support,Chicago,6.27,4,No,Very Negative
CALL-11864,AGT-121,2026-03-06,Phone,Account Access,New York,2.9,2,Yes,Negative
CALL-11865,AGT-123,2026-06-07,Chat,Technical Support,Dallas,5.32,5,Yes,Positive
CALL-11866,AGT-127,2026-05-20,Phone,Product Inquiry,New York,6.76,4,Yes,Positive
CALL-11867,AGT-102,2026-06-10,Phone,Billing Issue,New York,1.3,4,Yes,Very Positive
CALL-11868,AGT-115,2026-03-29,Chat,Cancellation,Los Angeles,2.84,5,Yes,Positive
CALL-11869,AGT-117,2026-01-24,Phone,Technical Support,Chicago,7.25,5,Yes,Negative
CALL-11870,AGT-126,2026-01-13,Email,Product Inquiry,Los Angeles,20.56,2,Yes,Negative
CALL-11871,AGT-137,2026-03-19,Chat,Cancellation,Chicago,2.59,5,No,Negative
CALL-11872,AGT-120,2026-04-29,Phone,Technical Support,Los Angeles,2.0300000000000002,4,Yes,Positive
CALL-11873,AGT-118,2026-01-28,Phone,Product Inquiry,New York,1.55,5,Yes,Neutral
CALL-11874,AGT-136,2026-05-09,Email,Technical Support,Chicago,1.15,4,Yes,Negative
CALL-11875,AGT-107,2026-05-31,Phone,Cancellation,Los Angeles,21.05,3,No,Very Positive
CALL-11876,AGT-107,2026-04-21,Chat,Product Inquiry,Los Angeles,4.140000000000001,3,Yes,Very Negative
CALL-11877,AGT-110,2026-05-22,Phone,Product Inquiry,New York,5.58,4,Yes,Positive
CALL-11878,AGT-103,2026-03-03,Chat,Product Inquiry,Chicago,5.95,4,No,Positive
CALL-11879,AGT-117,2026-02-01,Email,Product Inquiry,Chicago,27.26,3,Yes,Neutral
CALL-11880,AGT-108,2026-01-29,Chat,Billing Issue,Dallas,1.74,4,Yes,Very Positive
CALL-11881,AGT-129,2026-01-09,Chat,Product Inquiry,Los Angeles,5.81,2,Yes,Positive
CALL-11882,AGT-116,2026-01-21,Email,Cancellation,Los Angeles,13.56,5,No,Very Negative
CALL-11883,AGT-109,2026-06-07,Phone,Cancellation,Chicago,4.77,5,Yes,Neutral
CALL-11884,AGT-137,2026-05-31,Phone,Billing Issue,New York,1.25,4,Yes,Very Negative
CALL-11885,AGT-135,2026-05-21,Chat,Product Inquiry,Dallas,1.44,5,No,Positive
CALL-11886,AGT-107,2026-01-28,Email,Billing Issue,Los Angeles,7.99,4,No,Very Negative
CALL-11887,AGT-103,2026-04-25,Chat,Billing Issue,Los Angeles,1.9300000000000002,3,No,Negative
CALL-11888,AGT-117,2026-03-03,Chat,Billing Issue,Chicago,4.9399999999999995,4,Yes,Very Positive
CALL-11889,AGT-104,2026-01-21,Phone,Technical Support,Chicago,2.66,2,Yes,Negative
CALL-11890,AGT-128,2026-05-26,Phone,Billing Issue,Dallas,7.26,2,Yes,Neutral
CALL-11891,AGT-114,2026-05-19,Chat,Technical Support,Los Angeles,6.8,4,Yes,Positive
CALL-11892,AGT-128,2026-03-09,Phone,Cancellation,Los Angeles,3.39,3,Yes,Very Positive
CALL-11893,AGT-126,2026-05-30,Chat,Product Inquiry,New York,4.91,4,Yes,Positive
CALL-11894,AGT-113,2026-05-28,Phone,Account Access,Chicago,10.28,2,Yes,Positive
CALL-11895,AGT-117,2026-04-22,Phone,Product Inquiry,Dallas,8.469999999999999,5,Yes,Positive
CALL-11896,AGT-121,2026-02-10,Email,Account Access,Dallas,7.75,3,Yes,Negative
CALL-11897,AGT-117,2026-06-12,Phone,Product Inquiry,Los Angeles,2.06,3,Yes,Very Negative
CALL-11898,AGT-107,2026-06-07,Phone,Cancellation,Chicago,2.4,4,Yes,Neutral
CALL-11899,AGT-133,2026-02-09,Chat,Cancellation,Los Angeles,18.38,4,Yes,Negative
CALL-11900,AGT-125,2026-01-04,Phone,Technical Support,Chicago,1.58,5,Yes,Positive
CALL-11901,AGT-132,2026-01-09,Chat,Cancellation,Los Angeles,11.17,1,Yes,Neutral
CALL-11902,AGT-118,2026-05-21,Phone,Cancellation,Los Angeles,1.47,3,Yes,Neutral
CALL-11903,AGT-134,2026-02-03,Phone,Cancellation,Dallas,1.22,1,Yes,Neutral
CALL-11904,AGT-107,2026-04-24,Chat,Technical Support,Los Angeles,1.8199999999999998,5,Yes,Neutral
CALL-11905,AGT-113,2026-04-18,Chat,Product Inquiry,Chicago,5.98,4,Yes,Very Negative
CALL-11906,AGT-122,2026-04-04,Phone,Account Access,Dallas,6.67,5,Yes,Very Negative
CALL-11907,AGT-103,2026-06-07,Email,Cancellation,New York,8.559999999999999,3,Yes,Positive
CALL-11908,AGT-101,2026-04-22,Phone,Cancellation,Los Angeles,17.34,4,Yes,Positive
CALL-11909,AGT-136,2026-04-04,Phone,Product Inquiry,Chicago,4.5600000000000005,5,Yes,Very Positive
CALL-11910,AGT-138,2026-03-19,Phone,Cancellation,Los Angeles,4.34,5,Yes,Very Positive
CALL-11911,AGT-106,2026-03-08,Phone,Account Access,Dallas,7.0,5,Yes,Positive
CALL-11912,AGT-126,2026-01-28,Chat,Product Inquiry,Los Angeles,2.49,4,Yes,Positive
CALL-11913,AGT-121,2026-03-04,Chat,Cancellation,New York,12.98,2,Yes,Negative
CALL-11914,AGT-108,2026-05-09,Phone,Cancellation,Chicago,2.4299999999999997,4,No,Neutral
CALL-11915,AGT-110,2026-02-23,Phone,Cancellation,Dallas,9.93,4,Yes,Very Positive
CALL-11916,AGT-114,2026-06-09,Phone,Account Access,Dallas,5.56,3,Yes,Very Positive
CALL-11917,AGT-106,2026-05-04,Phone,Billing Issue,Los Angeles,5.66,4,Yes,Neutral
CALL-11918,AGT-129,2026-06-08,Phone,Technical Support,Dallas,1.6800000000000002,5,Yes,Neutral
CALL-11919,AGT-132,2026-01-10,Phone,Billing Issue,New York,20.16,1,No,Neutral
CALL-11920,AGT-138,2026-01-08,Phone,Billing Issue,New York,4.48,4,Yes,Very Positive
CALL-11921,AGT-103,2026-03-27,Chat,Billing Issue,Chicago,5.11,4,Yes,Positive
CALL-11922,AGT-136,2026-01-21,Phone,Account Access,Los Angeles,2.23,1,Yes,Negative
CALL-11923,AGT-102,2026-01-01,Phone,Account Access,Chicago,1.63,3,Yes,Neutral
CALL-11924,AGT-133,2026-03-14,Phone,Billing Issue,Chicago,18.58,3,Yes,Very Positive
CALL-11925,AGT-110,2026-01-14,Phone,Technical Support,Los Angeles,16.07,2,No,Neutral
CALL-11926,AGT-108,2026-04-22,Email,Technical Support,Los Angeles,11.71,2,Yes,Positive
CALL-11927,AGT-123,2026-02-04,Phone,Technical Support,Dallas,5.36,2,No,Very Negative
CALL-11928,AGT-105,2026-03-05,Email,Account Access,Chicago,1.3900000000000001,2,Yes,Negative
CALL-11929,AGT-103,2026-01-29,Phone,Cancellation,Chicago,6.69,2,Yes,Neutral
CALL-11930,AGT-103,2026-04-18,Phone,Product Inquiry,Los Angeles,4.52,5,Yes,Positive
CALL-11931,AGT-121,2026-03-18,Phone,Account Access,Los Angeles,4.779999999999999,3,Yes,Neutral
CALL-11932,AGT-135,2026-04-13,Email,Billing Issue,Los Angeles,15.82,5,Yes,Neutral
CALL-11933,AGT-121,2026-04-21,Phone,Technical Support,Dallas,12.12,4,No,Neutral
CALL-11934,AGT-125,2026-02-17,Chat,Billing Issue,New York,1.23,1,Yes,Very Positive
CALL-11935,AGT-115,2026-06-19,Email,Technical Support,Chicago,5.56,4,Yes,Neutral
CALL-11936,AGT-129,2026-02-22,Phone,Product Inquiry,Los Angeles,5.42,3,Yes,Very Positive
CALL-11937,AGT-104,2026-03-24,Chat,Account Access,New York,42.24,4,Yes,Negative
CALL-11938,AGT-116,2026-02-28,Phone,Cancellation,Los Angeles,1.81,2,Yes,Neutral
CALL-11939,AGT-117,2026-03-07,Phone,Product Inquiry,Dallas,2.5700000000000003,4,No,Very Positive
CALL-11940,AGT-130,2026-01-11,Phone,Product Inquiry,New York,4.09,5,No,Positive
CALL-11941,AGT-108,2026-03-09,Phone,Account Access,Chicago,2.6799999999999997,2,Yes,Very Negative
CALL-11942,AGT-103,2026-03-30,Phone,Product Inquiry,Chicago,5.98,5,Yes,Neutral
CALL-11943,AGT-116,2026-05-18,Phone,Cancellation,Dallas,4.390000000000001,5,No,Very Negative
CALL-11944,AGT-107,2026-03-31,Phone,Cancellation,Los Angeles,2.04,3,No,Negative
CALL-11945,AGT-135,2026-02-12,Chat,Product Inquiry,Los Angeles,5.05,2,Yes,Positive
CALL-11946,AGT-106,2026-04-21,Email,Product Inquiry,New York,4.5,5,No,Neutral
CALL-11947,AGT-139,2026-03-04,Phone,Billing Issue,Dallas,20.84,3,Yes,Positive
CALL-11948,AGT-123,2026-03-18,Chat,Product Inquiry,Dallas,17.72,5,Yes,Negative
CALL-11949,AGT-103,2026-04-10,Chat,Cancellation,Los Angeles,12.84,5,Yes,Very Positive
CALL-11950,AGT-114,2026-03-27,Chat,Account Access,Dallas,1.0,4,Yes,Negative
CALL-11951,AGT-124,2026-01-17,Phone,Cancellation,Chicago,2.27,3,Yes,Positive
CALL-11952,AGT-111,2026-02-02,Chat,Product Inquiry,Dallas,8.74,5,Yes,Very Negative
CALL-11953,AGT-101,2026-01-21,Email,Cancellation,New York,8.64,3,Yes,Very Negative
CALL-11954,AGT-105,2026-06-06,Phone,Account Access,New York,3.49,4,No,Negative
CALL-11955,AGT-120,2026-06-13,Chat,Technical Support,Dallas,13.35,1,No,Neutral
CALL-11956,AGT-117,2026-05-12,Email,Account Access,New York,2.73,5,Yes,Negative
CALL-11957,AGT-136,2026-01-10,Phone,Account Access,Dallas,26.77,1,Yes,Positive
CALL-11958,AGT-134,2026-01-25,Email,Billing Issue,Chicago,8.809999999999999,4,No,Very Positive
CALL-11959,AGT-125,2026-04-03,Phone,Technical Support,Dallas,1.21,2,Yes,Very Negative
CALL-11960,AGT-139,2026-02-11,Phone,Technical Support,Chicago,1.08,4,Yes,Very Negative
CALL-11961,AGT-132,2026-06-07,Chat,Billing Issue,Los Angeles,18.01,3,Yes,Negative
CALL-11962,AGT-136,2026-02-26,Chat,Billing Issue,Los Angeles,12.36,3,Yes,Positive
CALL-11963,AGT-129,2026-02-17,Phone,Product Inquiry,Chicago,7.72,3,Yes,Very Negative
CALL-11964,AGT-136,2026-05-12,Chat,Billing Issue,Los Angeles,17.62,4,Yes,Very Negative
CALL-11965,AGT-127,2026-05-05,Phone,Product Inquiry,New York,2.05,5,Yes,Negative
CALL-11966,AGT-113,2026-06-04,Phone,Billing Issue,New York,5.35,3,Yes,Positive
CALL-11967,AGT-110,2026-06-10,Phone,Technical Support,Chicago,3.49,3,Yes,Neutral
CALL-11968,AGT-121,2026-03-20,Phone,Account Access,Chicago,2.0700000000000003,4,Yes,Positive
CALL-11969,AGT-118,2026-02-19,Phone,Cancellation,Los Angeles,6.41,4,Yes,Negative
CALL-11970,AGT-114,2026-03-22,Phone,Product Inquiry,New York,14.14,3,Yes,Neutral
CALL-11971,AGT-116,2026-02-26,Phone,Cancellation,Dallas,6.91,4,Yes,Positive
CALL-11972,AGT-129,2026-03-08,Phone,Technical Support,Chicago,6.43,3,No,Neutral
CALL-11973,AGT-106,2026-06-16,Phone,Billing Issue,Los Angeles,1.1400000000000001,4,Yes,Very Positive
CALL-11974,AGT-101,2026-04-14,Phone,Billing Issue,Chicago,10.03,5,Yes,Neutral
CALL-11975,AGT-116,2026-04-29,Chat,Product Inquiry,Dallas,1.52,4,Yes,Very Positive
CALL-11976,AGT-106,2026-04-02,Phone,Product Inquiry,New York,5.36,2,Yes,Very Positive
CALL-11977,AGT-102,2026-01-08,Email,Billing Issue,Los Angeles,1.52,3,Yes,Positive
CALL-11978,AGT-109,2026-02-21,Phone,Product Inquiry,Los Angeles,2.4,3,Yes,Positive
CALL-11979,AGT-131,2026-03-22,Phone,Account Access,Chicago,19.14,4,No,Negative
CALL-11980,AGT-123,2026-03-03,Chat,Billing Issue,Chicago,15.59,4,Yes,Very Positive
CALL-11981,AGT-108,2026-06-24,Phone,Technical Support,Chicago,1.04,5,Yes,Negative
CALL-11982,AGT-135,2026-05-25,Phone,Cancellation,Dallas,9.04,4,Yes,Very Positive
CALL-11983,AGT-109,2026-01-20,Phone,Technical Support,Los Angeles,16.119999999999997,3,Yes,Neutral
CALL-11984,AGT-122,2026-02-15,Chat,Cancellation,Los Angeles,8.120000000000001,3,No,Neutral
CALL-11985,AGT-102,2026-03-11,Phone,Billing Issue,Chicago,19.16,4,Yes,Positive
CALL-11986,AGT-117,2026-03-09,Chat,Cancellation,New York,5.87,3,Yes,Positive
CALL-11987,AGT-128,2026-02-15,Phone,Account Access,New York,21.06,4,Yes,Very Positive
CALL-11988,AGT-137,2026-01-03,Phone,Technical Support,Los Angeles,6.57,4,Yes,Negative
CALL-11989,AGT-127,2026-05-26,Email,Billing Issue,New York,7.53,5,No,Neutral
CALL-11990,AGT-134,2026-02-25,Phone,Technical Support,Chicago,7.1,1,Yes,Very Positive
CALL-11991,AGT-102,2026-01-19,Phone,Cancellation,New York,13.03,4,Yes,Positive
CALL-11992,AGT-110,2026-01-19,Chat,Product Inquiry,Los Angeles,3.0,3,Yes,Neutral
CALL-11993,AGT-125,2026-06-16,Email,Billing Issue,Dallas,6.49,5,No,Neutral
CALL-11994,AGT-127,2026-01-05,Phone,Technical Support,Chicago,5.93,3,No,Positive
CALL-11995,AGT-135,2026-06-14,Phone,Product Inquiry,Chicago,3.67,4,Yes,Positive
CALL-11996,AGT-104,2026-02-23,Email,Product Inquiry,New York,4.4,1,Yes,Very Positive
CALL-11997,AGT-101,2026-01-23,Email,Cancellation,Los Angeles,8.07,3,Yes,Neutral
CALL-11998,AGT-139,2026-01-06,Phone,Cancellation,New York,1.17,3,Yes,Positive
CALL-11999,AGT-118,2026-05-03,Phone,Cancellation,Los Angeles,2.83,3,Yes,Very Positive
CALL-12000,AGT-108,2026-02-25,Phone,Cancellation,Los Angeles,5.73,2,Yes,Positive
CALL-12001,AGT-109,2026-02-23,Chat,Billing Issue,New York,4.05,5,Yes,Positive
CALL-12002,AGT-110,2026-04-27,Phone,Account Access,Chicago,1.02,5,Yes,Negative
CALL-12003,AGT-103,2026-02-10,Chat,Billing Issue,New York,8.45,4,Yes,Positive
CALL-12004,AGT-127,2026-02-17,Email,Account Access,Dallas,7.32,4,Yes,Very Positive
CALL-12005,AGT-133,2026-02-27,Phone,Technical Support,Chicago,1.74,5,Yes,Positive
CALL-12006,AGT-108,2026-06-29,Email,Product Inquiry,Los Angeles,13.54,1,No,Very Positive
CALL-12007,AGT-134,2026-01-20,Phone,Technical Support,Chicago,4.34,1,Yes,Very Positive
CALL-12008,AGT-107,2026-06-24,Chat,Account Access,Chicago,1.32,4,Yes,Positive
CALL-12009,AGT-127,2026-05-18,Chat,Product Inquiry,Dallas,1.26,5,No,Positive
CALL-12010,AGT-114,2026-03-15,Chat,Product Inquiry,Chicago,7.66,1,Yes,Very Positive
CALL-12011,AGT-116,2026-04-10,Chat,Account Access,Chicago,16.61,5,Yes,Positive
CALL-12012,AGT-116,2026-02-23,Phone,Technical Support,Los Angeles,8.14,4,No,Positive
CALL-12013,AGT-112,2026-04-20,Chat,Cancellation,Dallas,4.01,2,Yes,Negative
CALL-12014,AGT-124,2026-05-11,Email,Product Inquiry,Dallas,1.78,4,Yes,Positive
CALL-12015,AGT-132,2026-06-05,Phone,Account Access,Los Angeles,3.71,3,No,Neutral
CALL-12016,AGT-132,2026-04-03,Phone,Account Access,Dallas,14.8,2,Yes,Positive
CALL-12017,AGT-110,2026-04-15,Chat,Account Access,Dallas,1.18,4,No,Very Positive
CALL-12018,AGT-122,2026-04-01,Chat,Product Inquiry,Dallas,3.74,4,No,Neutral
CALL-12019,AGT-118,2026-02-23,Email,Account Access,Dallas,2.3899999999999997,1,No,Negative
CALL-12020,AGT-123,2026-01-05,Email,Cancellation,Dallas,6.75,5,Yes,Very Positive
CALL-12021,AGT-104,2026-03-15,Phone,Product Inquiry,Los Angeles,8.59,5,Yes,Positive
CALL-12022,AGT-123,2026-02-16,Email,Cancellation,Dallas,18.66,3,Yes,Very Positive
CALL-12023,AGT-103,2026-05-06,Phone,Billing Issue,New York,5.91,4,Yes,Positive
CALL-12024,AGT-131,2026-03-09,Phone,Technical Support,New York,3.32,5,Yes,Very Negative
CALL-12025,AGT-114,2026-02-09,Phone,Cancellation,Los Angeles,1.52,5,No,Negative
CALL-12026,AGT-106,2026-01-14,Email,Cancellation,Dallas,5.98,4,No,Very Positive
CALL-12027,AGT-126,2026-05-16,Phone,Product Inquiry,Los Angeles,1.22,4,Yes,Very Positive
CALL-12028,AGT-129,2026-01-14,Phone,Product Inquiry,Dallas,3.79,4,No,Very Positive
CALL-12029,AGT-124,2026-05-22,Phone,Product Inquiry,New York,9.69,4,Yes,Neutral
CALL-12030,AGT-109,2026-06-05,Email,Technical Support,Los Angeles,7.39,4,Yes,Very Positive
CALL-12031,AGT-118,2026-03-12,Phone,Billing Issue,Dallas,18.57,5,Yes,Very Positive
CALL-12032,AGT-138,2026-06-05,Phone,Product Inquiry,Chicago,6.57,5,Yes,Negative
CALL-12033,AGT-136,2026-04-12,Chat,Product Inquiry,New York,3.21,5,Yes,Very Negative
CALL-12034,AGT-132,2026-05-03,Phone,Technical Support,Dallas,1.17,4,Yes,Positive
CALL-12035,AGT-120,2026-04-15,Chat,Cancellation,Los Angeles,8.57,3,Yes,Positive
CALL-12036,AGT-138,2026-04-24,Phone,Cancellation,New York,10.61,5,Yes,Positive
CALL-12037,AGT-133,2026-06-05,Phone,Technical Support,Dallas,10.27,4,Yes,Very Positive
CALL-12038,AGT-126,2026-06-24,Phone,Technical Support,Dallas,2.63,4,Yes,Positive
CALL-12039,AGT-102,2026-04-01,Chat,Technical Support,Los Angeles,1.03,5,Yes,Neutral
CALL-12040,AGT-137,2026-03-13,Phone,Cancellation,Dallas,2.27,2,Yes,Negative
CALL-12041,AGT-113,2026-06-09,Phone,Product Inquiry,Dallas,5.8,4,Yes,Neutral
CALL-12042,AGT-130,2026-06-19,Phone,Account Access,New York,9.21,4,No,Very Positive
CALL-12043,AGT-104,2026-01-31,Chat,Product Inquiry,Los Angeles,2.5700000000000003,2,Yes,Negative
CALL-12044,AGT-110,2026-04-04,Phone,Billing Issue,Dallas,3.24,4,Yes,Positive
CALL-12045,AGT-117,2026-01-14,Email,Technical Support,Los Angeles,4.359999999999999,4,Yes,Neutral
CALL-12046,AGT-138,2026-05-11,Phone,Technical Support,Chicago,1.45,4,No,Negative
CALL-12047,AGT-134,2026-04-10,Email,Technical Support,Los Angeles,1.2,2,Yes,Very Positive
CALL-12048,AGT-105,2026-03-30,Phone,Account Access,Chicago,2.0700000000000003,4,Yes,Negative
CALL-12049,AGT-138,2026-03-30,Chat,Billing Issue,Los Angeles,12.95,5,Yes,Very Negative
CALL-12050,AGT-110,2026-02-19,Phone,Billing Issue,Los Angeles,1.8900000000000001,2,Yes,Very Positive
CALL-12051,AGT-102,2026-04-09,Email,Cancellation,Dallas,3.55,3,Yes,Neutral
CALL-12052,AGT-111,2026-06-21,Phone,Account Access,Los Angeles,1.52,5,Yes,Neutral
CALL-12053,AGT-110,2026-05-13,Email,Product Inquiry,New York,6.52,5,Yes,Very Negative
CALL-12054,AGT-131,2026-01-11,Phone,Account Access,Chicago,4.76,3,Yes,Neutral
CALL-12055,AGT-139,2026-02-13,Chat,Billing Issue,New York,10.8,3,Yes,Negative
CALL-12056,AGT-127,2026-02-20,Phone,Cancellation,Dallas,2.7,3,No,Negative
CALL-12057,AGT-117,2026-03-28,Phone,Cancellation,New York,8.4,3,Yes,Neutral
CALL-12058,AGT-104,2026-01-20,Chat,Billing Issue,New York,2.51,2,Yes,Positive
CALL-12059,AGT-113,2026-06-06,Phone,Account Access,Chicago,8.530000000000001,3,Yes,Positive
CALL-12060,AGT-135,2026-04-19,Phone,Product Inquiry,Los Angeles,4.82,1,Yes,Negative
CALL-12061,AGT-130,2026-01-09,Phone,Account Access,Dallas,23.04,2,Yes,Very Negative
CALL-12062,AGT-112,2026-01-04,Phone,Account Access,Chicago,1.38,4,Yes,Neutral
CALL-12063,AGT-104,2026-04-06,Phone,Technical Support,Dallas,12.19,4,Yes,Positive
CALL-12064,AGT-126,2026-05-08,Phone,Product Inquiry,Los Angeles,13.39,5,No,Positive
CALL-12065,AGT-123,2026-04-22,Phone,Technical Support,New York,2.1100000000000003,5,No,Positive
CALL-12066,AGT-106,2026-04-18,Phone,Product Inquiry,New York,3.43,5,Yes,Neutral
CALL-12067,AGT-109,2026-01-14,Email,Billing Issue,Los Angeles,34.32,4,Yes,Very Positive
CALL-12068,AGT-101,2026-06-23,Chat,Product Inquiry,Los Angeles,10.56,3,No,Very Negative
CALL-12069,AGT-126,2026-02-09,Email,Account Access,Chicago,8.6,3,No,Very Positive
CALL-12070,AGT-108,2026-04-06,Phone,Technical Support,Chicago,7.0,2,Yes,Very Negative
CALL-12071,AGT-105,2026-04-30,Phone,Billing Issue,New York,5.73,1,No,Very Positive
CALL-12072,AGT-119,2026-01-26,Phone,Technical Support,Los Angeles,2.0700000000000003,1,Yes,Positive
CALL-12073,AGT-106,2026-02-21,Phone,Technical Support,Los Angeles,4.91,4,Yes,Neutral
CALL-12074,AGT-133,2026-01-05,Chat,Cancellation,Chicago,8.26,4,Yes,Positive
CALL-12075,AGT-122,2026-05-29,Phone,Product Inquiry,Dallas,1.34,5,Yes,Very Positive
CALL-12076,AGT-109,2026-06-28,Phone,Cancellation,Chicago,6.94,2,Yes,Very Negative
CALL-12077,AGT-137,2026-05-02,Phone,Billing Issue,Chicago,7.44,5,Yes,Positive
CALL-12078,AGT-111,2026-01-11,Phone,Product Inquiry,Dallas,3.24,5,Yes,Positive
CALL-12079,AGT-102,2026-06-17,Chat,Billing Issue,Dallas,7.33,1,Yes,Positive
CALL-12080,AGT-137,2026-04-06,Email,Product Inquiry,Los Angeles,3.56,3,No,Neutral
CALL-12081,AGT-134,2026-06-28,Chat,Product Inquiry,Los Angeles,1.0,2,No,Positive
CALL-12082,AGT-139,2026-02-27,Phone,Cancellation,Los Angeles,1.24,3,Yes,Neutral
CALL-12083,AGT-121,2026-01-26,Chat,Technical Support,Chicago,6.87,5,No,Very Negative
CALL-12084,AGT-109,2026-05-16,Email,Account Access,Los Angeles,13.97,4,Yes,Positive
CALL-12085,AGT-126,2026-05-09,Email,Product Inquiry,New York,6.97,3,No,Negative
CALL-12086,AGT-122,2026-03-06,Chat,Cancellation,Chicago,3.75,4,Yes,Very Positive
CALL-12087,AGT-110,2026-05-07,Phone,Billing Issue,Dallas,5.59,5,Yes,Positive
CALL-12088,AGT-130,2026-06-19,Chat,Technical Support,Chicago,13.05,3,Yes,Negative
CALL-12089,AGT-131,2026-03-23,Phone,Technical Support,New York,7.91,3,Yes,Very Positive
CALL-12090,AGT-121,2026-03-25,Chat,Technical Support,New York,4.54,2,Yes,Very Positive
CALL-12091,AGT-105,2026-03-07,Email,Technical Support,Dallas,6.95,4,Yes,Negative
CALL-12092,AGT-102,2026-03-09,Phone,Cancellation,Chicago,3.75,1,Yes,Positive
CALL-12093,AGT-106,2026-02-02,Phone,Cancellation,Dallas,22.89,3,No,Positive
CALL-12094,AGT-122,2026-06-23,Chat,Product Inquiry,Los Angeles,4.93,5,No,Positive
CALL-12095,AGT-118,2026-01-22,Phone,Billing Issue,Los Angeles,2.84,3,Yes,Positive
CALL-12096,AGT-137,2026-02-07,Email,Account Access,Los Angeles,9.48,3,Yes,Positive
CALL-12097,AGT-118,2026-05-30,Chat,Billing Issue,Dallas,3.04,4,Yes,Neutral
CALL-12098,AGT-109,2026-01-05,Chat,Billing Issue,New York,2.96,3,Yes,Neutral
CALL-12099,AGT-139,2026-03-01,Chat,Product Inquiry,Los Angeles,1.48,4,No,Positive
CALL-12100,AGT-128,2026-05-23,Email,Cancellation,Los Angeles,3.76,5,Yes,Neutral
CALL-12101,AGT-136,2026-03-10,Phone,Technical Support,New York,8.3,5,Yes,Neutral
CALL-12102,AGT-137,2026-01-03,Chat,Cancellation,Dallas,3.63,5,No,Neutral
CALL-12103,AGT-115,2026-03-24,Email,Cancellation,Chicago,6.45,3,Yes,Negative
CALL-12104,AGT-104,2026-02-24,Phone,Account Access,Chicago,5.31,5,Yes,Neutral
CALL-12105,AGT-129,2026-01-20,Phone,Account Access,Dallas,2.06,4,Yes,Very Positive
CALL-12106,AGT-108,2026-06-16,Email,Billing Issue,New York,20.96,4,Yes,Very Positive
CALL-12107,AGT-139,2026-05-24,Phone,Account Access,Dallas,7.15,4,Yes,Positive
CALL-12108,AGT-120,2026-05-19,Phone,Cancellation,Dallas,1.8,5,Yes,Neutral
CALL-12109,AGT-131,2026-05-08,Email,Billing Issue,Dallas,1.85,1,Yes,Positive
CALL-12110,AGT-112,2026-02-28,Chat,Cancellation,Los Angeles,8.41,2,No,Negative
CALL-12111,AGT-137,2026-06-18,Phone,Technical Support,New York,6.61,1,No,Positive
CALL-12112,AGT-115,2026-03-27,Phone,Technical Support,New York,3.58,5,Yes,Neutral
CALL-12113,AGT-125,2026-03-28,Phone,Billing Issue,Dallas,2.13,3,Yes,Very Negative
CALL-12114,AGT-105,2026-02-20,Phone,Billing Issue,Chicago,11.99,4,Yes,Negative
CALL-12115,AGT-132,2026-04-16,Chat,Billing Issue,Dallas,9.71,5,Yes,Positive
CALL-12116,AGT-132,2026-02-07,Email,Technical Support,Dallas,2.63,2,Yes,Neutral
CALL-12117,AGT-107,2026-02-26,Chat,Technical Support,New York,12.07,3,No,Very Positive
CALL-12118,AGT-109,2026-03-22,Chat,Cancellation,New York,27.24,4,Yes,Neutral
CALL-12119,AGT-135,2026-05-27,Chat,Product Inquiry,Dallas,1.3900000000000001,1,Yes,Positive
CALL-12120,AGT-135,2026-03-21,Phone,Billing Issue,New York,2.54,2,Yes,Negative
CALL-12121,AGT-124,2026-02-13,Phone,Technical Support,Los Angeles,2.56,4,Yes,Neutral
CALL-12122,AGT-125,2026-01-31,Chat,Account Access,Chicago,16.189999999999998,4,Yes,Positive
CALL-12123,AGT-117,2026-02-07,Chat,Account Access,Los Angeles,2.02,4,Yes,Very Positive
CALL-12124,AGT-136,2026-02-23,Email,Technical Support,Los Angeles,3.79,5,Yes,Positive
CALL-12125,AGT-122,2026-06-02,Phone,Billing Issue,Dallas,20.11,3,Yes,Positive
CALL-12126,AGT-131,2026-03-20,Phone,Account Access,New York,14.33,4,Yes,Very Positive
CALL-12127,AGT-136,2026-03-04,Chat,Technical Support,Dallas,14.21,4,Yes,Very Positive
CALL-12128,AGT-102,2026-05-10,Chat,Cancellation,Los Angeles,7.31,4,Yes,Neutral
CALL-12129,AGT-116,2026-02-01,Phone,Technical Support,Dallas,10.08,2,No,Neutral
CALL-12130,AGT-107,2026-01-18,Phone,Product Inquiry,Chicago,5.73,5,Yes,Positive
CALL-12131,AGT-117,2026-04-16,Phone,Account Access,Los Angeles,2.41,2,Yes,Negative
CALL-12132,AGT-101,2026-05-05,Email,Cancellation,Los Angeles,2.05,4,Yes,Very Positive
CALL-12133,AGT-130,2026-05-18,Chat,Product Inquiry,Chicago,3.59,4,No,Very Negative
CALL-12134,AGT-118,2026-01-19,Phone,Account Access,New York,8.66,5,Yes,Positive
CALL-12135,AGT-126,2026-04-03,Email,Billing Issue,Los Angeles,11.13,4,Yes,Very Positive
CALL-12136,AGT-129,2026-04-19,Chat,Billing Issue,New York,2.3200000000000003,5,Yes,Negative
CALL-12137,AGT-102,2026-03-28,Email,Account Access,Los Angeles,16.59,3,Yes,Negative
CALL-12138,AGT-112,2026-01-13,Chat,Product Inquiry,New York,11.73,4,Yes,Positive
CALL-12139,AGT-115,2026-06-22,Chat,Product Inquiry,Dallas,15.93,4,Yes,Very Positive
CALL-12140,AGT-105,2026-01-17,Phone,Billing Issue,Los Angeles,3.54,5,Yes,Neutral
CALL-12141,AGT-119,2026-02-28,Email,Account Access,New York,9.4,4,Yes,Neutral
CALL-12142,AGT-136,2026-05-01,Phone,Billing Issue,Chicago,2.2800000000000002,3,Yes,Neutral
CALL-12143,AGT-129,2026-05-17,Chat,Billing Issue,Los Angeles,5.69,4,Yes,Positive
CALL-12144,AGT-130,2026-06-06,Phone,Cancellation,Dallas,16.11,4,Yes,Negative
CALL-12145,AGT-136,2026-02-15,Email,Product Inquiry,Los Angeles,4.76,5,Yes,Very Positive
CALL-12146,AGT-106,2026-04-03,Phone,Billing Issue,New York,1.08,3,Yes,Neutral
CALL-12147,AGT-114,2026-02-18,Phone,Product Inquiry,Los Angeles,2.48,2,Yes,Very Positive
CALL-12148,AGT-108,2026-01-28,Phone,Cancellation,Chicago,6.19,4,Yes,Neutral
CALL-12149,AGT-138,2026-05-12,Phone,Account Access,Chicago,1.6400000000000001,3,Yes,Neutral
CALL-12150,AGT-105,2026-01-28,Phone,Product Inquiry,Los Angeles,1.99,5,Yes,Very Negative
CALL-12151,AGT-101,2026-02-27,Chat,Billing Issue,New York,8.96,5,Yes,Very Positive
CALL-12152,AGT-131,2026-05-18,Phone,Billing Issue,Dallas,14.79,5,Yes,Negative
CALL-12153,AGT-127,2026-02-27,Phone,Product Inquiry,Chicago,1.47,3,Yes,Negative
CALL-12154,AGT-102,2026-06-28,Chat,Billing Issue,Dallas,4.2,4,No,Very Negative
CALL-12155,AGT-120,2026-06-06,Chat,Account Access,Los Angeles,4.62,5,Yes,Positive
CALL-12156,AGT-110,2026-02-16,Chat,Technical Support,Chicago,12.52,4,Yes,Very Positive
CALL-12157,AGT-123,2026-02-07,Email,Product Inquiry,New York,3.98,4,Yes,Very Negative
CALL-12158,AGT-122,2026-02-14,Phone,Product Inquiry,New York,12.17,4,Yes,Very Negative
CALL-12159,AGT-132,2026-04-06,Phone,Account Access,Dallas,4.890000000000001,3,No,Negative
CALL-12160,AGT-111,2026-06-19,Email,Technical Support,Los Angeles,15.81,4,Yes,Very Negative
CALL-12161,AGT-124,2026-05-11,Phone,Account Access,New York,3.17,4,Yes,Positive
CALL-12162,AGT-109,2026-04-20,Phone,Technical Support,New York,7.37,2,No,Positive
CALL-12163,AGT-123,2026-06-21,Phone,Billing Issue,Chicago,7.25,5,Yes,Very Negative
CALL-12164,AGT-107,2026-03-26,Chat,Cancellation,Chicago,3.07,5,Yes,Neutral
CALL-12165,AGT-105,2026-01-30,Chat,Account Access,New York,2.6399999999999997,3,Yes,Positive
CALL-12166,AGT-132,2026-04-05,Phone,Product Inquiry,Chicago,11.52,4,No,Very Positive
CALL-12167,AGT-127,2026-03-18,Phone,Account Access,Chicago,7.94,5,Yes,Very Negative
CALL-12168,AGT-116,2026-02-22,Phone,Technical Support,Dallas,3.15,5,No,Very Positive
CALL-12169,AGT-135,2026-06-29,Chat,Product Inquiry,New York,4.08,3,Yes,Neutral
CALL-12170,AGT-115,2026-02-24,Chat,Billing Issue,Dallas,1.04,1,Yes,Neutral
CALL-12171,AGT-134,2026-06-18,Phone,Account Access,New York,4.6,2,No,Neutral
CALL-12172,AGT-110,2026-03-20,Phone,Cancellation,Los Angeles,8.99,4,Yes,Positive
CALL-12173,AGT-134,2026-04-06,Phone,Billing Issue,Los Angeles,6.99,5,Yes,Very Positive
CALL-12174,AGT-107,2026-05-20,Phone,Cancellation,Chicago,10.98,1,Yes,Neutral
CALL-12175,AGT-106,2026-05-02,Chat,Product Inquiry,Chicago,2.33,5,Yes,Neutral
CALL-12176,AGT-133,2026-01-01,Email,Billing Issue,Los Angeles,1.96,4,Yes,Positive
CALL-12177,AGT-132,2026-03-02,Phone,Billing Issue,Dallas,9.27,1,Yes,Neutral
CALL-12178,AGT-110,2026-02-28,Phone,Cancellation,Chicago,22.22,3,Yes,Very Positive
CALL-12179,AGT-120,2026-05-15,Chat,Billing Issue,Chicago,6.49,3,Yes,Positive
CALL-12180,AGT-120,2026-02-06,Email,Billing Issue,Dallas,1.71,5,Yes,Negative
CALL-12181,AGT-104,2026-02-15,Chat,Product Inquiry,New York,1.3,5,Yes,Positive
CALL-12182,AGT-118,2026-05-01,Email,Technical Support,New York,2.71,3,Yes,Negative
CALL-12183,AGT-131,2026-04-02,Phone,Cancellation,Chicago,10.09,4,No,Neutral
CALL-12184,AGT-114,2026-06-19,Chat,Account Access,Dallas,16.11,4,Yes,Very Positive
CALL-12185,AGT-126,2026-04-05,Phone,Product Inquiry,New York,2.21,5,Yes,Neutral
CALL-12186,AGT-107,2026-03-16,Phone,Cancellation,Chicago,13.43,3,Yes,Positive
CALL-12187,AGT-137,2026-03-25,Chat,Billing Issue,Dallas,11.51,4,Yes,Very Negative
CALL-12188,AGT-106,2026-02-01,Email,Account Access,New York,3.36,1,Yes,Very Negative
CALL-12189,AGT-119,2026-01-31,Phone,Account Access,Dallas,9.16,3,Yes,Very Positive
CALL-12190,AGT-112,2026-03-19,Phone,Technical Support,New York,7.53,4,No,Negative
CALL-12191,AGT-110,2026-05-07,Chat,Account Access,Chicago,10.67,4,Yes,Very Negative
CALL-12192,AGT-107,2026-05-14,Phone,Product Inquiry,Dallas,4.6,3,Yes,Negative
CALL-12193,AGT-102,2026-02-20,Chat,Cancellation,Chicago,3.37,3,Yes,Positive
CALL-12194,AGT-124,2026-05-29,Phone,Cancellation,Chicago,3.28,2,Yes,Positive
CALL-12195,AGT-102,2026-04-24,Chat,Cancellation,Dallas,4.52,3,Yes,Neutral
CALL-12196,AGT-137,2026-01-21,Email,Technical Support,New York,10.03,2,Yes,Very Positive
CALL-12197,AGT-103,2026-06-27,Phone,Cancellation,Dallas,7.19,3,Yes,Neutral
CALL-12198,AGT-130,2026-03-07,Phone,Product Inquiry,Chicago,1.52,5,Yes,Very Negative
CALL-12199,AGT-132,2026-02-09,Chat,Account Access,New York,10.31,5,Yes,Positive
CALL-12200,AGT-123,2026-02-05,Chat,Technical Support,Dallas,1.53,4,Yes,Positive
CALL-12201,AGT-110,2026-04-09,Chat,Account Access,Chicago,10.85,5,No,Very Positive
CALL-12202,AGT-122,2026-06-15,Phone,Technical Support,Los Angeles,10.91,1,No,Negative
CALL-12203,AGT-101,2026-03-20,Phone,Cancellation,Dallas,4.18,5,Yes,Positive
CALL-12204,AGT-117,2026-01-22,Phone,Account Access,Los Angeles,5.81,3,Yes,Positive
CALL-12205,AGT-127,2026-01-15,Email,Billing Issue,Dallas,9.99,4,Yes,Positive
CALL-12206,AGT-120,2026-05-06,Phone,Account Access,Los Angeles,2.7199999999999998,4,Yes,Positive
CALL-12207,AGT-110,2026-02-19,Phone,Cancellation,New York,6.31,3,Yes,Negative
CALL-12208,AGT-113,2026-04-23,Phone,Billing Issue,Los Angeles,1.42,2,No,Very Positive
CALL-12209,AGT-135,2026-01-22,Chat,Account Access,Dallas,3.16,4,Yes,Negative
CALL-12210,AGT-107,2026-03-01,Chat,Billing Issue,Dallas,7.1,5,Yes,Positive
CALL-12211,AGT-105,2026-04-08,Chat,Billing Issue,Los Angeles,5.28,3,Yes,Very Positive
CALL-12212,AGT-123,2026-05-24,Chat,Cancellation,Chicago,30.67,1,Yes,Very Positive
CALL-12213,AGT-121,2026-04-09,Chat,Billing Issue,Dallas,4.82,4,Yes,Neutral
CALL-12214,AGT-101,2026-04-28,Phone,Cancellation,Dallas,7.93,2,Yes,Positive
CALL-12215,AGT-137,2026-05-08,Chat,Account Access,New York,1.28,4,Yes,Positive
CALL-12216,AGT-117,2026-06-04,Phone,Product Inquiry,Dallas,2.15,1,Yes,Positive
CALL-12217,AGT-126,2026-01-01,Email,Cancellation,Chicago,12.74,4,Yes,Very Positive
CALL-12218,AGT-122,2026-06-27,Phone,Cancellation,Chicago,10.15,3,Yes,Positive
CALL-12219,AGT-117,2026-06-12,Chat,Technical Support,Chicago,10.82,3,Yes,Negative
CALL-12220,AGT-121,2026-03-01,Phone,Billing Issue,Dallas,4.74,2,Yes,Neutral
CALL-12221,AGT-123,2026-04-08,Chat,Technical Support,Chicago,1.43,2,No,Positive
CALL-12222,AGT-108,2026-05-13,Phone,Account Access,Chicago,6.27,2,Yes,Positive
CALL-12223,AGT-132,2026-02-15,Chat,Technical Support,Dallas,1.44,5,Yes,Positive
CALL-12224,AGT-138,2026-05-10,Phone,Cancellation,New York,3.13,5,No,Neutral
CALL-12225,AGT-127,2026-04-17,Phone,Account Access,Los Angeles,4.76,5,Yes,Neutral
CALL-12226,AGT-118,2026-05-20,Phone,Technical Support,Los Angeles,1.98,4,Yes,Positive
CALL-12227,AGT-120,2026-06-17,Chat,Technical Support,New York,20.05,3,Yes,Positive
CALL-12228,AGT-109,2026-06-25,Phone,Account Access,New York,1.13,5,Yes,Negative
CALL-12229,AGT-110,2026-06-23,Email,Account Access,New York,1.95,3,Yes,Neutral
CALL-12230,AGT-129,2026-02-16,Chat,Cancellation,Dallas,2.05,5,Yes,Positive
CALL-12231,AGT-133,2026-01-09,Phone,Cancellation,Dallas,1.05,5,Yes,Positive
CALL-12232,AGT-138,2026-01-23,Phone,Product Inquiry,Los Angeles,14.8,5,Yes,Very Positive
CALL-12233,AGT-139,2026-03-19,Chat,Cancellation,Los Angeles,2.23,5,Yes,Positive
CALL-12234,AGT-116,2026-05-13,Chat,Product Inquiry,Dallas,4.4,4,Yes,Very Positive
CALL-12235,AGT-114,2026-04-18,Chat,Technical Support,Dallas,3.65,4,Yes,Very Positive
CALL-12236,AGT-111,2026-04-08,Email,Technical Support,New York,7.7,3,Yes,Very Negative
CALL-12237,AGT-120,2026-01-25,Phone,Billing Issue,Chicago,20.26,3,Yes,Negative
CALL-12238,AGT-132,2026-01-22,Email,Product Inquiry,Dallas,9.14,5,Yes,Negative
CALL-12239,AGT-105,2026-03-12,Chat,Technical Support,Chicago,4.890000000000001,1,Yes,Very Positive
CALL-12240,AGT-120,2026-02-26,Email,Account Access,Los Angeles,2.06,5,Yes,Negative
CALL-12241,AGT-109,2026-04-10,Email,Cancellation,New York,6.66,2,Yes,Negative
CALL-12242,AGT-114,2026-01-10,Phone,Billing Issue,Dallas,6.48,3,No,Negative
CALL-12243,AGT-115,2026-05-13,Phone,Cancellation,Chicago,6.32,3,Yes,Positive
CALL-12244,AGT-113,2026-03-14,Chat,Billing Issue,Los Angeles,1.2,3,Yes,Negative
CALL-12245,AGT-135,2026-01-25,Chat,Product Inquiry,Dallas,10.99,3,Yes,Positive
CALL-12246,AGT-112,2026-01-11,Phone,Account Access,New York,3.92,5,Yes,Neutral
CALL-12247,AGT-103,2026-05-30,Phone,Account Access,Dallas,7.1,5,Yes,Very Negative
CALL-12248,AGT-137,2026-01-06,Phone,Billing Issue,Los Angeles,20.7,4,Yes,Very Positive
CALL-12249,AGT-129,2026-03-11,Chat,Billing Issue,New York,5.64,2,Yes,Very Positive
CALL-12250,AGT-110,2026-02-15,Email,Product Inquiry,Chicago,2.05,3,Yes,Very Positive
CALL-12251,AGT-133,2026-03-24,Email,Account Access,Los Angeles,1.41,5,Yes,Neutral
CALL-12252,AGT-138,2026-01-18,Phone,Technical Support,New York,1.41,5,Yes,Very Negative
CALL-12253,AGT-135,2026-04-09,Phone,Billing Issue,New York,2.27,5,Yes,Negative
CALL-12254,AGT-111,2026-05-28,Chat,Technical Support,New York,11.81,4,No,Positive
CALL-12255,AGT-121,2026-01-30,Email,Technical Support,Dallas,5.32,5,Yes,Positive
CALL-12256,AGT-132,2026-04-21,Chat,Cancellation,Los Angeles,2.1100000000000003,5,Yes,Negative
CALL-12257,AGT-126,2026-03-21,Phone,Product Inquiry,Dallas,3.9,1,Yes,Very Positive
CALL-12258,AGT-124,2026-06-08,Phone,Technical Support,New York,2.12,3,No,Positive
CALL-12259,AGT-103,2026-04-14,Chat,Product Inquiry,New York,2.4,2,No,Positive
CALL-12260,AGT-103,2026-06-07,Phone,Cancellation,Los Angeles,3.27,5,No,Positive
CALL-12261,AGT-102,2026-06-05,Phone,Cancellation,Dallas,4.720000000000001,2,Yes,Neutral
CALL-12262,AGT-138,2026-04-30,Chat,Account Access,New York,2.12,4,Yes,Negative
CALL-12263,AGT-114,2026-05-31,Chat,Cancellation,Los Angeles,3.35,4,Yes,Neutral
CALL-12264,AGT-117,2026-03-14,Phone,Cancellation,New York,1.88,3,Yes,Positive
CALL-12265,AGT-105,2026-05-15,Phone,Billing Issue,Chicago,9.39,4,Yes,Very Positive
CALL-12266,AGT-134,2026-01-13,Email,Cancellation,Dallas,6.43,5,Yes,Very Negative
CALL-12267,AGT-139,2026-04-05,Email,Product Inquiry,New York,1.7,4,Yes,Positive
CALL-12268,AGT-117,2026-02-24,Email,Billing Issue,Chicago,3.84,4,Yes,Neutral
CALL-12269,AGT-135,2026-03-24,Phone,Cancellation,Los Angeles,13.45,2,Yes,Positive
CALL-12270,AGT-114,2026-01-07,Phone,Cancellation,Dallas,1.8900000000000001,2,Yes,Neutral
CALL-12271,AGT-134,2026-02-17,Chat,Account Access,Dallas,7.48,2,Yes,Neutral
CALL-12272,AGT-114,2026-02-02,Chat,Cancellation,Dallas,2.15,1,Yes,Neutral
CALL-12273,AGT-132,2026-06-26,Phone,Cancellation,New York,2.7,5,Yes,Neutral
CALL-12274,AGT-118,2026-04-23,Chat,Cancellation,New York,20.82,3,Yes,Neutral
CALL-12275,AGT-113,2026-01-26,Email,Account Access,Dallas,2.48,4,Yes,Positive
CALL-12276,AGT-112,2026-01-29,Phone,Technical Support,Dallas,3.71,5,Yes,Positive
CALL-12277,AGT-104,2026-05-17,Phone,Billing Issue,Chicago,32.510000000000005,4,Yes,Very Positive
CALL-12278,AGT-114,2026-03-30,Phone,Cancellation,Dallas,19.57,2,Yes,Very Positive
CALL-12279,AGT-119,2026-01-19,Phone,Product Inquiry,New York,7.64,4,Yes,Positive
CALL-12280,AGT-102,2026-05-18,Phone,Account Access,Chicago,2.3899999999999997,4,Yes,Very Positive
CALL-12281,AGT-108,2026-04-30,Chat,Billing Issue,Los Angeles,2.3600000000000003,4,Yes,Neutral
CALL-12282,AGT-123,2026-01-30,Phone,Account Access,Los Angeles,19.43,4,Yes,Neutral
CALL-12283,AGT-122,2026-06-06,Email,Cancellation,Chicago,4.16,1,Yes,Very Negative
CALL-12284,AGT-111,2026-06-11,Phone,Product Inquiry,Dallas,16.630000000000003,5,Yes,Very Positive
CALL-12285,AGT-122,2026-03-12,Phone,Cancellation,Chicago,1.24,3,Yes,Positive
CALL-12286,AGT-111,2026-04-26,Email,Billing Issue,Chicago,6.35,4,Yes,Negative
CALL-12287,AGT-123,2026-02-16,Phone,Technical Support,Dallas,12.14,3,Yes,Very Positive
CALL-12288,AGT-101,2026-06-25,Chat,Cancellation,Los Angeles,9.68,2,Yes,Very Positive
CALL-12289,AGT-111,2026-06-15,Chat,Account Access,Chicago,9.2,5,No,Very Positive
CALL-12290,AGT-118,2026-04-19,Chat,Technical Support,Los Angeles,3.99,5,Yes,Positive
CALL-12291,AGT-102,2026-03-28,Phone,Cancellation,Los Angeles,1.33,4,Yes,Very Positive
CALL-12292,AGT-126,2026-04-02,Phone,Account Access,Chicago,7.66,1,Yes,Neutral
CALL-12293,AGT-123,2026-04-13,Chat,Billing Issue,Chicago,4.75,5,Yes,Very Positive
CALL-12294,AGT-139,2026-01-25,Phone,Account Access,Dallas,2.21,1,Yes,Very Positive
CALL-12295,AGT-116,2026-01-11,Chat,Technical Support,Los Angeles,8.75,5,Yes,Very Positive
CALL-12296,AGT-132,2026-06-11,Chat,Product Inquiry,Chicago,5.15,4,No,Positive
CALL-12297,AGT-113,2026-02-10,Chat,Account Access,Dallas,5.57,4,Yes,Positive
CALL-12298,AGT-137,2026-05-15,Email,Account Access,Los Angeles,3.36,2,Yes,Positive
CALL-12299,AGT-137,2026-05-19,Chat,Cancellation,Chicago,12.71,4,Yes,Neutral
CALL-12300,AGT-136,2026-02-10,Phone,Account Access,Los Angeles,1.24,4,No,Positive
CALL-12301,AGT-124,2026-03-06,Chat,Cancellation,Chicago,1.41,5,Yes,Negative
CALL-12302,AGT-115,2026-03-25,Phone,Product Inquiry,New York,11.78,5,Yes,Very Positive
CALL-12303,AGT-138,2026-04-03,Chat,Technical Support,New York,1.56,5,No,Very Negative
CALL-12304,AGT-112,2026-03-26,Chat,Product Inquiry,Los Angeles,3.87,5,No,Neutral
CALL-12305,AGT-120,2026-01-14,Email,Technical Support,Los Angeles,7.08,3,Yes,Neutral
CALL-12306,AGT-131,2026-03-04,Email,Cancellation,Los Angeles,4.54,5,Yes,Negative
CALL-12307,AGT-121,2026-03-05,Email,Product Inquiry,Los Angeles,4.1899999999999995,5,No,Very Negative
CALL-12308,AGT-133,2026-06-14,Phone,Billing Issue,Chicago,1.11,1,Yes,Very Positive
CALL-12309,AGT-115,2026-04-19,Phone,Cancellation,New York,1.77,3,Yes,Very Positive
CALL-12310,AGT-129,2026-02-28,Phone,Account Access,Dallas,5.77,3,Yes,Positive
CALL-12311,AGT-106,2026-01-06,Email,Product Inquiry,New York,1.01,5,Yes,Neutral
CALL-12312,AGT-107,2026-05-28,Email,Technical Support,Los Angeles,11.08,4,Yes,Positive
CALL-12313,AGT-108,2026-02-10,Email,Cancellation,Los Angeles,2.6799999999999997,5,Yes,Positive
CALL-12314,AGT-104,2026-02-06,Phone,Billing Issue,New York,4.04,4,Yes,Neutral
CALL-12315,AGT-119,2026-06-07,Chat,Product Inquiry,New York,4.68,2,Yes,Positive
CALL-12316,AGT-103,2026-06-03,Chat,Product Inquiry,New York,9.79,1,Yes,Neutral
CALL-12317,AGT-139,2026-05-28,Email,Product Inquiry,Los Angeles,6.79,2,Yes,Positive
CALL-12318,AGT-106,2026-03-11,Email,Billing Issue,Los Angeles,9.56,1,Yes,Very Negative
CALL-12319,AGT-127,2026-06-24,Phone,Account Access,Los Angeles,5.68,2,Yes,Positive
CALL-12320,AGT-137,2026-03-01,Chat,Billing Issue,New York,2.79,4,Yes,Negative
CALL-12321,AGT-113,2026-02-20,Chat,Account Access,Dallas,15.39,4,No,Negative
CALL-12322,AGT-125,2026-06-18,Phone,Billing Issue,New York,9.31,4,Yes,Positive
CALL-12323,AGT-136,2026-06-07,Phone,Account Access,New York,1.13,3,Yes,Positive
CALL-12324,AGT-128,2026-04-18,Email,Account Access,Chicago,8.41,3,Yes,Positive
CALL-12325,AGT-129,2026-03-05,Chat,Cancellation,Dallas,1.17,4,Yes,Very Positive
CALL-12326,AGT-104,2026-03-06,Email,Technical Support,Los Angeles,34.87,4,Yes,Negative
CALL-12327,AGT-102,2026-06-10,Email,Technical Support,Chicago,3.65,1,Yes,Positive
CALL-12328,AGT-128,2026-03-09,Chat,Account Access,Chicago,3.11,4,No,Positive
CALL-12329,AGT-132,2026-01-09,Chat,Technical Support,Chicago,33.41,4,Yes,Positive
CALL-12330,AGT-111,2026-06-09,Chat,Cancellation,Dallas,1.6099999999999999,4,Yes,Positive
CALL-12331,AGT-105,2026-03-08,Chat,Account Access,New York,8.65,3,Yes,Very Negative
CALL-12332,AGT-120,2026-01-01,Chat,Account Access,Dallas,13.63,4,Yes,Very Negative
CALL-12333,AGT-122,2026-03-09,Phone,Product Inquiry,New York,1.9300000000000002,3,Yes,Very Negative
CALL-12334,AGT-107,2026-05-04,Phone,Account Access,New York,7.57,2,Yes,Negative
CALL-12335,AGT-131,2026-06-02,Chat,Technical Support,Dallas,5.7,4,Yes,Positive
CALL-12336,AGT-111,2026-02-22,Phone,Cancellation,Los Angeles,10.39,3,Yes,Negative
CALL-12337,AGT-126,2026-01-29,Phone,Product Inquiry,Dallas,10.83,3,Yes,Positive
CALL-12338,AGT-106,2026-04-06,Phone,Cancellation,Los Angeles,8.379999999999999,5,Yes,Positive
CALL-12339,AGT-117,2026-01-27,Email,Account Access,Los Angeles,25.88,3,Yes,Negative
CALL-12340,AGT-124,2026-03-29,Email,Billing Issue,Chicago,18.36,2,Yes,Positive
CALL-12341,AGT-122,2026-04-09,Phone,Technical Support,Chicago,10.62,5,Yes,Neutral
CALL-12342,AGT-103,2026-01-13,Chat,Billing Issue,New York,5.27,4,Yes,Very Negative
CALL-12343,AGT-113,2026-06-14,Email,Billing Issue,Chicago,3.64,5,Yes,Neutral
CALL-12344,AGT-103,2026-03-31,Phone,Billing Issue,Chicago,5.75,1,Yes,Very Positive
CALL-12345,AGT-103,2026-04-16,Chat,Technical Support,Dallas,2.49,5,Yes,Positive
CALL-12346,AGT-118,2026-01-01,Email,Cancellation,Los Angeles,4.98,2,Yes,Positive
CALL-12347,AGT-134,2026-03-11,Chat,Billing Issue,Los Angeles,13.53,4,Yes,Positive
CALL-12348,AGT-120,2026-05-03,Chat,Cancellation,Dallas,23.21,5,No,Negative
CALL-12349,AGT-101,2026-02-02,Phone,Cancellation,Dallas,2.54,5,Yes,Neutral
CALL-12350,AGT-132,2026-06-01,Phone,Account Access,New York,4.7,2,Yes,Positive
CALL-12351,AGT-134,2026-03-16,Phone,Billing Issue,New York,9.75,1,Yes,Neutral
CALL-12352,AGT-118,2026-02-28,Phone,Billing Issue,Dallas,8.280000000000001,5,Yes,Very Negative
CALL-12353,AGT-123,2026-02-14,Phone,Product Inquiry,Dallas,2.1100000000000003,4,Yes,Very Positive
CALL-12354,AGT-106,2026-01-21,Phone,Account Access,New York,5.11,4,Yes,Negative
CALL-12355,AGT-128,2026-04-03,Phone,Product Inquiry,Los Angeles,11.81,4,Yes,Positive
CALL-12356,AGT-109,2026-05-17,Chat,Account Access,New York,4.73,4,No,Neutral
CALL-12357,AGT-138,2026-04-01,Chat,Billing Issue,Los Angeles,4.29,5,No,Neutral
CALL-12358,AGT-103,2026-05-22,Phone,Technical Support,New York,3.37,5,Yes,Negative
CALL-12359,AGT-132,2026-01-18,Chat,Technical Support,Chicago,1.44,3,Yes,Very Negative
CALL-12360,AGT-116,2026-04-05,Phone,Product Inquiry,Los Angeles,9.86,5,Yes,Positive
CALL-12361,AGT-120,2026-03-19,Phone,Billing Issue,New York,2.76,4,Yes,Positive
CALL-12362,AGT-104,2026-05-04,Phone,Technical Support,Dallas,4.720000000000001,2,Yes,Neutral
CALL-12363,AGT-133,2026-04-28,Phone,Cancellation,New York,3.44,5,Yes,Very Positive
CALL-12364,AGT-103,2026-05-22,Phone,Technical Support,Dallas,2.02,4,No,Very Positive
CALL-12365,AGT-112,2026-06-28,Email,Technical Support,Los Angeles,16.16,3,Yes,Neutral
CALL-12366,AGT-107,2026-05-14,Phone,Product Inquiry,Chicago,2.38,3,Yes,Very Positive
CALL-12367,AGT-122,2026-03-08,Email,Account Access,Los Angeles,3.01,5,Yes,Very Negative
CALL-12368,AGT-116,2026-05-24,Chat,Cancellation,New York,5.59,5,No,Positive
CALL-12369,AGT-134,2026-02-12,Phone,Product Inquiry,Dallas,1.96,4,Yes,Neutral
CALL-12370,AGT-103,2026-05-01,Chat,Product Inquiry,New York,7.94,5,Yes,Neutral
CALL-12371,AGT-136,2026-04-24,Phone,Account Access,Los Angeles,9.96,2,Yes,Positive
CALL-12372,AGT-116,2026-02-16,Chat,Cancellation,Los Angeles,1.3900000000000001,1,Yes,Positive
CALL-12373,AGT-121,2026-01-14,Chat,Billing Issue,Chicago,5.48,4,Yes,Positive
CALL-12374,AGT-117,2026-05-20,Chat,Account Access,Dallas,8.21,3,Yes,Positive
CALL-12375,AGT-136,2026-04-01,Email,Technical Support,Chicago,8.68,1,Yes,Positive
CALL-12376,AGT-112,2026-01-03,Email,Technical Support,Chicago,13.27,3,Yes,Positive
CALL-12377,AGT-114,2026-02-05,Phone,Technical Support,Los Angeles,1.19,1,Yes,Neutral
CALL-12378,AGT-136,2026-06-27,Phone,Account Access,Dallas,1.99,4,Yes,Positive
CALL-12379,AGT-129,2026-01-03,Chat,Product Inquiry,Dallas,7.3,1,Yes,Very Positive
CALL-12380,AGT-139,2026-03-08,Email,Cancellation,Dallas,5.89,2,Yes,Neutral
CALL-12381,AGT-117,2026-01-30,Email,Account Access,Dallas,3.78,5,Yes,Negative
CALL-12382,AGT-117,2026-05-14,Phone,Account Access,Los Angeles,13.58,4,Yes,Very Negative
CALL-12383,AGT-129,2026-04-10,Phone,Billing Issue,Chicago,3.87,4,Yes,Neutral
CALL-12384,AGT-122,2026-04-20,Chat,Product Inquiry,Los Angeles,3.61,3,Yes,Positive
CALL-12385,AGT-130,2026-04-02,Chat,Technical Support,Chicago,4.17,3,Yes,Very Negative
CALL-12386,AGT-103,2026-04-07,Phone,Technical Support,Chicago,3.93,5,No,Positive
CALL-12387,AGT-121,2026-03-19,Phone,Product Inquiry,Chicago,4.82,5,Yes,Neutral
CALL-12388,AGT-102,2026-05-14,Phone,Account Access,New York,2.6100000000000003,4,No,Negative
CALL-12389,AGT-118,2026-02-21,Chat,Cancellation,Los Angeles,20.97,1,Yes,Negative
CALL-12390,AGT-134,2026-04-08,Chat,Cancellation,Los Angeles,9.86,3,Yes,Very Negative
CALL-12391,AGT-130,2026-01-03,Chat,Cancellation,New York,20.77,4,Yes,Negative
CALL-12392,AGT-118,2026-06-24,Phone,Billing Issue,Dallas,6.8,4,Yes,Positive
CALL-12393,AGT-135,2026-01-17,Email,Product Inquiry,New York,8.98,1,Yes,Positive
CALL-12394,AGT-137,2026-02-17,Chat,Product Inquiry,New York,12.51,4,No,Very Positive
CALL-12395,AGT-139,2026-01-21,Phone,Billing Issue,Chicago,9.84,5,Yes,Very Positive
CALL-12396,AGT-133,2026-03-17,Email,Cancellation,Dallas,14.96,2,Yes,Very Positive
CALL-12397,AGT-120,2026-05-16,Phone,Technical Support,Dallas,2.38,3,Yes,Neutral
CALL-12398,AGT-111,2026-05-22,Phone,Technical Support,Los Angeles,28.66,3,Yes,Negative
CALL-12399,AGT-102,2026-05-20,Email,Cancellation,Dallas,5.41,2,Yes,Very Positive
CALL-12400,AGT-109,2026-05-20,Email,Billing Issue,Los Angeles,4.96,2,Yes,Positive
CALL-12401,AGT-109,2026-01-26,Phone,Technical Support,New York,5.76,3,Yes,Neutral
CALL-12402,AGT-121,2026-05-20,Chat,Billing Issue,New York,4.29,5,Yes,Very Negative
CALL-12403,AGT-123,2026-05-21,Phone,Billing Issue,Dallas,10.33,4,No,Very Positive
CALL-12404,AGT-131,2026-01-08,Chat,Billing Issue,Dallas,4.9,3,Yes,Very Positive
CALL-12405,AGT-136,2026-02-03,Email,Product Inquiry,Los Angeles,1.22,4,No,Neutral
CALL-12406,AGT-124,2026-06-27,Phone,Account Access,New York,2.2800000000000002,4,Yes,Very Positive
CALL-12407,AGT-106,2026-03-01,Phone,Product Inquiry,Chicago,2.15,4,Yes,Neutral
CALL-12408,AGT-132,2026-01-07,Phone,Product Inquiry,Dallas,2.54,5,Yes,Positive
CALL-12409,AGT-122,2026-01-22,Phone,Billing Issue,Dallas,6.08,3,Yes,Neutral
CALL-12410,AGT-135,2026-03-03,Phone,Cancellation,Chicago,5.39,5,Yes,Very Positive
CALL-12411,AGT-135,2026-02-26,Email,Cancellation,Chicago,5.68,3,Yes,Neutral
CALL-12412,AGT-122,2026-05-19,Chat,Product Inquiry,Chicago,5.4,3,Yes,Positive
CALL-12413,AGT-123,2026-03-31,Phone,Account Access,New York,1.31,3,Yes,Neutral
CALL-12414,AGT-139,2026-06-27,Phone,Billing Issue,New York,4.45,5,Yes,Neutral
CALL-12415,AGT-107,2026-05-14,Email,Cancellation,Chicago,4.859999999999999,4,Yes,Positive
CALL-12416,AGT-128,2026-02-07,Phone,Account Access,New York,1.38,4,Yes,Neutral
CALL-12417,AGT-110,2026-03-11,Phone,Product Inquiry,New York,8.64,3,No,Positive
CALL-12418,AGT-124,2026-03-31,Phone,Product Inquiry,Chicago,13.61,4,Yes,Positive
CALL-12419,AGT-115,2026-02-06,Phone,Account Access,Los Angeles,6.0,4,Yes,Positive
CALL-12420,AGT-123,2026-04-01,Phone,Account Access,Los Angeles,3.11,1,No,Negative
CALL-12421,AGT-102,2026-06-14,Chat,Billing Issue,New York,13.8,2,Yes,Very Positive
CALL-12422,AGT-108,2026-02-16,Email,Product Inquiry,New York,1.4,3,Yes,Positive
CALL-12423,AGT-111,2026-03-19,Phone,Technical Support,Dallas,1.44,1,Yes,Positive
CALL-12424,AGT-132,2026-04-19,Phone,Account Access,New York,2.25,4,Yes,Positive
CALL-12425,AGT-102,2026-04-20,Phone,Account Access,Los Angeles,5.24,3,Yes,Neutral
CALL-12426,AGT-104,2026-02-02,Phone,Technical Support,Los Angeles,8.35,3,Yes,Very Positive
CALL-12427,AGT-104,2026-02-27,Email,Account Access,Los Angeles,3.64,3,Yes,Neutral
CALL-12428,AGT-137,2026-02-13,Phone,Technical Support,New York,3.61,2,Yes,Neutral
CALL-12429,AGT-105,2026-04-23,Phone,Product Inquiry,New York,4.42,3,Yes,Very Positive
CALL-12430,AGT-130,2026-03-23,Email,Product Inquiry,Los Angeles,6.44,4,Yes,Positive
CALL-12431,AGT-128,2026-01-15,Email,Cancellation,Los Angeles,7.94,4,Yes,Neutral
CALL-12432,AGT-139,2026-06-16,Chat,Account Access,Los Angeles,4.640000000000001,4,No,Very Positive
CALL-12433,AGT-112,2026-03-20,Chat,Account Access,Dallas,5.05,3,No,Neutral
CALL-12434,AGT-138,2026-04-24,Email,Cancellation,Chicago,2.21,1,No,Positive
CALL-12435,AGT-116,2026-05-21,Phone,Cancellation,Los Angeles,7.09,2,Yes,Very Negative
CALL-12436,AGT-112,2026-04-22,Email,Cancellation,Chicago,3.78,5,Yes,Positive
CALL-12437,AGT-139,2026-02-05,Email,Product Inquiry,Chicago,6.04,3,Yes,Positive
CALL-12438,AGT-131,2026-03-02,Chat,Cancellation,Chicago,11.11,5,Yes,Negative
CALL-12439,AGT-137,2026-03-09,Phone,Account Access,Dallas,3.28,3,Yes,Positive
CALL-12440,AGT-137,2026-06-20,Chat,Cancellation,Chicago,6.96,3,Yes,Neutral
CALL-12441,AGT-117,2026-02-13,Chat,Cancellation,Dallas,26.99,4,No,Neutral
CALL-12442,AGT-136,2026-05-23,Chat,Technical Support,Chicago,5.86,4,No,Very Positive
CALL-12443,AGT-115,2026-01-29,Phone,Technical Support,Los Angeles,7.68,4,Yes,Very Positive
CALL-12444,AGT-139,2026-05-16,Chat,Cancellation,Los Angeles,4.140000000000001,1,Yes,Neutral
CALL-12445,AGT-110,2026-03-19,Phone,Product Inquiry,Chicago,4.02,4,Yes,Neutral
CALL-12446,AGT-108,2026-05-15,Email,Technical Support,New York,16.189999999999998,5,No,Negative
CALL-12447,AGT-134,2026-05-29,Chat,Billing Issue,Los Angeles,5.83,4,Yes,Negative
CALL-12448,AGT-122,2026-02-06,Email,Account Access,Chicago,21.7,4,Yes,Negative
CALL-12449,AGT-104,2026-05-06,Phone,Cancellation,Dallas,1.1400000000000001,4,Yes,Neutral
CALL-12450,AGT-119,2026-06-09,Chat,Technical Support,Chicago,5.96,3,Yes,Negative
CALL-12451,AGT-118,2026-02-12,Phone,Product Inquiry,Dallas,13.32,5,Yes,Positive
CALL-12452,AGT-133,2026-05-12,Email,Cancellation,Chicago,10.13,4,No,Very Negative
CALL-12453,AGT-123,2026-04-13,Email,Cancellation,Los Angeles,12.79,4,Yes,Positive
CALL-12454,AGT-124,2026-02-27,Phone,Billing Issue,Dallas,37.0,5,Yes,Very Negative
CALL-12455,AGT-123,2026-03-18,Email,Billing Issue,Los Angeles,5.04,2,Yes,Negative
CALL-12456,AGT-123,2026-06-10,Phone,Billing Issue,Los Angeles,6.24,4,Yes,Neutral
CALL-12457,AGT-125,2026-01-20,Phone,Cancellation,Dallas,1.6800000000000002,3,Yes,Very Negative
CALL-12458,AGT-122,2026-05-27,Phone,Product Inquiry,Chicago,6.34,1,Yes,Positive
CALL-12459,AGT-106,2026-01-27,Chat,Cancellation,New York,10.55,4,Yes,Negative
CALL-12460,AGT-122,2026-02-16,Chat,Technical Support,Chicago,12.49,5,Yes,Positive
CALL-12461,AGT-111,2026-01-10,Phone,Product Inquiry,Dallas,9.29,5,Yes,Neutral
CALL-12462,AGT-136,2026-02-24,Phone,Technical Support,New York,15.7,4,No,Neutral
CALL-12463,AGT-127,2026-02-15,Phone,Product Inquiry,Dallas,12.35,2,Yes,Negative
CALL-12464,AGT-106,2026-03-15,Phone,Account Access,Chicago,1.58,4,Yes,Negative
CALL-12465,AGT-109,2026-02-14,Phone,Billing Issue,Los Angeles,3.1,4,Yes,Positive
CALL-12466,AGT-117,2026-04-13,Email,Billing Issue,Los Angeles,1.9300000000000002,4,Yes,Very Positive
CALL-12467,AGT-108,2026-06-07,Email,Product Inquiry,Chicago,2.16,4,Yes,Positive
CALL-12468,AGT-105,2026-04-01,Email,Product Inquiry,New York,4.3,5,No,Neutral
CALL-12469,AGT-137,2026-01-30,Phone,Technical Support,Chicago,3.25,4,No,Very Positive
CALL-12470,AGT-127,2026-06-10,Phone,Cancellation,New York,11.91,3,Yes,Very Positive
CALL-12471,AGT-108,2026-06-27,Chat,Product Inquiry,New York,3.2,4,Yes,Very Positive
CALL-12472,AGT-104,2026-05-26,Email,Cancellation,Dallas,4.83,4,Yes,Positive
CALL-12473,AGT-107,2026-03-14,Email,Technical Support,Los Angeles,36.74,4,Yes,Negative
CALL-12474,AGT-102,2026-05-20,Phone,Product Inquiry,Dallas,7.81,3,Yes,Positive
CALL-12475,AGT-131,2026-05-25,Email,Account Access,Dallas,14.1,3,Yes,Very Positive
CALL-12476,AGT-113,2026-02-28,Chat,Technical Support,Dallas,3.17,5,Yes,Neutral
CALL-12477,AGT-112,2026-03-23,Phone,Cancellation,New York,10.63,5,Yes,Negative
CALL-12478,AGT-139,2026-03-09,Chat,Billing Issue,New York,20.37,4,Yes,Positive
CALL-12479,AGT-107,2026-06-10,Phone,Technical Support,New York,15.05,4,Yes,Very Positive
CALL-12480,AGT-128,2026-02-05,Phone,Cancellation,Los Angeles,15.56,4,Yes,Negative
CALL-12481,AGT-101,2026-05-11,Phone,Product Inquiry,Chicago,2.8,1,Yes,Positive
CALL-12482,AGT-107,2026-06-03,Phone,Technical Support,Dallas,9.19,4,No,Positive
CALL-12483,AGT-121,2026-06-22,Phone,Billing Issue,Dallas,4.02,1,Yes,Neutral
CALL-12484,AGT-125,2026-01-08,Chat,Billing Issue,Los Angeles,10.92,3,Yes,Neutral
CALL-12485,AGT-132,2026-04-09,Phone,Product Inquiry,Los Angeles,6.78,2,Yes,Negative
CALL-12486,AGT-118,2026-01-25,Chat,Billing Issue,Los Angeles,6.48,3,Yes,Neutral
CALL-12487,AGT-129,2026-06-07,Chat,Cancellation,Chicago,4.71,4,Yes,Positive
CALL-12488,AGT-101,2026-05-26,Email,Technical Support,New York,1.83,3,Yes,Positive
CALL-12489,AGT-134,2026-01-07,Phone,Cancellation,New York,1.06,3,Yes,Negative
CALL-12490,AGT-122,2026-06-29,Chat,Product Inquiry,Los Angeles,9.79,4,Yes,Very Negative
CALL-12491,AGT-127,2026-01-31,Phone,Cancellation,Dallas,29.33,4,Yes,Very Positive
CALL-12492,AGT-109,2026-03-03,Phone,Product Inquiry,Chicago,1.76,4,Yes,Very Positive
CALL-12493,AGT-111,2026-05-16,Phone,Technical Support,Chicago,1.9300000000000002,3,Yes,Neutral
CALL-12494,AGT-103,2026-03-03,Chat,Cancellation,New York,7.85,1,Yes,Neutral
CALL-12495,AGT-136,2026-04-21,Phone,Billing Issue,Dallas,15.4,5,Yes,Positive
CALL-12496,AGT-104,2026-04-08,Chat,Technical Support,Dallas,6.81,4,No,Negative
CALL-12497,AGT-120,2026-03-11,Chat,Account Access,Dallas,2.74,2,Yes,Negative
CALL-12498,AGT-124,2026-04-27,Phone,Billing Issue,Los Angeles,1.5899999999999999,4,No,Very Negative
CALL-12499,AGT-115,2026-03-19,Chat,Technical Support,Los Angeles,15.76,4,Yes,Positive
CALL-12500,AGT-132,2026-04-20,Phone,Account Access,Chicago,10.83,5,Yes,Neutral
CALL-12501,AGT-121,2026-01-31,Chat,Account Access,New York,5.2,2,Yes,Positive
CALL-12502,AGT-121,2026-05-10,Email,Billing Issue,New York,7.05,3,Yes,Negative
CALL-12503,AGT-108,2026-05-09,Chat,Account Access,Chicago,2.34,3,Yes,Neutral
CALL-12504,AGT-116,2026-01-31,Chat,Billing Issue,Chicago,16.740000000000002,4,Yes,Neutral
CALL-12505,AGT-131,2026-05-02,Phone,Billing Issue,Chicago,2.6799999999999997,3,No,Neutral
CALL-12506,AGT-123,2026-01-19,Chat,Account Access,Los Angeles,4.41,5,Yes,Neutral
CALL-12507,AGT-115,2026-02-04,Email,Product Inquiry,Los Angeles,3.98,3,Yes,Neutral
CALL-12508,AGT-108,2026-02-17,Email,Product Inquiry,Dallas,4.04,5,Yes,Negative
CALL-12509,AGT-106,2026-01-08,Phone,Technical Support,Chicago,2.52,4,Yes,Positive
CALL-12510,AGT-109,2026-02-22,Chat,Technical Support,Los Angeles,2.63,2,Yes,Negative
CALL-12511,AGT-116,2026-05-25,Phone,Technical Support,Dallas,4.96,4,No,Positive
CALL-12512,AGT-104,2026-04-28,Email,Billing Issue,Los Angeles,1.24,4,Yes,Very Positive
CALL-12513,AGT-119,2026-03-27,Phone,Cancellation,Dallas,25.76,4,Yes,Positive
CALL-12514,AGT-114,2026-01-22,Chat,Cancellation,Dallas,4.970000000000001,5,Yes,Positive
CALL-12515,AGT-107,2026-01-23,Chat,Technical Support,Dallas,8.530000000000001,3,Yes,Negative
CALL-12516,AGT-120,2026-04-16,Phone,Cancellation,Chicago,5.49,4,Yes,Positive
CALL-12517,AGT-135,2026-02-06,Chat,Cancellation,New York,9.07,3,Yes,Positive
CALL-12518,AGT-132,2026-01-28,Phone,Cancellation,Dallas,15.88,4,No,Neutral
CALL-12519,AGT-104,2026-05-15,Phone,Product Inquiry,Los Angeles,6.73,4,Yes,Positive
CALL-12520,AGT-121,2026-03-26,Chat,Product Inquiry,New York,15.77,3,Yes,Positive
CALL-12521,AGT-126,2026-02-22,Phone,Technical Support,Chicago,12.42,2,No,Positive
CALL-12522,AGT-111,2026-01-29,Email,Account Access,New York,4.92,4,Yes,Neutral
CALL-12523,AGT-122,2026-06-07,Phone,Cancellation,Los Angeles,15.55,4,Yes,Neutral
CALL-12524,AGT-125,2026-06-15,Phone,Account Access,Chicago,11.74,4,Yes,Negative
CALL-12525,AGT-121,2026-05-24,Phone,Billing Issue,Dallas,5.6,3,Yes,Positive
CALL-12526,AGT-109,2026-01-31,Chat,Cancellation,Chicago,2.42,5,No,Positive
CALL-12527,AGT-119,2026-01-23,Chat,Technical Support,Dallas,3.92,4,Yes,Positive
CALL-12528,AGT-125,2026-06-10,Chat,Cancellation,Dallas,2.9699999999999998,3,No,Neutral
CALL-12529,AGT-138,2026-03-08,Phone,Cancellation,Chicago,24.1,3,Yes,Neutral
CALL-12530,AGT-107,2026-04-30,Chat,Account Access,Dallas,5.17,5,Yes,Positive
CALL-12531,AGT-118,2026-06-26,Phone,Account Access,New York,3.37,3,Yes,Very Positive
CALL-12532,AGT-107,2026-04-01,Phone,Billing Issue,New York,1.05,5,No,Neutral
CALL-12533,AGT-111,2026-05-18,Phone,Product Inquiry,New York,10.65,4,Yes,Neutral
CALL-12534,AGT-110,2026-05-23,Phone,Product Inquiry,New York,7.31,2,Yes,Very Positive
CALL-12535,AGT-136,2026-03-24,Phone,Product Inquiry,Chicago,9.14,2,Yes,Neutral
CALL-12536,AGT-115,2026-04-04,Email,Technical Support,Chicago,16.060000000000002,1,Yes,Very Positive
CALL-12537,AGT-118,2026-05-13,Email,Cancellation,New York,2.34,2,Yes,Positive
CALL-12538,AGT-135,2026-04-28,Chat,Account Access,Dallas,9.74,5,No,Positive
CALL-12539,AGT-112,2026-03-24,Phone,Account Access,Los Angeles,1.7,4,Yes,Very Positive
CALL-12540,AGT-113,2026-05-10,Chat,Account Access,Dallas,16.11,3,Yes,Neutral
CALL-12541,AGT-123,2026-01-02,Phone,Cancellation,Los Angeles,2.98,5,No,Positive
CALL-12542,AGT-115,2026-01-26,Email,Cancellation,Dallas,8.49,2,Yes,Neutral
CALL-12543,AGT-127,2026-01-20,Email,Account Access,Los Angeles,2.5300000000000002,2,Yes,Neutral
CALL-12544,AGT-104,2026-06-16,Chat,Technical Support,Los Angeles,4.77,4,Yes,Neutral
CALL-12545,AGT-127,2026-04-23,Chat,Product Inquiry,Los Angeles,28.48,2,Yes,Very Positive
CALL-12546,AGT-122,2026-05-14,Phone,Technical Support,Chicago,6.22,3,Yes,Very Negative
CALL-12547,AGT-128,2026-04-27,Chat,Account Access,Los Angeles,1.13,3,Yes,Positive
CALL-12548,AGT-126,2026-04-05,Phone,Technical Support,Los Angeles,8.18,4,No,Positive
CALL-12549,AGT-137,2026-05-04,Chat,Product Inquiry,Los Angeles,2.38,5,Yes,Very Positive
CALL-12550,AGT-125,2026-04-20,Phone,Cancellation,Dallas,9.88,5,Yes,Very Positive
CALL-12551,AGT-125,2026-02-24,Email,Account Access,Chicago,9.04,3,Yes,Very Positive
CALL-12552,AGT-114,2026-03-08,Phone,Billing Issue,Chicago,9.8,5,Yes,Positive
CALL-12553,AGT-129,2026-03-28,Email,Billing Issue,Dallas,3.71,2,Yes,Very Positive
CALL-12554,AGT-139,2026-05-30,Phone,Technical Support,New York,4.17,1,Yes,Neutral
CALL-12555,AGT-119,2026-01-16,Email,Cancellation,Los Angeles,3.12,5,Yes,Neutral
CALL-12556,AGT-115,2026-02-19,Phone,Billing Issue,New York,3.36,4,Yes,Negative
CALL-12557,AGT-127,2026-03-25,Chat,Technical Support,Chicago,16.35,5,Yes,Very Positive
CALL-12558,AGT-116,2026-06-28,Phone,Cancellation,Dallas,20.46,3,Yes,Neutral
CALL-12559,AGT-111,2026-05-06,Chat,Account Access,Los Angeles,11.44,4,Yes,Positive
CALL-12560,AGT-129,2026-02-28,Phone,Billing Issue,New York,2.79,5,Yes,Neutral
CALL-12561,AGT-114,2026-01-29,Phone,Technical Support,Chicago,6.4,5,No,Very Positive
CALL-12562,AGT-128,2026-01-06,Phone,Account Access,Chicago,1.81,5,No,Very Positive
CALL-12563,AGT-135,2026-03-28,Phone,Technical Support,New York,7.4,2,No,Negative
CALL-12564,AGT-125,2026-01-30,Phone,Account Access,Chicago,12.55,4,Yes,Neutral
CALL-12565,AGT-115,2026-02-04,Chat,Account Access,Dallas,8.74,5,No,Neutral
CALL-12566,AGT-115,2026-06-13,Phone,Product Inquiry,Chicago,1.48,3,Yes,Positive
CALL-12567,AGT-131,2026-03-14,Email,Technical Support,Dallas,1.42,1,Yes,Very Positive
CALL-12568,AGT-123,2026-04-13,Phone,Cancellation,Los Angeles,2.24,4,Yes,Neutral
CALL-12569,AGT-118,2026-06-10,Email,Product Inquiry,New York,2.81,3,No,Negative
CALL-12570,AGT-111,2026-05-19,Phone,Account Access,Dallas,9.11,5,No,Positive
CALL-12571,AGT-133,2026-03-01,Chat,Product Inquiry,Dallas,5.05,3,Yes,Negative
CALL-12572,AGT-129,2026-01-31,Phone,Technical Support,Chicago,1.9100000000000001,5,Yes,Positive
CALL-12573,AGT-102,2026-01-22,Chat,Cancellation,Los Angeles,3.97,5,Yes,Neutral
CALL-12574,AGT-113,2026-06-22,Chat,Billing Issue,Los Angeles,7.68,4,Yes,Negative
CALL-12575,AGT-133,2026-05-03,Email,Account Access,Chicago,4.23,4,Yes,Negative
CALL-12576,AGT-135,2026-06-02,Chat,Account Access,Los Angeles,6.92,2,Yes,Very Positive
CALL-12577,AGT-139,2026-01-07,Phone,Account Access,Los Angeles,2.31,4,Yes,Very Positive
CALL-12578,AGT-108,2026-04-11,Email,Cancellation,Los Angeles,7.88,2,No,Very Positive
CALL-12579,AGT-132,2026-03-22,Email,Account Access,Dallas,1.09,2,No,Negative
CALL-12580,AGT-112,2026-03-30,Phone,Technical Support,Dallas,8.2,4,Yes,Positive
CALL-12581,AGT-138,2026-05-29,Phone,Billing Issue,Los Angeles,4.12,5,Yes,Positive
CALL-12582,AGT-137,2026-05-05,Email,Cancellation,New York,4.12,4,Yes,Neutral
CALL-12583,AGT-111,2026-04-05,Chat,Technical Support,Chicago,6.9,3,Yes,Positive
CALL-12584,AGT-136,2026-01-07,Email,Product Inquiry,Dallas,4.75,2,No,Very Positive
CALL-12585,AGT-121,2026-04-30,Chat,Product Inquiry,New York,4.359999999999999,5,Yes,Neutral
CALL-12586,AGT-127,2026-06-18,Phone,Cancellation,New York,12.8,4,Yes,Positive
CALL-12587,AGT-124,2026-04-29,Chat,Account Access,Los Angeles,3.35,3,Yes,Neutral
CALL-12588,AGT-130,2026-03-25,Phone,Account Access,New York,5.27,5,Yes,Very Negative
CALL-12589,AGT-118,2026-04-02,Email,Account Access,Chicago,1.02,5,Yes,Very Positive
CALL-12590,AGT-111,2026-01-06,Chat,Cancellation,Los Angeles,4.13,5,Yes,Positive
CALL-12591,AGT-132,2026-04-10,Chat,Billing Issue,New York,4.76,5,Yes,Neutral
CALL-12592,AGT-132,2026-02-12,Phone,Product Inquiry,New York,11.9,3,Yes,Positive
CALL-12593,AGT-126,2026-04-15,Phone,Technical Support,New York,2.2800000000000002,2,Yes,Very Negative
CALL-12594,AGT-106,2026-01-17,Chat,Technical Support,New York,5.01,5,Yes,Positive
CALL-12595,AGT-122,2026-02-09,Phone,Technical Support,New York,30.74,2,Yes,Very Negative
CALL-12596,AGT-138,2026-04-04,Phone,Account Access,Chicago,1.77,4,Yes,Positive
CALL-12597,AGT-118,2026-05-31,Chat,Cancellation,Dallas,3.4,5,Yes,Positive
CALL-12598,AGT-136,2026-02-21,Phone,Technical Support,Chicago,17.44,4,No,Very Positive
CALL-12599,AGT-122,2026-01-04,Phone,Cancellation,Los Angeles,1.24,4,Yes,Positive
CALL-12600,AGT-119,2026-03-10,Phone,Product Inquiry,Dallas,2.54,5,Yes,Very Positive
CALL-12601,AGT-120,2026-01-16,Phone,Technical Support,Chicago,3.6,4,Yes,Neutral
CALL-12602,AGT-138,2026-01-24,Chat,Product Inquiry,Dallas,4.390000000000001,5,Yes,Neutral
CALL-12603,AGT-127,2026-05-14,Phone,Billing Issue,New York,13.49,4,No,Very Positive
CALL-12604,AGT-113,2026-05-02,Phone,Account Access,New York,6.5,4,Yes,Positive
CALL-12605,AGT-136,2026-01-23,Phone,Technical Support,Chicago,11.45,3,Yes,Positive
CALL-12606,AGT-136,2026-03-16,Chat,Billing Issue,Los Angeles,12.62,1,Yes,Very Negative
CALL-12607,AGT-109,2026-05-18,Chat,Account Access,Los Angeles,3.52,5,Yes,Positive
CALL-12608,AGT-118,2026-04-03,Email,Product Inquiry,Los Angeles,8.0,4,Yes,Neutral
CALL-12609,AGT-137,2026-06-26,Phone,Billing Issue,Los Angeles,2.77,5,Yes,Neutral
CALL-12610,AGT-111,2026-02-04,Phone,Account Access,Dallas,3.45,5,Yes,Very Positive
CALL-12611,AGT-116,2026-03-09,Phone,Cancellation,Los Angeles,1.76,5,No,Very Negative
CALL-12612,AGT-102,2026-01-23,Phone,Account Access,New York,22.07,4,Yes,Neutral
CALL-12613,AGT-120,2026-03-15,Email,Billing Issue,Los Angeles,1.27,5,Yes,Positive
CALL-12614,AGT-123,2026-01-26,Email,Cancellation,New York,1.19,4,Yes,Positive
CALL-12615,AGT-116,2026-05-08,Email,Cancellation,Los Angeles,23.58,4,Yes,Negative
CALL-12616,AGT-125,2026-03-04,Email,Account Access,Chicago,25.48,5,No,Positive
CALL-12617,AGT-129,2026-06-04,Chat,Technical Support,Los Angeles,2.5,4,Yes,Very Positive
CALL-12618,AGT-112,2026-06-27,Chat,Product Inquiry,Chicago,3.22,4,Yes,Very Positive
CALL-12619,AGT-116,2026-06-03,Email,Account Access,Chicago,1.02,4,Yes,Positive
CALL-12620,AGT-107,2026-01-18,Email,Technical Support,New York,2.83,2,Yes,Positive
CALL-12621,AGT-110,2026-01-23,Phone,Technical Support,Chicago,6.07,5,Yes,Neutral
CALL-12622,AGT-132,2026-03-25,Chat,Billing Issue,New York,1.09,4,No,Neutral
CALL-12623,AGT-136,2026-01-02,Chat,Billing Issue,Chicago,9.24,5,Yes,Positive
CALL-12624,AGT-132,2026-02-28,Email,Technical Support,New York,4.05,5,Yes,Neutral
CALL-12625,AGT-134,2026-03-24,Phone,Technical Support,New York,1.58,2,Yes,Positive
CALL-12626,AGT-104,2026-03-19,Email,Billing Issue,New York,22.61,4,Yes,Neutral
CALL-12627,AGT-138,2026-03-19,Chat,Technical Support,Dallas,16.310000000000002,4,Yes,Very Positive
CALL-12628,AGT-113,2026-04-11,Phone,Technical Support,Los Angeles,15.01,4,Yes,Positive
CALL-12629,AGT-113,2026-01-17,Email,Account Access,Chicago,3.75,4,Yes,Positive
CALL-12630,AGT-109,2026-01-27,Phone,Cancellation,Los Angeles,3.35,4,No,Negative
CALL-12631,AGT-126,2026-01-29,Phone,Technical Support,Chicago,12.82,1,Yes,Very Positive
CALL-12632,AGT-129,2026-02-21,Chat,Account Access,Dallas,1.13,2,Yes,Negative
CALL-12633,AGT-123,2026-05-01,Phone,Technical Support,Dallas,3.41,5,No,Negative
CALL-12634,AGT-101,2026-05-30,Chat,Cancellation,Dallas,1.53,4,Yes,Positive
CALL-12635,AGT-139,2026-01-04,Phone,Billing Issue,New York,4.220000000000001,3,Yes,Neutral
CALL-12636,AGT-104,2026-01-12,Chat,Account Access,New York,5.81,4,Yes,Negative
CALL-12637,AGT-104,2026-06-29,Email,Cancellation,Los Angeles,8.66,3,Yes,Neutral
CALL-12638,AGT-125,2026-03-08,Phone,Billing Issue,Chicago,4.4,5,Yes,Very Negative
CALL-12639,AGT-123,2026-06-08,Chat,Billing Issue,Chicago,6.21,3,Yes,Neutral
CALL-12640,AGT-129,2026-01-08,Phone,Account Access,New York,5.71,1,Yes,Very Negative
CALL-12641,AGT-130,2026-04-16,Phone,Account Access,Dallas,14.38,5,Yes,Very Negative
CALL-12642,AGT-113,2026-04-06,Phone,Cancellation,Dallas,4.92,1,Yes,Positive
CALL-12643,AGT-137,2026-04-19,Chat,Account Access,New York,16.05,4,Yes,Very Positive
CALL-12644,AGT-109,2026-04-23,Email,Billing Issue,Chicago,6.09,5,Yes,Positive
CALL-12645,AGT-131,2026-02-23,Phone,Cancellation,Los Angeles,6.75,3,Yes,Positive
CALL-12646,AGT-103,2026-05-10,Phone,Billing Issue,Los Angeles,7.61,2,Yes,Very Positive
CALL-12647,AGT-114,2026-05-20,Phone,Product Inquiry,Los Angeles,5.88,1,Yes,Neutral
CALL-12648,AGT-136,2026-03-13,Email,Technical Support,Dallas,6.13,5,Yes,Neutral
CALL-12649,AGT-135,2026-02-24,Email,Product Inquiry,Chicago,10.91,4,Yes,Neutral
CALL-12650,AGT-136,2026-04-12,Email,Billing Issue,Dallas,8.530000000000001,4,Yes,Negative
CALL-12651,AGT-115,2026-03-23,Email,Product Inquiry,New York,16.5,4,Yes,Negative
CALL-12652,AGT-106,2026-03-09,Phone,Cancellation,Los Angeles,1.97,4,Yes,Positive
CALL-12653,AGT-135,2026-03-15,Phone,Cancellation,New York,2.87,5,Yes,Very Negative
CALL-12654,AGT-109,2026-04-30,Email,Billing Issue,Dallas,6.0,5,Yes,Positive
CALL-12655,AGT-110,2026-01-30,Phone,Technical Support,New York,7.88,3,No,Neutral
CALL-12656,AGT-136,2026-03-04,Email,Technical Support,Los Angeles,10.33,5,Yes,Positive
CALL-12657,AGT-135,2026-02-19,Email,Cancellation,Los Angeles,18.44,4,No,Positive
CALL-12658,AGT-120,2026-04-06,Email,Cancellation,New York,5.18,5,Yes,Negative
CALL-12659,AGT-115,2026-06-14,Chat,Cancellation,New York,1.87,5,Yes,Positive
CALL-12660,AGT-132,2026-06-22,Phone,Billing Issue,Los Angeles,7.43,5,Yes,Negative
CALL-12661,AGT-132,2026-01-21,Phone,Account Access,Dallas,2.37,1,Yes,Very Positive
CALL-12662,AGT-107,2026-03-22,Phone,Cancellation,Los Angeles,1.73,3,Yes,Negative
CALL-12663,AGT-132,2026-03-30,Phone,Billing Issue,Dallas,15.08,4,Yes,Neutral
CALL-12664,AGT-127,2026-02-15,Phone,Product Inquiry,Chicago,1.72,1,Yes,Neutral
CALL-12665,AGT-113,2026-03-03,Chat,Technical Support,New York,19.53,4,Yes,Positive
CALL-12666,AGT-120,2026-06-11,Phone,Billing Issue,Chicago,3.33,4,No,Very Negative
CALL-12667,AGT-114,2026-06-27,Chat,Billing Issue,Dallas,12.75,5,Yes,Very Positive
CALL-12668,AGT-105,2026-02-04,Chat,Product Inquiry,Dallas,8.129999999999999,4,Yes,Very Negative
CALL-12669,AGT-138,2026-01-05,Phone,Account Access,New York,11.92,1,Yes,Neutral
CALL-12670,AGT-112,2026-01-02,Chat,Billing Issue,New York,3.47,3,No,Very Positive
CALL-12671,AGT-126,2026-06-24,Chat,Technical Support,Dallas,9.18,4,Yes,Neutral
CALL-12672,AGT-124,2026-03-24,Chat,Cancellation,New York,16.630000000000003,3,Yes,Very Positive
CALL-12673,AGT-129,2026-02-11,Chat,Product Inquiry,New York,1.45,3,Yes,Very Positive
CALL-12674,AGT-114,2026-06-15,Phone,Cancellation,Los Angeles,7.36,3,Yes,Neutral
CALL-12675,AGT-134,2026-04-02,Phone,Product Inquiry,Chicago,4.16,3,Yes,Negative
CALL-12676,AGT-139,2026-04-04,Chat,Cancellation,Los Angeles,1.5,2,Yes,Very Negative
CALL-12677,AGT-108,2026-03-12,Phone,Product Inquiry,Los Angeles,7.66,3,No,Very Positive
CALL-12678,AGT-117,2026-03-01,Phone,Billing Issue,New York,8.51,2,No,Positive
CALL-12679,AGT-138,2026-02-18,Phone,Cancellation,New York,12.08,3,Yes,Positive
CALL-12680,AGT-116,2026-05-13,Phone,Technical Support,Los Angeles,2.59,1,Yes,Very Positive
CALL-12681,AGT-105,2026-03-12,Chat,Billing Issue,Dallas,1.01,5,Yes,Positive
CALL-12682,AGT-137,2026-02-25,Chat,Billing Issue,Dallas,1.37,5,Yes,Neutral
CALL-12683,AGT-102,2026-03-01,Chat,Account Access,Dallas,24.82,3,Yes,Very Positive
CALL-12684,AGT-113,2026-03-25,Phone,Billing Issue,New York,4.37,5,Yes,Neutral
CALL-12685,AGT-105,2026-03-26,Phone,Product Inquiry,Los Angeles,8.08,5,Yes,Very Positive
CALL-12686,AGT-117,2026-06-18,Phone,Account Access,Dallas,11.18,3,No,Positive
CALL-12687,AGT-135,2026-06-06,Email,Cancellation,Los Angeles,6.57,1,Yes,Very Positive
CALL-12688,AGT-114,2026-01-11,Email,Account Access,Chicago,10.92,1,Yes,Neutral
CALL-12689,AGT-120,2026-03-04,Email,Technical Support,Dallas,7.4,5,Yes,Neutral
CALL-12690,AGT-126,2026-05-13,Email,Billing Issue,Los Angeles,7.69,1,Yes,Very Positive
CALL-12691,AGT-136,2026-03-25,Email,Cancellation,Dallas,7.39,4,Yes,Neutral
CALL-12692,AGT-107,2026-05-06,Email,Technical Support,Chicago,3.69,5,Yes,Neutral
CALL-12693,AGT-105,2026-03-04,Phone,Billing Issue,Chicago,7.78,4,Yes,Very Negative
CALL-12694,AGT-104,2026-01-11,Phone,Account Access,Dallas,1.54,2,Yes,Neutral
CALL-12695,AGT-119,2026-05-17,Chat,Account Access,Chicago,3.06,4,No,Neutral
CALL-12696,AGT-136,2026-01-19,Chat,Billing Issue,Los Angeles,2.67,4,Yes,Positive
CALL-12697,AGT-121,2026-01-15,Chat,Product Inquiry,New York,2.0,4,Yes,Negative
CALL-12698,AGT-117,2026-03-13,Chat,Product Inquiry,Los Angeles,2.2199999999999998,5,Yes,Very Positive
CALL-12699,AGT-104,2026-05-06,Chat,Cancellation,Chicago,5.75,5,Yes,Very Negative
CALL-12700,AGT-111,2026-05-16,Phone,Product Inquiry,Dallas,13.87,5,Yes,Very Negative
CALL-12701,AGT-111,2026-01-22,Chat,Account Access,Chicago,2.15,2,Yes,Very Positive
CALL-12702,AGT-127,2026-05-26,Phone,Billing Issue,Dallas,4.42,4,Yes,Very Positive
CALL-12703,AGT-101,2026-05-01,Phone,Technical Support,Dallas,2.99,3,No,Positive
CALL-12704,AGT-127,2026-02-10,Phone,Account Access,Los Angeles,14.35,3,Yes,Negative
CALL-12705,AGT-112,2026-06-18,Chat,Billing Issue,New York,2.01,2,Yes,Positive
CALL-12706,AGT-124,2026-03-28,Chat,Cancellation,Dallas,12.14,4,Yes,Positive
CALL-12707,AGT-104,2026-04-08,Email,Billing Issue,Los Angeles,5.05,5,No,Positive
CALL-12708,AGT-122,2026-02-18,Phone,Technical Support,Los Angeles,11.11,1,Yes,Neutral
CALL-12709,AGT-116,2026-06-19,Phone,Account Access,New York,3.08,4,No,Very Positive
CALL-12710,AGT-111,2026-03-02,Email,Product Inquiry,New York,8.8,2,Yes,Very Negative
CALL-12711,AGT-114,2026-02-28,Chat,Account Access,New York,3.83,1,Yes,Very Negative
CALL-12712,AGT-126,2026-03-16,Phone,Technical Support,Chicago,9.08,4,No,Positive
CALL-12713,AGT-124,2026-04-30,Phone,Account Access,Chicago,2.9299999999999997,5,Yes,Positive
CALL-12714,AGT-113,2026-04-25,Phone,Account Access,New York,9.15,3,Yes,Positive
CALL-12715,AGT-116,2026-01-24,Chat,Account Access,New York,11.45,2,Yes,Very Negative
CALL-12716,AGT-136,2026-02-01,Email,Account Access,Dallas,11.61,4,Yes,Negative
CALL-12717,AGT-118,2026-03-14,Phone,Cancellation,Chicago,3.46,3,No,Neutral
CALL-12718,AGT-123,2026-03-26,Email,Billing Issue,Chicago,16.35,4,Yes,Positive
CALL-12719,AGT-129,2026-04-03,Chat,Billing Issue,Chicago,8.530000000000001,1,Yes,Neutral
CALL-12720,AGT-137,2026-01-14,Chat,Cancellation,New York,16.119999999999997,4,Yes,Very Positive
CALL-12721,AGT-107,2026-06-19,Phone,Cancellation,Dallas,19.04,3,Yes,Very Positive
CALL-12722,AGT-105,2026-03-02,Phone,Technical Support,Chicago,1.12,4,Yes,Positive
CALL-12723,AGT-120,2026-02-10,Chat,Cancellation,Dallas,2.2,2,Yes,Positive
CALL-12724,AGT-119,2026-03-15,Email,Billing Issue,New York,9.89,4,No,Very Positive
CALL-12725,AGT-115,2026-06-15,Phone,Account Access,New York,9.22,3,Yes,Very Positive
CALL-12726,AGT-109,2026-01-22,Phone,Product Inquiry,Dallas,1.75,5,Yes,Very Negative
CALL-12727,AGT-103,2026-03-18,Phone,Cancellation,Chicago,5.92,4,Yes,Neutral
CALL-12728,AGT-129,2026-05-09,Email,Cancellation,Chicago,18.64,3,No,Positive
CALL-12729,AGT-101,2026-04-20,Chat,Cancellation,Dallas,3.91,1,No,Very Positive
CALL-12730,AGT-123,2026-01-31,Phone,Billing Issue,New York,7.08,2,Yes,Positive
CALL-12731,AGT-113,2026-01-23,Phone,Cancellation,New York,13.32,5,Yes,Very Negative
CALL-12732,AGT-139,2026-02-12,Email,Cancellation,Dallas,5.19,1,Yes,Neutral
CALL-12733,AGT-105,2026-01-14,Phone,Product Inquiry,Dallas,14.25,3,No,Neutral
CALL-12734,AGT-127,2026-05-23,Chat,Product Inquiry,Dallas,1.9300000000000002,4,Yes,Neutral
CALL-12735,AGT-139,2026-03-02,Chat,Technical Support,Dallas,6.56,3,No,Very Positive
CALL-12736,AGT-112,2026-05-20,Phone,Product Inquiry,Los Angeles,1.44,4,No,Neutral
CALL-12737,AGT-114,2026-01-05,Phone,Technical Support,Dallas,6.54,2,No,Very Positive
CALL-12738,AGT-122,2026-03-10,Email,Technical Support,New York,6.53,5,Yes,Neutral
CALL-12739,AGT-135,2026-01-15,Phone,Product Inquiry,New York,8.68,3,No,Very Positive
CALL-12740,AGT-131,2026-01-17,Phone,Technical Support,New York,15.04,4,Yes,Positive
CALL-12741,AGT-115,2026-06-19,Phone,Cancellation,New York,6.96,4,Yes,Very Positive
CALL-12742,AGT-112,2026-03-26,Phone,Billing Issue,Dallas,2.44,2,Yes,Very Positive
CALL-12743,AGT-110,2026-04-25,Chat,Technical Support,New York,14.56,4,Yes,Neutral
CALL-12744,AGT-137,2026-01-21,Phone,Product Inquiry,Chicago,6.72,5,Yes,Positive
CALL-12745,AGT-132,2026-06-05,Email,Cancellation,Los Angeles,13.18,4,Yes,Neutral
CALL-12746,AGT-125,2026-03-01,Email,Technical Support,Los Angeles,4.77,3,Yes,Positive
CALL-12747,AGT-127,2026-05-04,Phone,Technical Support,Los Angeles,20.01,3,Yes,Very Positive
CALL-12748,AGT-109,2026-06-17,Phone,Billing Issue,Chicago,2.85,3,Yes,Very Positive
CALL-12749,AGT-118,2026-05-25,Email,Product Inquiry,Los Angeles,9.71,5,Yes,Very Negative
CALL-12750,AGT-125,2026-01-16,Email,Technical Support,Dallas,13.42,4,No,Positive
CALL-12751,AGT-106,2026-03-17,Email,Cancellation,New York,1.67,5,Yes,Neutral
CALL-12752,AGT-103,2026-05-24,Email,Billing Issue,Dallas,10.62,5,No,Neutral
CALL-12753,AGT-137,2026-06-03,Chat,Cancellation,Dallas,11.95,3,Yes,Neutral
CALL-12754,AGT-139,2026-06-02,Phone,Billing Issue,New York,11.24,3,Yes,Very Positive
CALL-12755,AGT-103,2026-04-13,Phone,Billing Issue,Dallas,13.19,4,Yes,Very Positive
CALL-12756,AGT-125,2026-05-01,Email,Technical Support,Dallas,11.8,4,Yes,Neutral
CALL-12757,AGT-119,2026-06-23,Chat,Billing Issue,Dallas,2.2800000000000002,4,Yes,Positive
CALL-12758,AGT-132,2026-01-26,Email,Billing Issue,Chicago,22.34,3,Yes,Very Positive
CALL-12759,AGT-114,2026-02-05,Chat,Account Access,Dallas,5.2,4,Yes,Positive
CALL-12760,AGT-107,2026-03-20,Chat,Technical Support,Chicago,23.52,5,Yes,Positive
CALL-12761,AGT-125,2026-02-12,Phone,Billing Issue,New York,19.53,4,Yes,Positive
CALL-12762,AGT-135,2026-04-24,Phone,Cancellation,Los Angeles,3.02,3,Yes,Positive
CALL-12763,AGT-123,2026-01-13,Chat,Cancellation,Dallas,1.08,2,Yes,Positive
CALL-12764,AGT-115,2026-03-02,Phone,Billing Issue,New York,9.77,3,Yes,Very Positive
CALL-12765,AGT-104,2026-06-01,Email,Billing Issue,Dallas,13.82,1,No,Very Negative
CALL-12766,AGT-129,2026-01-04,Chat,Cancellation,Los Angeles,16.05,3,Yes,Negative
CALL-12767,AGT-118,2026-02-16,Phone,Billing Issue,New York,5.08,5,No,Very Positive
CALL-12768,AGT-137,2026-04-03,Chat,Account Access,Chicago,3.62,2,Yes,Positive
CALL-12769,AGT-105,2026-05-16,Email,Billing Issue,Los Angeles,1.3,5,No,Positive
CALL-12770,AGT-122,2026-05-19,Phone,Product Inquiry,Chicago,7.97,3,Yes,Very Positive
CALL-12771,AGT-115,2026-03-27,Chat,Billing Issue,Los Angeles,1.15,4,Yes,Positive
CALL-12772,AGT-105,2026-04-12,Phone,Billing Issue,New York,12.89,5,Yes,Positive
CALL-12773,AGT-123,2026-04-17,Phone,Billing Issue,New York,3.85,4,No,Very Negative
CALL-12774,AGT-120,2026-04-18,Phone,Technical Support,Los Angeles,3.87,5,Yes,Positive
CALL-12775,AGT-121,2026-01-13,Chat,Product Inquiry,New York,5.81,2,Yes,Positive
CALL-12776,AGT-137,2026-01-26,Email,Account Access,New York,9.5,4,Yes,Neutral
CALL-12777,AGT-135,2026-04-16,Phone,Billing Issue,Chicago,10.46,3,Yes,Very Positive
CALL-12778,AGT-121,2026-05-30,Chat,Product Inquiry,New York,2.91,3,No,Negative
CALL-12779,AGT-101,2026-02-17,Chat,Product Inquiry,Dallas,15.28,1,Yes,Positive
CALL-12780,AGT-120,2026-01-27,Chat,Product Inquiry,Los Angeles,4.37,4,Yes,Positive
CALL-12781,AGT-116,2026-06-13,Phone,Product Inquiry,Los Angeles,1.43,3,Yes,Neutral
CALL-12782,AGT-133,2026-06-29,Phone,Billing Issue,Dallas,3.4,3,No,Negative
CALL-12783,AGT-135,2026-05-04,Chat,Cancellation,Chicago,4.21,4,Yes,Negative
CALL-12784,AGT-138,2026-01-24,Chat,Product Inquiry,Los Angeles,8.16,1,Yes,Very Positive
CALL-12785,AGT-116,2026-01-27,Chat,Billing Issue,Los Angeles,15.72,2,Yes,Neutral
CALL-12786,AGT-121,2026-01-24,Chat,Billing Issue,New York,1.9300000000000002,5,Yes,Positive
CALL-12787,AGT-124,2026-01-01,Phone,Technical Support,Los Angeles,8.68,4,Yes,Positive
CALL-12788,AGT-136,2026-01-17,Chat,Cancellation,New York,5.94,4,No,Neutral
CALL-12789,AGT-127,2026-06-26,Phone,Product Inquiry,New York,8.83,5,Yes,Very Negative
CALL-12790,AGT-110,2026-06-16,Email,Cancellation,Chicago,9.63,1,Yes,Very Positive
CALL-12791,AGT-129,2026-02-10,Chat,Technical Support,Chicago,4.84,4,Yes,Positive
CALL-12792,AGT-116,2026-01-27,Chat,Billing Issue,New York,6.54,3,Yes,Positive
CALL-12793,AGT-117,2026-01-11,Chat,Technical Support,New York,13.0,4,No,Very Negative
CALL-12794,AGT-123,2026-02-01,Chat,Account Access,Chicago,1.33,5,Yes,Positive
CALL-12795,AGT-111,2026-02-18,Email,Account Access,New York,8.57,5,Yes,Positive
CALL-12796,AGT-119,2026-01-29,Chat,Product Inquiry,Chicago,3.76,3,Yes,Neutral
CALL-12797,AGT-116,2026-04-10,Phone,Technical Support,Dallas,7.3,4,Yes,Negative
CALL-12798,AGT-106,2026-02-18,Email,Billing Issue,Dallas,16.91,4,Yes,Very Negative
CALL-12799,AGT-126,2026-02-19,Phone,Technical Support,Chicago,10.41,2,No,Neutral
CALL-12800,AGT-118,2026-05-01,Phone,Account Access,Chicago,1.81,2,Yes,Very Positive
CALL-12801,AGT-114,2026-05-19,Email,Cancellation,Chicago,2.38,4,Yes,Neutral
CALL-12802,AGT-127,2026-04-11,Email,Billing Issue,Chicago,4.24,4,Yes,Neutral
CALL-12803,AGT-132,2026-05-27,Phone,Cancellation,Los Angeles,2.74,4,Yes,Neutral
CALL-12804,AGT-115,2026-03-03,Email,Technical Support,New York,10.93,5,No,Positive
CALL-12805,AGT-136,2026-04-11,Chat,Account Access,Chicago,8.95,4,Yes,Positive
CALL-12806,AGT-116,2026-04-22,Phone,Account Access,New York,22.21,3,Yes,Neutral
CALL-12807,AGT-139,2026-06-12,Phone,Billing Issue,Chicago,5.89,5,No,Very Positive
CALL-12808,AGT-126,2026-02-17,Chat,Product Inquiry,New York,19.57,4,Yes,Very Positive
CALL-12809,AGT-101,2026-05-21,Chat,Technical Support,New York,7.56,4,Yes,Neutral
CALL-12810,AGT-112,2026-05-02,Phone,Account Access,Dallas,5.35,3,Yes,Positive
CALL-12811,AGT-107,2026-05-04,Chat,Product Inquiry,New York,4.8100000000000005,4,Yes,Negative
CALL-12812,AGT-117,2026-03-20,Phone,Cancellation,New York,9.23,3,Yes,Negative
CALL-12813,AGT-119,2026-03-14,Phone,Technical Support,New York,9.26,1,Yes,Very Positive
CALL-12814,AGT-115,2026-02-20,Chat,Technical Support,Los Angeles,1.13,4,Yes,Positive
CALL-12815,AGT-127,2026-05-21,Email,Billing Issue,Dallas,5.66,4,Yes,Positive
CALL-12816,AGT-106,2026-02-16,Phone,Technical Support,New York,11.03,5,Yes,Positive
CALL-12817,AGT-122,2026-06-06,Phone,Account Access,Chicago,3.47,5,No,Neutral
CALL-12818,AGT-137,2026-04-16,Phone,Cancellation,Los Angeles,4.8,5,No,Very Negative
CALL-12819,AGT-117,2026-01-02,Phone,Cancellation,New York,11.88,5,Yes,Very Negative
CALL-12820,AGT-105,2026-04-13,Chat,Account Access,New York,2.7199999999999998,5,Yes,Positive
CALL-12821,AGT-123,2026-05-02,Phone,Billing Issue,Dallas,4.0600000000000005,3,Yes,Positive
CALL-12822,AGT-127,2026-04-16,Email,Account Access,Los Angeles,3.3,2,No,Very Negative
CALL-12823,AGT-107,2026-02-26,Phone,Product Inquiry,Dallas,3.1,4,Yes,Very Negative
CALL-12824,AGT-133,2026-05-28,Email,Account Access,Dallas,9.35,4,Yes,Neutral
CALL-12825,AGT-130,2026-02-03,Phone,Cancellation,New York,5.8,3,No,Positive
CALL-12826,AGT-137,2026-01-21,Chat,Product Inquiry,Chicago,2.65,1,Yes,Neutral
CALL-12827,AGT-110,2026-05-08,Phone,Billing Issue,New York,2.21,5,Yes,Positive
CALL-12828,AGT-126,2026-01-21,Email,Product Inquiry,Dallas,11.26,4,Yes,Very Positive
CALL-12829,AGT-111,2026-03-20,Phone,Billing Issue,New York,2.58,3,Yes,Positive
CALL-12830,AGT-135,2026-06-14,Phone,Technical Support,Dallas,1.38,4,Yes,Very Negative
CALL-12831,AGT-130,2026-06-14,Phone,Product Inquiry,New York,3.53,4,Yes,Very Negative
CALL-12832,AGT-116,2026-04-08,Chat,Product Inquiry,New York,2.88,3,Yes,Positive
CALL-12833,AGT-122,2026-03-02,Email,Cancellation,New York,2.7,4,Yes,Very Positive
CALL-12834,AGT-139,2026-01-14,Chat,Product Inquiry,Chicago,2.19,3,Yes,Positive
CALL-12835,AGT-118,2026-05-18,Phone,Billing Issue,Dallas,9.03,5,Yes,Neutral
CALL-12836,AGT-131,2026-02-15,Email,Billing Issue,Chicago,4.58,3,No,Neutral
CALL-12837,AGT-105,2026-04-11,Chat,Technical Support,New York,3.21,4,Yes,Very Negative
CALL-12838,AGT-128,2026-01-13,Phone,Technical Support,New York,6.19,4,Yes,Positive
CALL-12839,AGT-118,2026-05-21,Email,Product Inquiry,Los Angeles,9.18,3,Yes,Positive
CALL-12840,AGT-101,2026-04-02,Email,Product Inquiry,Dallas,9.51,4,Yes,Negative
CALL-12841,AGT-135,2026-06-23,Phone,Cancellation,Dallas,14.15,3,Yes,Positive
CALL-12842,AGT-101,2026-02-26,Chat,Account Access,Chicago,10.04,4,Yes,Negative
CALL-12843,AGT-124,2026-04-25,Phone,Cancellation,Los Angeles,7.37,3,Yes,Positive
CALL-12844,AGT-109,2026-05-13,Phone,Product Inquiry,New York,7.33,1,Yes,Positive
CALL-12845,AGT-122,2026-03-18,Phone,Technical Support,Chicago,1.48,3,Yes,Neutral
CALL-12846,AGT-136,2026-05-14,Phone,Account Access,Los Angeles,9.85,5,Yes,Positive
CALL-12847,AGT-113,2026-06-10,Chat,Product Inquiry,Dallas,4.21,4,Yes,Very Positive
CALL-12848,AGT-132,2026-06-14,Phone,Account Access,Los Angeles,2.96,1,Yes,Positive
CALL-12849,AGT-122,2026-04-22,Email,Billing Issue,New York,1.63,5,Yes,Neutral
CALL-12850,AGT-107,2026-06-23,Phone,Product Inquiry,Chicago,6.95,4,Yes,Very Negative
CALL-12851,AGT-117,2026-05-06,Phone,Account Access,Chicago,5.3,3,No,Positive
CALL-12852,AGT-118,2026-03-19,Email,Product Inquiry,Los Angeles,9.81,5,Yes,Very Positive
CALL-12853,AGT-132,2026-02-26,Email,Account Access,New York,2.38,4,Yes,Very Negative
CALL-12854,AGT-101,2026-05-06,Phone,Product Inquiry,Dallas,5.4,5,Yes,Positive
CALL-12855,AGT-101,2026-01-26,Phone,Product Inquiry,Dallas,2.48,3,Yes,Very Negative
CALL-12856,AGT-105,2026-03-26,Phone,Product Inquiry,Chicago,9.66,4,No,Very Positive
CALL-12857,AGT-133,2026-02-22,Chat,Cancellation,Dallas,4.85,4,No,Positive
CALL-12858,AGT-113,2026-06-09,Phone,Technical Support,Los Angeles,7.71,2,Yes,Very Positive
CALL-12859,AGT-118,2026-03-05,Chat,Account Access,Dallas,5.93,4,Yes,Positive
CALL-12860,AGT-124,2026-06-18,Phone,Technical Support,Los Angeles,4.63,4,Yes,Neutral
CALL-12861,AGT-101,2026-04-15,Email,Billing Issue,New York,7.22,3,Yes,Positive
CALL-12862,AGT-135,2026-02-16,Chat,Cancellation,Dallas,3.09,5,Yes,Very Negative
CALL-12863,AGT-112,2026-04-06,Phone,Account Access,Los Angeles,1.1,2,No,Neutral
CALL-12864,AGT-103,2026-02-15,Phone,Product Inquiry,New York,10.32,5,Yes,Negative
CALL-12865,AGT-125,2026-03-09,Phone,Account Access,Chicago,6.61,1,Yes,Very Positive
CALL-12866,AGT-124,2026-05-07,Chat,Account Access,New York,7.44,5,Yes,Positive
CALL-12867,AGT-122,2026-02-07,Chat,Cancellation,Dallas,8.8,5,Yes,Neutral
CALL-12868,AGT-136,2026-05-22,Phone,Technical Support,Chicago,1.75,3,No,Positive
CALL-12869,AGT-125,2026-01-09,Phone,Billing Issue,Los Angeles,9.7,3,Yes,Positive
CALL-12870,AGT-117,2026-02-20,Chat,Account Access,Los Angeles,3.27,5,Yes,Neutral
CALL-12871,AGT-139,2026-03-07,Chat,Technical Support,New York,11.4,1,Yes,Very Positive
CALL-12872,AGT-122,2026-05-28,Phone,Cancellation,Los Angeles,2.2800000000000002,4,No,Neutral
CALL-12873,AGT-123,2026-03-29,Email,Account Access,New York,4.59,4,Yes,Neutral
CALL-12874,AGT-122,2026-02-10,Phone,Product Inquiry,New York,7.91,3,Yes,Positive
CALL-12875,AGT-119,2026-04-21,Phone,Billing Issue,Dallas,11.73,5,No,Neutral
CALL-12876,AGT-120,2026-02-07,Phone,Cancellation,Dallas,1.08,2,No,Negative
CALL-12877,AGT-106,2026-03-25,Chat,Cancellation,Chicago,11.23,4,Yes,Positive
CALL-12878,AGT-137,2026-06-14,Phone,Account Access,Dallas,20.04,5,No,Neutral
CALL-12879,AGT-116,2026-02-14,Chat,Cancellation,New York,4.77,3,Yes,Neutral
CALL-12880,AGT-111,2026-03-25,Email,Technical Support,Los Angeles,37.02,4,Yes,Neutral
CALL-12881,AGT-101,2026-04-16,Phone,Technical Support,Dallas,2.6399999999999997,3,Yes,Positive
CALL-12882,AGT-105,2026-05-07,Chat,Cancellation,New York,12.43,5,Yes,Positive
CALL-12883,AGT-134,2026-05-20,Chat,Technical Support,Dallas,1.0,4,Yes,Negative
CALL-12884,AGT-128,2026-05-27,Phone,Billing Issue,Los Angeles,1.6400000000000001,5,Yes,Neutral
CALL-12885,AGT-105,2026-02-06,Phone,Billing Issue,Chicago,1.25,2,Yes,Positive
CALL-12886,AGT-120,2026-01-11,Phone,Account Access,Los Angeles,1.1,5,Yes,Neutral
CALL-12887,AGT-113,2026-04-11,Phone,Account Access,Chicago,1.13,5,Yes,Neutral
CALL-12888,AGT-105,2026-05-31,Phone,Technical Support,Dallas,5.73,5,Yes,Very Positive
CALL-12889,AGT-102,2026-02-18,Phone,Product Inquiry,Dallas,4.970000000000001,5,Yes,Neutral
CALL-12890,AGT-134,2026-03-26,Email,Technical Support,Dallas,14.86,2,Yes,Very Negative
CALL-12891,AGT-103,2026-04-20,Phone,Product Inquiry,Dallas,6.64,5,Yes,Neutral
CALL-12892,AGT-136,2026-04-14,Phone,Product Inquiry,Chicago,10.11,3,Yes,Neutral
CALL-12893,AGT-113,2026-02-27,Email,Technical Support,Dallas,6.31,4,Yes,Very Positive
CALL-12894,AGT-127,2026-04-21,Email,Billing Issue,Los Angeles,8.26,3,Yes,Neutral
CALL-12895,AGT-130,2026-03-17,Phone,Cancellation,New York,11.46,4,Yes,Neutral
CALL-12896,AGT-122,2026-06-16,Chat,Billing Issue,Chicago,19.64,3,Yes,Very Positive
CALL-12897,AGT-129,2026-01-22,Email,Cancellation,New York,3.28,1,Yes,Positive
CALL-12898,AGT-123,2026-06-09,Chat,Account Access,Chicago,11.13,2,Yes,Neutral
CALL-12899,AGT-110,2026-06-22,Email,Technical Support,New York,7.15,4,Yes,Negative
CALL-12900,AGT-109,2026-05-04,Phone,Product Inquiry,Chicago,10.59,5,No,Negative
CALL-12901,AGT-132,2026-03-15,Chat,Product Inquiry,Chicago,1.05,4,Yes,Very Negative
CALL-12902,AGT-118,2026-02-25,Chat,Product Inquiry,Dallas,8.33,4,Yes,Neutral
CALL-12903,AGT-128,2026-06-29,Email,Product Inquiry,Chicago,3.89,5,No,Positive
CALL-12904,AGT-136,2026-03-15,Chat,Account Access,New York,3.59,2,Yes,Very Positive
CALL-12905,AGT-106,2026-03-21,Chat,Billing Issue,New York,17.98,5,Yes,Positive
CALL-12906,AGT-112,2026-03-11,Email,Account Access,New York,7.3,4,Yes,Very Positive
CALL-12907,AGT-120,2026-01-16,Chat,Product Inquiry,New York,17.0,4,Yes,Positive
CALL-12908,AGT-116,2026-03-17,Phone,Cancellation,Chicago,2.35,5,Yes,Negative
CALL-12909,AGT-121,2026-06-06,Phone,Billing Issue,Chicago,16.42,2,Yes,Neutral
CALL-12910,AGT-125,2026-01-17,Email,Billing Issue,New York,6.27,4,Yes,Neutral
CALL-12911,AGT-115,2026-01-16,Phone,Product Inquiry,New York,1.71,4,Yes,Very Positive
CALL-12912,AGT-109,2026-06-28,Phone,Billing Issue,Dallas,1.6600000000000001,5,Yes,Very Positive
CALL-12913,AGT-137,2026-05-28,Phone,Technical Support,Los Angeles,3.87,5,Yes,Positive
CALL-12914,AGT-124,2026-01-23,Chat,Technical Support,Dallas,2.34,3,Yes,Neutral
CALL-12915,AGT-128,2026-01-23,Chat,Account Access,Chicago,6.51,5,Yes,Neutral
CALL-12916,AGT-134,2026-06-19,Phone,Billing Issue,New York,9.39,5,Yes,Neutral
CALL-12917,AGT-103,2026-01-20,Email,Billing Issue,Dallas,10.81,4,Yes,Neutral
CALL-12918,AGT-108,2026-03-19,Phone,Technical Support,Los Angeles,3.28,5,Yes,Neutral
CALL-12919,AGT-115,2026-02-23,Chat,Product Inquiry,Chicago,34.51,4,Yes,Very Positive
CALL-12920,AGT-117,2026-02-26,Chat,Cancellation,Los Angeles,5.07,4,No,Positive
CALL-12921,AGT-128,2026-05-12,Chat,Product Inquiry,Dallas,7.0,5,No,Positive
CALL-12922,AGT-138,2026-02-19,Email,Account Access,Dallas,1.56,2,Yes,Neutral
CALL-12923,AGT-126,2026-05-18,Chat,Product Inquiry,New York,19.19,4,No,Very Positive
CALL-12924,AGT-132,2026-05-23,Phone,Cancellation,Dallas,3.54,4,Yes,Neutral
CALL-12925,AGT-134,2026-02-10,Phone,Technical Support,New York,3.4,3,Yes,Very Negative
CALL-12926,AGT-109,2026-01-09,Phone,Cancellation,Chicago,2.8600000000000003,5,Yes,Very Positive
CALL-12927,AGT-125,2026-02-28,Chat,Technical Support,Dallas,2.95,5,Yes,Neutral
CALL-12928,AGT-112,2026-04-23,Phone,Cancellation,Dallas,3.22,3,No,Positive
CALL-12929,AGT-108,2026-03-28,Chat,Product Inquiry,Chicago,16.21,2,Yes,Negative
CALL-12930,AGT-114,2026-01-11,Chat,Billing Issue,New York,3.75,5,Yes,Negative
CALL-12931,AGT-132,2026-01-12,Phone,Product Inquiry,Los Angeles,17.01,5,Yes,Positive
CALL-12932,AGT-132,2026-03-17,Chat,Cancellation,Dallas,1.65,3,No,Positive
CALL-12933,AGT-113,2026-01-13,Phone,Account Access,New York,6.3,4,No,Negative
CALL-12934,AGT-131,2026-02-26,Phone,Account Access,Dallas,6.91,2,Yes,Positive
CALL-12935,AGT-109,2026-04-23,Chat,Billing Issue,New York,2.0,3,Yes,Very Positive
CALL-12936,AGT-129,2026-04-27,Chat,Product Inquiry,Chicago,1.6099999999999999,5,No,Positive
CALL-12937,AGT-125,2026-04-05,Chat,Product Inquiry,New York,4.92,5,No,Negative
CALL-12938,AGT-130,2026-03-13,Chat,Technical Support,Chicago,5.32,5,No,Negative
CALL-12939,AGT-116,2026-01-28,Chat,Account Access,Chicago,4.35,5,Yes,Neutral
CALL-12940,AGT-115,2026-01-30,Phone,Account Access,Chicago,15.12,3,Yes,Very Positive
CALL-12941,AGT-127,2026-01-07,Email,Billing Issue,New York,18.17,5,Yes,Neutral
CALL-12942,AGT-111,2026-05-13,Phone,Account Access,Los Angeles,7.51,3,Yes,Very Negative
CALL-12943,AGT-112,2026-02-09,Chat,Product Inquiry,Los Angeles,1.31,5,Yes,Positive
CALL-12944,AGT-111,2026-06-01,Chat,Product Inquiry,Dallas,5.0,4,Yes,Negative
CALL-12945,AGT-123,2026-02-04,Phone,Account Access,Los Angeles,11.19,4,Yes,Very Positive
CALL-12946,AGT-129,2026-06-28,Chat,Product Inquiry,New York,1.51,4,Yes,Neutral
CALL-12947,AGT-103,2026-04-30,Phone,Technical Support,New York,1.03,3,Yes,Neutral
CALL-12948,AGT-137,2026-05-12,Phone,Account Access,Chicago,7.88,4,No,Positive
CALL-12949,AGT-128,2026-02-24,Chat,Product Inquiry,Los Angeles,18.98,3,Yes,Very Positive
CALL-12950,AGT-120,2026-01-11,Chat,Product Inquiry,New York,1.33,3,Yes,Positive
CALL-12951,AGT-122,2026-03-02,Phone,Technical Support,New York,19.48,1,Yes,Positive
CALL-12952,AGT-138,2026-06-29,Chat,Product Inquiry,Chicago,18.17,3,Yes,Very Positive
CALL-12953,AGT-135,2026-02-15,Chat,Billing Issue,Chicago,2.1,3,Yes,Positive
CALL-12954,AGT-107,2026-04-27,Chat,Cancellation,Los Angeles,3.59,4,Yes,Very Negative
CALL-12955,AGT-132,2026-02-16,Email,Account Access,New York,5.18,3,Yes,Negative
CALL-12956,AGT-134,2026-02-06,Phone,Billing Issue,Los Angeles,2.7199999999999998,4,Yes,Very Positive
CALL-12957,AGT-119,2026-06-26,Phone,Account Access,Chicago,3.22,4,Yes,Positive
CALL-12958,AGT-110,2026-04-30,Phone,Account Access,Chicago,2.02,3,Yes,Positive
CALL-12959,AGT-108,2026-01-14,Phone,Product Inquiry,Dallas,1.03,4,Yes,Positive
CALL-12960,AGT-120,2026-03-24,Phone,Billing Issue,New York,4.68,1,Yes,Very Positive
CALL-12961,AGT-118,2026-01-18,Chat,Account Access,New York,3.29,5,No,Negative
CALL-12962,AGT-119,2026-01-25,Chat,Cancellation,Dallas,4.4399999999999995,4,No,Neutral
CALL-12963,AGT-109,2026-01-14,Phone,Technical Support,Chicago,3.53,5,Yes,Very Negative
CALL-12964,AGT-123,2026-03-10,Phone,Product Inquiry,New York,2.1,2,Yes,Very Positive
CALL-12965,AGT-111,2026-01-11,Phone,Billing Issue,Los Angeles,6.23,5,Yes,Very Positive
CALL-12966,AGT-116,2026-01-10,Chat,Billing Issue,Los Angeles,30.59,3,Yes,Neutral
CALL-12967,AGT-133,2026-01-17,Chat,Account Access,Chicago,6.65,2,Yes,Very Negative
CALL-12968,AGT-135,2026-06-03,Email,Cancellation,New York,1.54,1,Yes,Neutral
CALL-12969,AGT-114,2026-06-07,Phone,Technical Support,Los Angeles,1.6400000000000001,3,Yes,Very Negative
CALL-12970,AGT-111,2026-05-21,Phone,Account Access,Los Angeles,2.08,4,Yes,Very Positive
CALL-12971,AGT-136,2026-06-15,Phone,Billing Issue,Los Angeles,2.13,5,Yes,Neutral
CALL-12972,AGT-134,2026-04-14,Phone,Cancellation,New York,4.43,2,Yes,Very Positive
CALL-12973,AGT-138,2026-05-09,Email,Cancellation,Chicago,7.48,4,Yes,Neutral
CALL-12974,AGT-117,2026-02-01,Email,Billing Issue,Chicago,4.87,2,Yes,Positive
CALL-12975,AGT-118,2026-06-28,Chat,Cancellation,Los Angeles,10.69,4,Yes,Positive
CALL-12976,AGT-138,2026-06-19,Chat,Technical Support,New York,3.2,2,No,Very Positive
CALL-12977,AGT-136,2026-03-11,Phone,Cancellation,New York,6.31,5,Yes,Negative
CALL-12978,AGT-105,2026-04-29,Phone,Product Inquiry,Chicago,4.220000000000001,4,Yes,Negative
CALL-12979,AGT-107,2026-02-03,Phone,Account Access,New York,5.67,5,No,Very Positive
CALL-12980,AGT-135,2026-02-28,Email,Product Inquiry,Los Angeles,32.6,4,Yes,Negative
CALL-12981,AGT-122,2026-03-21,Phone,Cancellation,Chicago,23.49,5,Yes,Negative
CALL-12982,AGT-139,2026-04-04,Phone,Account Access,Chicago,9.95,5,No,Very Positive
CALL-12983,AGT-113,2026-06-06,Email,Technical Support,Chicago,9.72,4,No,Positive
CALL-12984,AGT-105,2026-04-07,Chat,Technical Support,Los Angeles,6.57,4,No,Very Negative
CALL-12985,AGT-103,2026-03-22,Chat,Technical Support,Chicago,1.49,4,Yes,Negative
CALL-12986,AGT-103,2026-05-15,Phone,Account Access,Dallas,1.74,3,No,Positive
CALL-12987,AGT-139,2026-01-10,Phone,Account Access,Los Angeles,6.9,5,Yes,Neutral
CALL-12988,AGT-116,2026-03-14,Email,Product Inquiry,New York,4.26,3,Yes,Negative
CALL-12989,AGT-123,2026-06-02,Chat,Product Inquiry,Dallas,4.99,3,Yes,Positive
CALL-12990,AGT-102,2026-06-28,Chat,Technical Support,Los Angeles,8.65,2,Yes,Very Negative
CALL-12991,AGT-124,2026-06-18,Phone,Product Inquiry,Los Angeles,5.95,4,Yes,Very Positive
CALL-12992,AGT-114,2026-01-18,Chat,Cancellation,Chicago,3.51,5,No,Positive
CALL-12993,AGT-101,2026-05-20,Chat,Technical Support,Los Angeles,11.4,5,No,Very Negative
CALL-12994,AGT-103,2026-01-05,Phone,Billing Issue,Los Angeles,9.56,4,Yes,Neutral
CALL-12995,AGT-138,2026-03-18,Phone,Technical Support,Los Angeles,5.96,5,Yes,Negative
CALL-12996,AGT-136,2026-01-08,Chat,Cancellation,New York,2.49,5,Yes,Neutral
CALL-12997,AGT-138,2026-01-02,Phone,Billing Issue,Chicago,2.54,2,Yes,Neutral
CALL-12998,AGT-118,2026-04-17,Email,Account Access,Dallas,13.66,5,Yes,Very Positive
CALL-12999,AGT-116,2026-02-11,Chat,Cancellation,Dallas,3.57,4,Yes,Very Negative
CALL-13000,AGT-138,2026-02-07,Phone,Cancellation,Los Angeles,7.64,4,Yes,Negative
CALL-13001,AGT-122,2026-03-13,Phone,Cancellation,Chicago,6.98,4,Yes,Very Positive
CALL-13002,AGT-135,2026-03-14,Phone,Technical Support,Los Angeles,1.31,4,Yes,Positive
CALL-13003,AGT-133,2026-04-16,Phone,Technical Support,Dallas,4.01,3,Yes,Negative
CALL-13004,AGT-138,2026-04-28,Chat,Cancellation,New York,3.01,4,No,Positive
CALL-13005,AGT-103,2026-02-07,Phone,Billing Issue,Los Angeles,1.54,4,No,Very Negative
CALL-13006,AGT-108,2026-05-05,Phone,Technical Support,New York,6.46,4,No,Neutral
CALL-13007,AGT-138,2026-04-11,Phone,Technical Support,Dallas,3.35,3,Yes,Neutral
CALL-13008,AGT-117,2026-06-14,Phone,Technical Support,New York,2.33,5,No,Very Positive
CALL-13009,AGT-133,2026-06-02,Phone,Product Inquiry,Chicago,3.01,1,Yes,Very Positive
CALL-13010,AGT-115,2026-02-20,Phone,Product Inquiry,New York,2.41,3,No,Positive
CALL-13011,AGT-126,2026-01-13,Phone,Cancellation,Chicago,2.27,4,Yes,Neutral
CALL-13012,AGT-103,2026-04-18,Phone,Product Inquiry,Chicago,18.57,5,Yes,Very Positive
CALL-13013,AGT-119,2026-02-05,Chat,Account Access,New York,2.38,2,Yes,Very Positive
CALL-13014,AGT-108,2026-04-29,Email,Cancellation,New York,1.8199999999999998,4,Yes,Negative
CALL-13015,AGT-108,2026-05-27,Chat,Account Access,New York,12.53,3,Yes,Negative
CALL-13016,AGT-133,2026-01-31,Phone,Account Access,Chicago,10.1,5,Yes,Negative
CALL-13017,AGT-129,2026-05-24,Chat,Technical Support,Chicago,21.17,3,Yes,Neutral
CALL-13018,AGT-128,2026-05-05,Chat,Cancellation,New York,7.71,2,Yes,Neutral
CALL-13019,AGT-126,2026-04-06,Email,Product Inquiry,Los Angeles,10.05,5,Yes,Neutral
CALL-13020,AGT-132,2026-06-22,Phone,Product Inquiry,Chicago,5.48,3,Yes,Negative
CALL-13021,AGT-119,2026-06-28,Chat,Billing Issue,Dallas,6.34,2,No,Positive
CALL-13022,AGT-106,2026-03-04,Chat,Product Inquiry,New York,4.79,3,Yes,Neutral
CALL-13023,AGT-117,2026-05-23,Email,Account Access,Los Angeles,8.71,5,Yes,Positive
CALL-13024,AGT-130,2026-01-05,Chat,Product Inquiry,Los Angeles,3.33,3,Yes,Positive
CALL-13025,AGT-121,2026-03-09,Phone,Account Access,Chicago,14.05,4,Yes,Neutral
CALL-13026,AGT-123,2026-05-11,Phone,Billing Issue,New York,18.09,5,Yes,Positive
CALL-13027,AGT-107,2026-04-09,Phone,Account Access,New York,1.42,5,No,Neutral
CALL-13028,AGT-104,2026-06-19,Phone,Account Access,New York,1.45,2,Yes,Very Positive
CALL-13029,AGT-124,2026-06-28,Phone,Cancellation,Chicago,3.01,5,Yes,Positive
CALL-13030,AGT-123,2026-01-02,Email,Technical Support,Dallas,14.55,3,Yes,Positive
CALL-13031,AGT-113,2026-06-17,Phone,Product Inquiry,Dallas,2.76,4,Yes,Positive
CALL-13032,AGT-116,2026-03-10,Phone,Technical Support,Dallas,9.32,3,No,Neutral
CALL-13033,AGT-113,2026-05-24,Chat,Account Access,Los Angeles,4.65,4,Yes,Very Positive
CALL-13034,AGT-129,2026-01-05,Chat,Account Access,Los Angeles,3.39,3,Yes,Neutral
CALL-13035,AGT-116,2026-04-15,Phone,Technical Support,Chicago,1.46,4,Yes,Neutral
CALL-13036,AGT-112,2026-02-10,Chat,Cancellation,New York,3.33,1,Yes,Negative
CALL-13037,AGT-121,2026-01-08,Phone,Product Inquiry,Chicago,6.94,4,Yes,Very Positive
CALL-13038,AGT-103,2026-04-19,Phone,Technical Support,Chicago,1.31,3,Yes,Positive
CALL-13039,AGT-119,2026-02-04,Phone,Account Access,Chicago,9.03,5,Yes,Very Positive
CALL-13040,AGT-107,2026-02-20,Chat,Product Inquiry,New York,6.71,4,Yes,Very Positive
CALL-13041,AGT-115,2026-02-16,Phone,Billing Issue,Dallas,5.81,4,Yes,Neutral
CALL-13042,AGT-111,2026-01-15,Phone,Account Access,New York,7.72,2,Yes,Positive
CALL-13043,AGT-101,2026-03-17,Phone,Account Access,Dallas,4.02,5,Yes,Positive
CALL-13044,AGT-127,2026-02-13,Chat,Technical Support,Dallas,7.27,4,Yes,Positive
CALL-13045,AGT-116,2026-04-05,Chat,Cancellation,Los Angeles,6.96,3,Yes,Positive
CALL-13046,AGT-135,2026-04-01,Phone,Account Access,New York,7.07,4,Yes,Very Negative
CALL-13047,AGT-123,2026-01-31,Phone,Cancellation,New York,2.45,3,No,Very Positive
CALL-13048,AGT-130,2026-06-04,Phone,Product Inquiry,Chicago,14.69,2,Yes,Positive
CALL-13049,AGT-109,2026-04-28,Chat,Cancellation,Dallas,2.6799999999999997,4,Yes,Very Positive
CALL-13050,AGT-131,2026-05-23,Chat,Product Inquiry,Chicago,2.9,3,Yes,Negative
CALL-13051,AGT-126,2026-04-13,Phone,Technical Support,New York,8.85,4,Yes,Positive
CALL-13052,AGT-117,2026-03-21,Email,Account Access,Dallas,1.26,1,Yes,Neutral
CALL-13053,AGT-131,2026-02-24,Chat,Cancellation,Chicago,15.11,5,Yes,Positive
CALL-13054,AGT-104,2026-06-24,Chat,Product Inquiry,Dallas,10.99,4,Yes,Very Negative
CALL-13055,AGT-111,2026-03-04,Phone,Billing Issue,New York,2.66,1,Yes,Positive
CALL-13056,AGT-126,2026-04-14,Chat,Billing Issue,Dallas,17.46,5,Yes,Positive
CALL-13057,AGT-124,2026-06-03,Email,Product Inquiry,Los Angeles,3.78,4,Yes,Very Positive
CALL-13058,AGT-102,2026-03-05,Phone,Billing Issue,Chicago,3.75,3,Yes,Positive
CALL-13059,AGT-122,2026-05-22,Phone,Account Access,New York,4.640000000000001,3,Yes,Neutral
CALL-13060,AGT-102,2026-04-26,Phone,Technical Support,Los Angeles,17.3,5,Yes,Neutral
CALL-13061,AGT-108,2026-01-21,Phone,Billing Issue,Los Angeles,4.96,5,Yes,Neutral
CALL-13062,AGT-103,2026-03-09,Phone,Cancellation,Los Angeles,2.91,2,Yes,Positive
CALL-13063,AGT-118,2026-05-24,Chat,Account Access,Los Angeles,4.73,3,Yes,Positive
CALL-13064,AGT-121,2026-06-28,Phone,Product Inquiry,New York,4.55,1,Yes,Very Positive
CALL-13065,AGT-132,2026-01-04,Phone,Technical Support,Dallas,13.69,2,No,Positive
CALL-13066,AGT-138,2026-02-02,Chat,Account Access,Dallas,57.13,5,Yes,Neutral
CALL-13067,AGT-129,2026-03-25,Phone,Account Access,New York,6.09,1,Yes,Very Positive
CALL-13068,AGT-125,2026-04-23,Chat,Product Inquiry,New York,4.43,3,Yes,Neutral
CALL-13069,AGT-120,2026-01-11,Chat,Technical Support,Los Angeles,1.6099999999999999,4,Yes,Neutral
CALL-13070,AGT-131,2026-05-15,Phone,Cancellation,Dallas,2.16,5,Yes,Very Positive
CALL-13071,AGT-117,2026-05-04,Phone,Account Access,Los Angeles,3.43,4,Yes,Positive
CALL-13072,AGT-104,2026-06-08,Phone,Account Access,Chicago,10.33,4,No,Positive
CALL-13073,AGT-107,2026-05-22,Chat,Product Inquiry,Chicago,4.02,4,Yes,Neutral
CALL-13074,AGT-112,2026-02-20,Chat,Account Access,Dallas,2.8600000000000003,4,No,Positive
CALL-13075,AGT-109,2026-03-24,Phone,Cancellation,New York,20.44,4,Yes,Neutral
CALL-13076,AGT-105,2026-03-13,Chat,Account Access,Dallas,1.12,4,No,Positive
CALL-13077,AGT-122,2026-04-20,Phone,Account Access,Chicago,1.79,3,Yes,Neutral
CALL-13078,AGT-129,2026-05-01,Email,Technical Support,Chicago,1.08,3,No,Positive
CALL-13079,AGT-119,2026-06-09,Phone,Cancellation,New York,7.05,4,Yes,Very Positive
CALL-13080,AGT-135,2026-06-04,Phone,Technical Support,Los Angeles,3.84,4,Yes,Positive
CALL-13081,AGT-113,2026-02-14,Phone,Account Access,New York,11.13,5,Yes,Neutral
CALL-13082,AGT-125,2026-04-24,Email,Account Access,Chicago,2.69,1,Yes,Positive
CALL-13083,AGT-103,2026-01-25,Phone,Billing Issue,Los Angeles,4.08,5,Yes,Neutral
CALL-13084,AGT-104,2026-04-11,Chat,Billing Issue,Dallas,8.99,4,Yes,Very Negative
CALL-13085,AGT-127,2026-03-07,Chat,Account Access,Los Angeles,2.02,5,Yes,Negative
CALL-13086,AGT-104,2026-04-16,Email,Account Access,Chicago,1.5,4,Yes,Negative
CALL-13087,AGT-129,2026-03-26,Phone,Billing Issue,Chicago,6.54,4,Yes,Negative
CALL-13088,AGT-122,2026-05-04,Chat,Product Inquiry,Los Angeles,3.34,5,Yes,Very Positive
CALL-13089,AGT-106,2026-01-25,Chat,Cancellation,Chicago,5.59,1,Yes,Positive
CALL-13090,AGT-105,2026-05-14,Phone,Account Access,Los Angeles,1.58,4,Yes,Neutral
CALL-13091,AGT-120,2026-05-30,Chat,Technical Support,Dallas,3.89,4,Yes,Very Negative
CALL-13092,AGT-120,2026-06-11,Email,Account Access,Dallas,7.91,2,No,Very Positive
CALL-13093,AGT-134,2026-02-12,Phone,Billing Issue,Chicago,16.57,4,No,Neutral
CALL-13094,AGT-139,2026-06-22,Phone,Product Inquiry,Dallas,1.34,4,Yes,Positive
CALL-13095,AGT-132,2026-06-01,Phone,Billing Issue,Los Angeles,2.8899999999999997,3,Yes,Neutral
CALL-13096,AGT-127,2026-05-22,Phone,Billing Issue,Chicago,3.64,4,Yes,Positive
CALL-13097,AGT-114,2026-06-08,Phone,Cancellation,Dallas,5.58,3,Yes,Neutral
CALL-13098,AGT-116,2026-03-20,Phone,Product Inquiry,Chicago,1.65,4,Yes,Very Positive
CALL-13099,AGT-127,2026-04-08,Phone,Billing Issue,Los Angeles,9.93,4,Yes,Positive
CALL-13100,AGT-126,2026-02-25,Phone,Cancellation,Dallas,7.75,2,Yes,Neutral
CALL-13101,AGT-109,2026-02-12,Chat,Billing Issue,Dallas,1.01,1,No,Very Positive
CALL-13102,AGT-136,2026-03-31,Phone,Cancellation,New York,20.28,4,Yes,Very Negative
CALL-13103,AGT-121,2026-05-16,Phone,Cancellation,New York,7.58,5,Yes,Negative
CALL-13104,AGT-118,2026-05-12,Chat,Account Access,New York,6.94,3,No,Negative
CALL-13105,AGT-111,2026-01-19,Phone,Account Access,Los Angeles,2.62,4,No,Negative
CALL-13106,AGT-124,2026-04-19,Phone,Account Access,Dallas,8.73,1,Yes,Positive
CALL-13107,AGT-138,2026-03-26,Chat,Cancellation,Dallas,4.109999999999999,1,Yes,Very Negative
CALL-13108,AGT-124,2026-05-18,Chat,Product Inquiry,New York,1.1,4,Yes,Negative
CALL-13109,AGT-107,2026-02-27,Chat,Billing Issue,Chicago,10.83,4,No,Very Negative
CALL-13110,AGT-106,2026-02-08,Chat,Technical Support,Chicago,6.46,1,Yes,Positive
CALL-13111,AGT-101,2026-04-12,Phone,Cancellation,Dallas,1.48,3,Yes,Negative
CALL-13112,AGT-126,2026-01-07,Email,Account Access,Los Angeles,7.12,5,Yes,Neutral
CALL-13113,AGT-109,2026-01-31,Chat,Account Access,Dallas,5.61,4,No,Positive
CALL-13114,AGT-108,2026-04-10,Phone,Technical Support,Chicago,1.92,4,Yes,Very Positive
CALL-13115,AGT-117,2026-04-06,Phone,Cancellation,Los Angeles,16.64,4,No,Very Negative
CALL-13116,AGT-138,2026-02-12,Email,Product Inquiry,Los Angeles,12.52,3,Yes,Neutral
CALL-13117,AGT-101,2026-01-14,Email,Technical Support,New York,3.95,5,Yes,Very Positive
CALL-13118,AGT-135,2026-06-19,Email,Cancellation,New York,4.45,4,Yes,Very Negative
CALL-13119,AGT-116,2026-06-24,Chat,Product Inquiry,Dallas,7.44,3,Yes,Positive
CALL-13120,AGT-106,2026-01-24,Chat,Billing Issue,Los Angeles,7.7,4,Yes,Negative
CALL-13121,AGT-123,2026-03-29,Email,Technical Support,Dallas,9.36,5,Yes,Positive
CALL-13122,AGT-102,2026-05-23,Phone,Cancellation,Dallas,13.75,5,Yes,Negative
CALL-13123,AGT-109,2026-03-05,Email,Technical Support,Chicago,1.05,1,Yes,Very Positive
CALL-13124,AGT-132,2026-02-18,Email,Billing Issue,Chicago,1.48,4,Yes,Positive
CALL-13125,AGT-118,2026-05-19,Email,Cancellation,Dallas,6.96,2,Yes,Neutral
CALL-13126,AGT-112,2026-01-22,Phone,Cancellation,New York,2.58,4,No,Negative
CALL-13127,AGT-120,2026-01-28,Email,Account Access,Dallas,11.87,5,No,Neutral
CALL-13128,AGT-117,2026-02-28,Phone,Cancellation,New York,22.89,4,No,Positive
CALL-13129,AGT-114,2026-04-16,Phone,Cancellation,Chicago,7.47,2,Yes,Positive
CALL-13130,AGT-121,2026-05-17,Phone,Billing Issue,Dallas,4.779999999999999,4,No,Very Negative
CALL-13131,AGT-114,2026-04-26,Chat,Account Access,Los Angeles,2.08,5,Yes,Very Positive
CALL-13132,AGT-117,2026-05-05,Email,Cancellation,Los Angeles,6.74,5,Yes,Neutral
CALL-13133,AGT-137,2026-04-18,Phone,Product Inquiry,Dallas,4.4399999999999995,5,Yes,Neutral
CALL-13134,AGT-126,2026-01-19,Phone,Technical Support,Dallas,15.93,3,No,Very Positive
CALL-13135,AGT-129,2026-01-29,Phone,Cancellation,Dallas,3.97,4,Yes,Very Negative
CALL-13136,AGT-110,2026-03-27,Chat,Account Access,Los Angeles,15.69,4,Yes,Negative
CALL-13137,AGT-131,2026-02-17,Chat,Account Access,New York,1.69,3,Yes,Positive
CALL-13138,AGT-129,2026-02-27,Phone,Technical Support,Dallas,5.77,5,Yes,Positive
CALL-13139,AGT-109,2026-03-31,Email,Technical Support,Dallas,13.63,4,No,Positive
CALL-13140,AGT-118,2026-01-16,Chat,Billing Issue,Los Angeles,13.54,4,Yes,Negative
CALL-13141,AGT-111,2026-03-11,Chat,Product Inquiry,Chicago,3.31,3,Yes,Very Positive
CALL-13142,AGT-113,2026-06-07,Phone,Billing Issue,Chicago,15.5,2,Yes,Very Negative
CALL-13143,AGT-114,2026-06-22,Chat,Account Access,Chicago,32.83,5,Yes,Positive
CALL-13144,AGT-122,2026-04-20,Chat,Technical Support,New York,31.05,4,Yes,Very Positive
CALL-13145,AGT-130,2026-02-27,Chat,Product Inquiry,Dallas,4.82,4,Yes,Neutral
CALL-13146,AGT-114,2026-05-16,Phone,Billing Issue,New York,7.07,3,Yes,Positive
CALL-13147,AGT-114,2026-03-14,Chat,Technical Support,Chicago,3.72,5,No,Positive
CALL-13148,AGT-138,2026-04-15,Phone,Technical Support,Los Angeles,6.07,4,Yes,Very Positive
CALL-13149,AGT-132,2026-05-20,Chat,Technical Support,New York,8.16,4,Yes,Very Positive
CALL-13150,AGT-138,2026-01-03,Email,Billing Issue,Los Angeles,4.5600000000000005,4,Yes,Neutral
CALL-13151,AGT-106,2026-06-26,Phone,Billing Issue,New York,2.8200000000000003,5,No,Very Positive
CALL-13152,AGT-102,2026-04-21,Phone,Account Access,Los Angeles,1.45,5,No,Neutral
CALL-13153,AGT-115,2026-04-24,Chat,Cancellation,Chicago,21.8,2,Yes,Very Positive
CALL-13154,AGT-118,2026-05-08,Chat,Technical Support,Dallas,1.25,4,Yes,Positive
CALL-13155,AGT-117,2026-01-10,Phone,Cancellation,Chicago,33.91,3,Yes,Positive
CALL-13156,AGT-126,2026-06-21,Email,Product Inquiry,Dallas,4.12,2,Yes,Neutral
CALL-13157,AGT-133,2026-06-20,Phone,Billing Issue,Chicago,16.8,3,Yes,Positive
CALL-13158,AGT-113,2026-01-11,Chat,Billing Issue,Chicago,2.31,4,Yes,Very Negative
CALL-13159,AGT-124,2026-04-04,Phone,Account Access,New York,2.06,1,Yes,Neutral
CALL-13160,AGT-124,2026-03-03,Chat,Product Inquiry,Dallas,6.9,4,Yes,Positive
CALL-13161,AGT-131,2026-05-09,Phone,Product Inquiry,Los Angeles,12.69,3,Yes,Positive
CALL-13162,AGT-105,2026-03-15,Phone,Product Inquiry,Chicago,1.6,2,Yes,Negative
CALL-13163,AGT-110,2026-03-30,Email,Product Inquiry,Chicago,3.52,3,Yes,Very Positive
CALL-13164,AGT-132,2026-02-28,Chat,Account Access,Chicago,15.03,5,Yes,Positive
CALL-13165,AGT-106,2026-06-24,Phone,Billing Issue,Chicago,6.09,3,Yes,Positive
CALL-13166,AGT-126,2026-03-19,Phone,Product Inquiry,Los Angeles,5.61,1,Yes,Negative
CALL-13167,AGT-113,2026-06-27,Phone,Billing Issue,Los Angeles,6.52,5,Yes,Positive
CALL-13168,AGT-133,2026-03-14,Chat,Product Inquiry,Dallas,1.18,1,Yes,Very Negative
CALL-13169,AGT-114,2026-03-01,Chat,Technical Support,Los Angeles,2.8200000000000003,5,Yes,Positive
CALL-13170,AGT-102,2026-06-18,Phone,Technical Support,New York,1.94,3,No,Very Positive
CALL-13171,AGT-126,2026-01-22,Email,Product Inquiry,Dallas,1.6099999999999999,3,Yes,Positive
CALL-13172,AGT-103,2026-05-06,Phone,Product Inquiry,Dallas,2.46,3,Yes,Very Positive
CALL-13173,AGT-128,2026-05-01,Email,Cancellation,Dallas,7.51,1,Yes,Positive
CALL-13174,AGT-124,2026-01-16,Phone,Account Access,Dallas,6.32,2,Yes,Negative
CALL-13175,AGT-117,2026-02-27,Phone,Cancellation,Los Angeles,15.5,5,No,Positive
CALL-13176,AGT-106,2026-06-07,Phone,Technical Support,Chicago,1.88,1,Yes,Positive
CALL-13177,AGT-126,2026-06-06,Email,Cancellation,Los Angeles,4.96,2,No,Very Positive
CALL-13178,AGT-122,2026-05-03,Phone,Billing Issue,Los Angeles,1.7,4,Yes,Neutral
CALL-13179,AGT-125,2026-01-22,Phone,Technical Support,Los Angeles,8.23,4,Yes,Negative
CALL-13180,AGT-136,2026-03-18,Chat,Billing Issue,Chicago,2.23,5,Yes,Very Negative
CALL-13181,AGT-107,2026-05-04,Phone,Account Access,Los Angeles,17.53,5,No,Positive
CALL-13182,AGT-133,2026-04-28,Chat,Technical Support,Dallas,7.06,4,Yes,Neutral
CALL-13183,AGT-131,2026-04-11,Chat,Cancellation,New York,1.28,2,Yes,Very Positive
CALL-13184,AGT-113,2026-05-09,Email,Product Inquiry,Los Angeles,4.140000000000001,4,Yes,Very Positive
CALL-13185,AGT-128,2026-02-22,Chat,Billing Issue,Los Angeles,2.95,4,Yes,Neutral
CALL-13186,AGT-109,2026-06-21,Phone,Technical Support,New York,7.09,4,Yes,Very Positive
CALL-13187,AGT-115,2026-03-17,Chat,Product Inquiry,Los Angeles,7.59,5,Yes,Very Positive
CALL-13188,AGT-131,2026-03-24,Email,Account Access,Chicago,1.34,3,Yes,Positive
CALL-13189,AGT-134,2026-02-01,Email,Technical Support,New York,8.32,4,Yes,Very Negative
CALL-13190,AGT-113,2026-01-03,Email,Technical Support,Dallas,2.4699999999999998,4,Yes,Positive
CALL-13191,AGT-113,2026-04-02,Phone,Technical Support,Los Angeles,3.65,5,Yes,Negative
CALL-13192,AGT-121,2026-05-15,Phone,Billing Issue,Chicago,8.45,3,Yes,Positive
CALL-13193,AGT-104,2026-02-17,Chat,Cancellation,Los Angeles,1.0,5,Yes,Negative
CALL-13194,AGT-120,2026-01-21,Email,Account Access,Dallas,11.08,4,Yes,Positive
CALL-13195,AGT-133,2026-04-02,Chat,Cancellation,Dallas,6.37,3,Yes,Very Negative
CALL-13196,AGT-125,2026-03-19,Chat,Product Inquiry,Dallas,21.03,3,Yes,Positive
CALL-13197,AGT-113,2026-04-29,Phone,Cancellation,Chicago,22.17,5,Yes,Negative
CALL-13198,AGT-125,2026-01-23,Chat,Billing Issue,Chicago,5.33,4,Yes,Neutral
CALL-13199,AGT-108,2026-03-18,Email,Cancellation,Dallas,9.57,4,Yes,Very Positive
CALL-13200,AGT-130,2026-05-24,Phone,Cancellation,Dallas,20.01,4,Yes,Negative
CALL-13201,AGT-118,2026-01-07,Email,Account Access,Dallas,6.28,4,No,Very Negative
CALL-13202,AGT-125,2026-04-13,Phone,Cancellation,Chicago,2.24,3,No,Positive
CALL-13203,AGT-125,2026-04-03,Email,Product Inquiry,Chicago,15.01,5,Yes,Positive
CALL-13204,AGT-104,2026-04-02,Phone,Cancellation,Dallas,8.16,2,Yes,Positive
CALL-13205,AGT-118,2026-03-20,Phone,Cancellation,Los Angeles,6.97,5,Yes,Very Positive
CALL-13206,AGT-102,2026-04-09,Phone,Product Inquiry,New York,5.97,4,No,Very Negative
CALL-13207,AGT-128,2026-04-03,Phone,Product Inquiry,Dallas,18.14,4,Yes,Neutral
CALL-13208,AGT-117,2026-06-18,Email,Product Inquiry,Dallas,25.96,2,Yes,Very Positive
CALL-13209,AGT-127,2026-01-25,Chat,Account Access,Chicago,18.07,4,Yes,Very Positive
CALL-13210,AGT-108,2026-06-08,Phone,Cancellation,Dallas,11.36,2,Yes,Positive
CALL-13211,AGT-112,2026-05-16,Chat,Account Access,New York,3.87,4,No,Very Negative
CALL-13212,AGT-131,2026-02-24,Phone,Billing Issue,Dallas,4.48,1,Yes,Negative
CALL-13213,AGT-127,2026-05-17,Chat,Product Inquiry,Chicago,2.6100000000000003,4,Yes,Positive
CALL-13214,AGT-104,2026-02-21,Phone,Product Inquiry,Los Angeles,6.62,1,Yes,Positive
CALL-13215,AGT-123,2026-02-15,Phone,Cancellation,Los Angeles,4.91,3,Yes,Negative
CALL-13216,AGT-120,2026-01-16,Phone,Technical Support,Dallas,8.629999999999999,3,Yes,Positive
CALL-13217,AGT-105,2026-04-17,Phone,Billing Issue,Los Angeles,5.52,4,Yes,Very Positive
CALL-13218,AGT-113,2026-04-04,Chat,Account Access,Los Angeles,2.2,4,Yes,Positive
CALL-13219,AGT-113,2026-06-02,Phone,Product Inquiry,Los Angeles,3.91,4,No,Positive
CALL-13220,AGT-107,2026-04-09,Phone,Billing Issue,Los Angeles,9.95,4,Yes,Positive
CALL-13221,AGT-137,2026-05-17,Phone,Cancellation,Dallas,11.31,2,Yes,Neutral
CALL-13222,AGT-132,2026-02-02,Email,Account Access,Dallas,2.54,3,No,Negative
CALL-13223,AGT-106,2026-04-28,Chat,Account Access,New York,5.62,4,Yes,Positive
CALL-13224,AGT-101,2026-05-30,Phone,Billing Issue,Dallas,8.530000000000001,4,Yes,Positive
CALL-13225,AGT-112,2026-02-02,Email,Cancellation,New York,2.9299999999999997,5,Yes,Positive
CALL-13226,AGT-110,2026-03-13,Chat,Billing Issue,Chicago,15.95,3,Yes,Very Positive
CALL-13227,AGT-129,2026-02-25,Email,Product Inquiry,New York,9.37,5,Yes,Neutral
CALL-13228,AGT-118,2026-01-11,Chat,Account Access,Chicago,2.95,2,Yes,Very Positive
CALL-13229,AGT-135,2026-05-17,Phone,Product Inquiry,Los Angeles,8.95,1,Yes,Very Positive
CALL-13230,AGT-138,2026-01-29,Phone,Cancellation,New York,21.7,5,Yes,Very Negative
CALL-13231,AGT-137,2026-03-16,Phone,Account Access,Chicago,6.02,4,Yes,Very Positive
CALL-13232,AGT-103,2026-06-07,Chat,Account Access,Dallas,3.37,4,No,Neutral
CALL-13233,AGT-112,2026-04-29,Phone,Product Inquiry,Los Angeles,7.81,5,Yes,Neutral
CALL-13234,AGT-109,2026-04-11,Phone,Billing Issue,Los Angeles,2.7,5,Yes,Negative
CALL-13235,AGT-138,2026-05-08,Chat,Cancellation,Los Angeles,12.05,5,Yes,Very Negative
CALL-13236,AGT-136,2026-01-23,Chat,Product Inquiry,New York,4.279999999999999,3,Yes,Positive
CALL-13237,AGT-137,2026-06-12,Phone,Account Access,Los Angeles,13.48,2,Yes,Positive
CALL-13238,AGT-129,2026-04-13,Email,Technical Support,Dallas,7.64,5,Yes,Neutral
CALL-13239,AGT-106,2026-03-22,Phone,Technical Support,Los Angeles,4.390000000000001,3,Yes,Very Positive
CALL-13240,AGT-129,2026-03-12,Phone,Technical Support,Dallas,11.54,3,Yes,Neutral
CALL-13241,AGT-130,2026-03-23,Chat,Product Inquiry,Los Angeles,16.1,5,No,Very Positive
CALL-13242,AGT-106,2026-02-25,Phone,Billing Issue,Dallas,1.37,3,Yes,Positive
CALL-13243,AGT-110,2026-05-10,Phone,Product Inquiry,New York,10.19,3,Yes,Positive
CALL-13244,AGT-132,2026-01-04,Chat,Technical Support,New York,14.95,5,Yes,Positive
CALL-13245,AGT-116,2026-02-17,Chat,Account Access,Los Angeles,5.51,4,No,Positive
CALL-13246,AGT-106,2026-04-03,Phone,Technical Support,Los Angeles,18.2,4,No,Very Negative
CALL-13247,AGT-118,2026-06-02,Phone,Technical Support,Dallas,5.05,4,Yes,Positive
CALL-13248,AGT-129,2026-03-07,Phone,Technical Support,Los Angeles,8.309999999999999,3,No,Very Positive
CALL-13249,AGT-104,2026-04-03,Phone,Product Inquiry,Chicago,8.32,3,Yes,Neutral
CALL-13250,AGT-130,2026-04-09,Phone,Account Access,Los Angeles,4.83,4,Yes,Positive
CALL-13251,AGT-125,2026-01-25,Chat,Account Access,Chicago,2.02,3,Yes,Very Positive
CALL-13252,AGT-120,2026-01-05,Phone,Account Access,Los Angeles,8.309999999999999,1,No,Negative
CALL-13253,AGT-118,2026-06-15,Phone,Billing Issue,New York,4.84,4,Yes,Positive
CALL-13254,AGT-121,2026-03-04,Phone,Technical Support,Chicago,13.77,1,Yes,Negative
CALL-13255,AGT-129,2026-04-05,Chat,Account Access,New York,1.7,4,Yes,Neutral
CALL-13256,AGT-105,2026-02-09,Chat,Billing Issue,New York,3.94,3,Yes,Very Positive
CALL-13257,AGT-131,2026-02-27,Phone,Product Inquiry,Dallas,2.0,5,Yes,Positive
CALL-13258,AGT-134,2026-05-18,Chat,Billing Issue,Chicago,4.85,3,Yes,Neutral
CALL-13259,AGT-119,2026-01-02,Phone,Account Access,Chicago,3.5,3,Yes,Positive
CALL-13260,AGT-114,2026-01-25,Email,Technical Support,Chicago,7.67,3,Yes,Very Positive
CALL-13261,AGT-102,2026-03-21,Phone,Product Inquiry,New York,6.87,4,No,Positive
CALL-13262,AGT-134,2026-06-21,Chat,Product Inquiry,New York,1.79,3,Yes,Positive
CALL-13263,AGT-132,2026-03-19,Chat,Account Access,Los Angeles,5.95,5,Yes,Very Positive
CALL-13264,AGT-121,2026-06-21,Phone,Account Access,Los Angeles,7.1,4,Yes,Neutral
CALL-13265,AGT-119,2026-04-21,Phone,Billing Issue,New York,1.58,5,Yes,Positive
CALL-13266,AGT-134,2026-03-26,Phone,Product Inquiry,Dallas,1.74,2,Yes,Neutral
CALL-13267,AGT-105,2026-03-07,Phone,Cancellation,Dallas,11.91,3,Yes,Neutral
CALL-13268,AGT-133,2026-04-07,Chat,Cancellation,Chicago,1.6600000000000001,4,Yes,Very Negative
CALL-13269,AGT-127,2026-02-21,Phone,Cancellation,New York,5.67,3,No,Positive
CALL-13270,AGT-124,2026-01-07,Phone,Cancellation,Chicago,19.27,2,No,Positive
CALL-13271,AGT-103,2026-06-16,Phone,Account Access,New York,8.219999999999999,5,No,Neutral
CALL-13272,AGT-128,2026-01-15,Phone,Product Inquiry,Chicago,11.98,3,No,Neutral
CALL-13273,AGT-121,2026-04-26,Phone,Account Access,Dallas,5.41,4,Yes,Neutral
CALL-13274,AGT-135,2026-03-21,Chat,Cancellation,Los Angeles,3.3,5,Yes,Very Negative
CALL-13275,AGT-132,2026-02-17,Phone,Technical Support,Chicago,1.03,2,Yes,Very Negative
CALL-13276,AGT-127,2026-02-27,Phone,Technical Support,Los Angeles,1.62,4,No,Neutral
CALL-13277,AGT-111,2026-04-25,Email,Account Access,Dallas,10.15,4,Yes,Negative
CALL-13278,AGT-103,2026-06-15,Phone,Technical Support,Chicago,17.6,3,No,Neutral
CALL-13279,AGT-130,2026-05-07,Phone,Account Access,New York,4.04,5,Yes,Positive
CALL-13280,AGT-114,2026-06-21,Phone,Cancellation,Los Angeles,2.54,5,Yes,Very Positive
CALL-13281,AGT-113,2026-02-14,Phone,Account Access,New York,11.37,4,Yes,Positive
CALL-13282,AGT-121,2026-03-09,Phone,Cancellation,Chicago,2.06,4,No,Very Positive
CALL-13283,AGT-124,2026-03-06,Chat,Technical Support,Los Angeles,2.5700000000000003,2,Yes,Positive
CALL-13284,AGT-125,2026-02-13,Phone,Technical Support,Dallas,2.8600000000000003,3,Yes,Very Negative
CALL-13285,AGT-126,2026-06-17,Chat,Account Access,Dallas,12.02,4,Yes,Positive
CALL-13286,AGT-138,2026-04-09,Email,Billing Issue,Dallas,2.49,4,Yes,Neutral
CALL-13287,AGT-127,2026-06-16,Phone,Account Access,Dallas,4.4399999999999995,4,Yes,Neutral
CALL-13288,AGT-133,2026-04-13,Chat,Product Inquiry,Los Angeles,1.7,3,Yes,Very Negative
CALL-13289,AGT-130,2026-03-01,Phone,Billing Issue,Chicago,15.83,5,Yes,Negative
CALL-13290,AGT-114,2026-02-24,Phone,Product Inquiry,Los Angeles,3.58,3,Yes,Positive
CALL-13291,AGT-122,2026-04-14,Phone,Cancellation,Los Angeles,11.06,4,Yes,Positive
CALL-13292,AGT-107,2026-03-14,Phone,Technical Support,Dallas,4.26,4,Yes,Negative
CALL-13293,AGT-135,2026-06-06,Phone,Account Access,New York,1.03,5,Yes,Negative
CALL-13294,AGT-122,2026-04-26,Email,Account Access,Los Angeles,2.41,4,Yes,Very Positive
CALL-13295,AGT-110,2026-06-15,Email,Technical Support,Dallas,4.13,4,No,Neutral
CALL-13296,AGT-138,2026-02-15,Chat,Cancellation,Los Angeles,9.55,5,No,Positive
CALL-13297,AGT-139,2026-06-06,Email,Billing Issue,Los Angeles,10.45,3,Yes,Neutral
CALL-13298,AGT-128,2026-06-21,Phone,Account Access,New York,1.0,5,Yes,Positive
CALL-13299,AGT-139,2026-06-12,Phone,Cancellation,Chicago,21.32,3,Yes,Very Negative
CALL-13300,AGT-109,2026-01-29,Chat,Technical Support,Dallas,10.54,3,Yes,Neutral
CALL-13301,AGT-119,2026-06-15,Chat,Cancellation,Los Angeles,4.970000000000001,4,Yes,Positive
CALL-13302,AGT-136,2026-01-15,Phone,Billing Issue,Chicago,4.609999999999999,3,Yes,Very Positive
CALL-13303,AGT-139,2026-03-06,Phone,Product Inquiry,New York,6.84,3,Yes,Positive
CALL-13304,AGT-136,2026-01-15,Email,Product Inquiry,Dallas,12.85,4,Yes,Negative
CALL-13305,AGT-120,2026-02-15,Chat,Cancellation,New York,15.41,4,Yes,Very Negative
CALL-13306,AGT-122,2026-06-15,Phone,Billing Issue,Chicago,1.87,5,Yes,Very Positive
CALL-13307,AGT-118,2026-03-21,Phone,Billing Issue,New York,2.29,5,Yes,Very Positive
CALL-13308,AGT-113,2026-05-08,Phone,Technical Support,Chicago,6.04,2,Yes,Positive
CALL-13309,AGT-128,2026-05-27,Email,Account Access,Los Angeles,1.41,5,Yes,Very Positive
CALL-13310,AGT-120,2026-05-27,Chat,Cancellation,New York,2.9699999999999998,3,Yes,Negative
CALL-13311,AGT-123,2026-01-15,Email,Product Inquiry,Dallas,4.5,3,Yes,Very Negative
CALL-13312,AGT-137,2026-06-29,Chat,Account Access,Dallas,16.95,4,Yes,Very Positive
CALL-13313,AGT-113,2026-02-02,Chat,Account Access,Los Angeles,14.97,4,Yes,Positive
CALL-13314,AGT-116,2026-01-18,Email,Account Access,Los Angeles,9.94,3,Yes,Very Negative
CALL-13315,AGT-137,2026-01-22,Email,Account Access,Los Angeles,1.76,5,No,Neutral
CALL-13316,AGT-125,2026-02-11,Chat,Product Inquiry,Los Angeles,1.41,3,Yes,Positive
CALL-13317,AGT-131,2026-06-02,Chat,Account Access,Los Angeles,1.42,1,Yes,Neutral
CALL-13318,AGT-122,2026-02-21,Phone,Billing Issue,New York,2.5700000000000003,5,No,Negative
CALL-13319,AGT-123,2026-04-16,Chat,Cancellation,Dallas,1.62,2,Yes,Positive
CALL-13320,AGT-107,2026-04-10,Phone,Technical Support,New York,7.16,5,Yes,Very Positive
CALL-13321,AGT-125,2026-05-18,Chat,Billing Issue,Dallas,3.6,3,Yes,Very Positive
CALL-13322,AGT-114,2026-05-09,Chat,Technical Support,Chicago,7.51,4,Yes,Positive
CALL-13323,AGT-125,2026-06-24,Phone,Product Inquiry,Los Angeles,3.6,5,Yes,Neutral
CALL-13324,AGT-133,2026-04-11,Email,Product Inquiry,Dallas,7.8,5,No,Negative
CALL-13325,AGT-103,2026-05-07,Phone,Cancellation,Los Angeles,3.49,4,Yes,Positive
CALL-13326,AGT-111,2026-06-06,Email,Product Inquiry,New York,1.2,4,No,Positive
CALL-13327,AGT-132,2026-04-12,Email,Account Access,Los Angeles,1.3599999999999999,5,Yes,Very Positive
CALL-13328,AGT-124,2026-01-23,Phone,Account Access,Los Angeles,5.63,5,Yes,Positive
CALL-13329,AGT-106,2026-06-23,Phone,Account Access,Chicago,6.46,4,Yes,Negative
CALL-13330,AGT-109,2026-06-27,Email,Account Access,New York,9.77,1,Yes,Very Positive
CALL-13331,AGT-103,2026-03-10,Phone,Cancellation,Chicago,6.3,4,Yes,Very Positive
CALL-13332,AGT-117,2026-02-24,Phone,Billing Issue,Los Angeles,11.32,3,Yes,Negative
CALL-13333,AGT-105,2026-05-17,Phone,Account Access,Dallas,4.4399999999999995,4,Yes,Neutral
CALL-13334,AGT-127,2026-03-04,Chat,Technical Support,Chicago,3.15,2,Yes,Very Positive
CALL-13335,AGT-107,2026-03-27,Chat,Billing Issue,Dallas,4.3100000000000005,3,Yes,Very Positive
CALL-13336,AGT-131,2026-05-01,Email,Product Inquiry,Chicago,5.81,4,Yes,Neutral
CALL-13337,AGT-113,2026-03-04,Phone,Technical Support,Chicago,17.89,3,Yes,Positive
CALL-13338,AGT-119,2026-05-12,Phone,Account Access,Dallas,3.58,3,Yes,Positive
CALL-13339,AGT-122,2026-05-25,Chat,Product Inquiry,Chicago,27.96,5,Yes,Negative
CALL-13340,AGT-111,2026-06-08,Chat,Technical Support,New York,4.1,4,Yes,Very Positive
CALL-13341,AGT-137,2026-02-18,Email,Technical Support,New York,1.38,5,No,Negative
CALL-13342,AGT-112,2026-04-06,Phone,Billing Issue,Dallas,1.52,2,No,Neutral
CALL-13343,AGT-119,2026-05-09,Phone,Cancellation,Dallas,1.51,4,Yes,Negative
CALL-13344,AGT-126,2026-02-01,Chat,Account Access,Dallas,8.07,4,Yes,Very Positive
CALL-13345,AGT-108,2026-06-24,Chat,Billing Issue,Chicago,12.07,4,No,Very Negative
CALL-13346,AGT-105,2026-04-26,Email,Cancellation,Chicago,5.73,3,Yes,Very Negative
CALL-13347,AGT-132,2026-01-08,Chat,Account Access,New York,8.73,1,Yes,Very Positive
CALL-13348,AGT-119,2026-02-12,Phone,Product Inquiry,Dallas,18.33,4,Yes,Neutral
CALL-13349,AGT-123,2026-03-10,Email,Account Access,Chicago,8.02,4,Yes,Positive
CALL-13350,AGT-120,2026-06-04,Phone,Cancellation,Los Angeles,7.75,4,Yes,Very Negative
CALL-13351,AGT-127,2026-05-20,Phone,Technical Support,Los Angeles,12.31,4,Yes,Neutral
CALL-13352,AGT-110,2026-01-29,Phone,Technical Support,Los Angeles,9.61,4,Yes,Very Positive
CALL-13353,AGT-117,2026-01-30,Chat,Product Inquiry,New York,2.8200000000000003,3,Yes,Positive
CALL-13354,AGT-115,2026-06-01,Phone,Product Inquiry,Dallas,2.88,2,Yes,Positive
CALL-13355,AGT-104,2026-02-21,Chat,Technical Support,Los Angeles,6.99,5,Yes,Negative
CALL-13356,AGT-118,2026-05-06,Chat,Cancellation,Los Angeles,2.2199999999999998,4,Yes,Positive
CALL-13357,AGT-129,2026-03-12,Phone,Product Inquiry,Chicago,2.6100000000000003,3,Yes,Positive
CALL-13358,AGT-137,2026-06-07,Phone,Billing Issue,New York,12.02,5,Yes,Neutral
CALL-13359,AGT-117,2026-04-16,Phone,Cancellation,Los Angeles,16.16,3,Yes,Very Positive
CALL-13360,AGT-121,2026-04-04,Chat,Cancellation,Los Angeles,6.85,4,Yes,Neutral
CALL-13361,AGT-135,2026-05-09,Phone,Product Inquiry,Los Angeles,3.94,3,Yes,Neutral
CALL-13362,AGT-105,2026-04-17,Phone,Product Inquiry,New York,12.4,5,Yes,Positive
CALL-13363,AGT-130,2026-03-12,Phone,Cancellation,Dallas,9.17,2,Yes,Very Positive
CALL-13364,AGT-109,2026-04-27,Phone,Account Access,Los Angeles,4.13,2,Yes,Positive
CALL-13365,AGT-127,2026-03-23,Phone,Billing Issue,New York,6.85,1,Yes,Neutral
CALL-13366,AGT-115,2026-03-06,Phone,Account Access,New York,7.6,4,Yes,Positive
CALL-13367,AGT-105,2026-04-04,Phone,Account Access,New York,3.66,4,Yes,Neutral
CALL-13368,AGT-139,2026-05-07,Email,Product Inquiry,New York,4.27,2,Yes,Negative
CALL-13369,AGT-120,2026-02-27,Phone,Cancellation,Chicago,2.88,4,Yes,Positive
CALL-13370,AGT-113,2026-04-14,Email,Product Inquiry,Chicago,5.33,4,Yes,Positive
CALL-13371,AGT-114,2026-02-14,Email,Account Access,Los Angeles,11.97,4,Yes,Neutral
CALL-13372,AGT-132,2026-06-29,Chat,Product Inquiry,Chicago,2.4,4,Yes,Negative
CALL-13373,AGT-129,2026-05-29,Chat,Product Inquiry,Dallas,3.93,4,Yes,Very Positive
CALL-13374,AGT-105,2026-04-07,Phone,Product Inquiry,Los Angeles,5.6,4,Yes,Neutral
CALL-13375,AGT-134,2026-02-09,Phone,Billing Issue,Dallas,1.95,5,Yes,Positive
CALL-13376,AGT-126,2026-04-24,Phone,Cancellation,Chicago,3.05,4,Yes,Positive
CALL-13377,AGT-128,2026-04-14,Phone,Cancellation,Dallas,2.2199999999999998,3,Yes,Positive
CALL-13378,AGT-117,2026-04-25,Phone,Product Inquiry,Los Angeles,1.31,3,No,Negative
CALL-13379,AGT-117,2026-03-03,Phone,Account Access,Dallas,6.82,5,Yes,Positive
CALL-13380,AGT-138,2026-06-27,Chat,Product Inquiry,Chicago,2.1100000000000003,4,Yes,Positive
CALL-13381,AGT-136,2026-05-25,Phone,Cancellation,Chicago,7.72,1,Yes,Positive
CALL-13382,AGT-124,2026-02-24,Chat,Technical Support,Dallas,24.07,5,Yes,Very Positive
CALL-13383,AGT-122,2026-03-11,Phone,Billing Issue,Dallas,3.71,4,Yes,Negative
CALL-13384,AGT-123,2026-05-15,Phone,Technical Support,Chicago,11.14,4,Yes,Positive
CALL-13385,AGT-132,2026-04-07,Chat,Product Inquiry,Chicago,8.809999999999999,5,Yes,Negative
CALL-13386,AGT-119,2026-03-02,Email,Technical Support,New York,12.57,2,Yes,Positive
CALL-13387,AGT-120,2026-04-17,Phone,Cancellation,Los Angeles,7.61,5,Yes,Very Negative
CALL-13388,AGT-111,2026-05-17,Phone,Billing Issue,New York,14.4,4,Yes,Negative
CALL-13389,AGT-137,2026-04-24,Phone,Cancellation,Los Angeles,10.55,3,No,Very Positive
CALL-13390,AGT-126,2026-02-18,Phone,Technical Support,Dallas,4.96,4,Yes,Positive
CALL-13391,AGT-113,2026-06-25,Email,Account Access,Los Angeles,8.059999999999999,4,Yes,Positive
CALL-13392,AGT-123,2026-04-17,Chat,Billing Issue,Chicago,4.7,3,Yes,Positive
CALL-13393,AGT-116,2026-06-28,Phone,Product Inquiry,Dallas,4.09,3,Yes,Positive
CALL-13394,AGT-137,2026-01-12,Phone,Cancellation,Dallas,9.42,1,Yes,Neutral
CALL-13395,AGT-111,2026-05-08,Chat,Technical Support,Dallas,1.3599999999999999,5,Yes,Negative
CALL-13396,AGT-138,2026-05-12,Email,Product Inquiry,Dallas,3.86,4,Yes,Very Positive
CALL-13397,AGT-118,2026-04-21,Chat,Billing Issue,New York,19.5,5,Yes,Very Positive
CALL-13398,AGT-117,2026-01-17,Phone,Cancellation,New York,7.81,5,Yes,Negative
CALL-13399,AGT-129,2026-01-17,Phone,Technical Support,Chicago,1.7,4,Yes,Neutral
CALL-13400,AGT-135,2026-04-17,Chat,Cancellation,Chicago,2.6399999999999997,5,Yes,Neutral
CALL-13401,AGT-133,2026-04-28,Phone,Account Access,Chicago,15.4,4,Yes,Very Positive
CALL-13402,AGT-138,2026-04-12,Email,Account Access,Chicago,1.05,2,No,Very Positive
CALL-13403,AGT-110,2026-03-24,Phone,Product Inquiry,Los Angeles,1.3599999999999999,4,Yes,Very Negative
CALL-13404,AGT-123,2026-06-19,Phone,Billing Issue,New York,1.35,5,Yes,Positive
CALL-13405,AGT-134,2026-05-29,Phone,Cancellation,Dallas,9.39,4,Yes,Neutral
CALL-13406,AGT-114,2026-02-13,Phone,Technical Support,Dallas,4.52,3,Yes,Positive
CALL-13407,AGT-135,2026-02-16,Chat,Cancellation,Chicago,5.74,4,Yes,Negative
CALL-13408,AGT-130,2026-06-19,Phone,Billing Issue,New York,7.98,5,No,Very Positive
CALL-13409,AGT-122,2026-01-08,Chat,Cancellation,New York,9.06,4,No,Neutral
CALL-13410,AGT-131,2026-01-23,Chat,Technical Support,Dallas,7.17,4,No,Neutral
CALL-13411,AGT-114,2026-01-03,Chat,Account Access,Dallas,1.09,4,Yes,Positive
CALL-13412,AGT-137,2026-02-18,Phone,Billing Issue,New York,7.88,2,No,Neutral
CALL-13413,AGT-130,2026-03-09,Email,Billing Issue,Dallas,1.5,4,Yes,Neutral
CALL-13414,AGT-125,2026-03-24,Phone,Billing Issue,Chicago,14.71,3,Yes,Very Positive
CALL-13415,AGT-107,2026-03-16,Email,Billing Issue,Chicago,8.16,5,Yes,Very Positive
CALL-13416,AGT-126,2026-02-20,Chat,Product Inquiry,Chicago,3.8,4,Yes,Neutral
CALL-13417,AGT-102,2026-03-25,Chat,Cancellation,New York,3.46,4,Yes,Positive
CALL-13418,AGT-101,2026-02-08,Chat,Cancellation,Los Angeles,2.04,3,Yes,Very Positive
CALL-13419,AGT-121,2026-04-16,Phone,Technical Support,Dallas,4.640000000000001,5,No,Very Positive
CALL-13420,AGT-122,2026-05-25,Phone,Technical Support,Los Angeles,4.52,2,Yes,Positive
CALL-13421,AGT-128,2026-04-16,Phone,Account Access,Los Angeles,9.32,3,Yes,Very Negative
CALL-13422,AGT-103,2026-02-09,Phone,Account Access,Los Angeles,1.83,5,Yes,Negative
CALL-13423,AGT-112,2026-06-19,Chat,Account Access,New York,11.28,3,No,Very Negative
CALL-13424,AGT-122,2026-04-06,Chat,Account Access,New York,17.08,5,No,Very Positive
CALL-13425,AGT-120,2026-03-06,Phone,Technical Support,New York,8.49,3,Yes,Negative
CALL-13426,AGT-126,2026-04-23,Chat,Product Inquiry,New York,8.1,5,Yes,Positive
CALL-13427,AGT-115,2026-04-11,Chat,Technical Support,Dallas,11.6,2,Yes,Neutral
CALL-13428,AGT-117,2026-01-27,Chat,Product Inquiry,Dallas,7.82,4,Yes,Positive
CALL-13429,AGT-104,2026-05-24,Chat,Cancellation,Los Angeles,13.95,4,Yes,Positive
CALL-13430,AGT-134,2026-02-23,Chat,Account Access,New York,4.87,5,Yes,Neutral
CALL-13431,AGT-136,2026-06-22,Chat,Technical Support,Los Angeles,4.66,3,Yes,Positive
CALL-13432,AGT-112,2026-01-27,Phone,Account Access,Chicago,5.14,5,Yes,Negative
CALL-13433,AGT-117,2026-03-03,Email,Product Inquiry,Dallas,6.32,2,No,Neutral
CALL-13434,AGT-119,2026-01-01,Phone,Billing Issue,Chicago,3.0,4,No,Very Positive
CALL-13435,AGT-119,2026-06-05,Phone,Product Inquiry,New York,8.940000000000001,4,Yes,Positive
CALL-13436,AGT-107,2026-01-29,Phone,Technical Support,Los Angeles,8.059999999999999,2,No,Neutral
CALL-13437,AGT-114,2026-02-13,Phone,Product Inquiry,New York,16.060000000000002,5,Yes,Positive
CALL-13438,AGT-105,2026-02-11,Chat,Technical Support,Los Angeles,4.92,3,No,Neutral
CALL-13439,AGT-136,2026-03-31,Email,Technical Support,Los Angeles,18.61,5,Yes,Positive
CALL-13440,AGT-104,2026-01-18,Phone,Account Access,Dallas,26.48,4,Yes,Positive
CALL-13441,AGT-123,2026-06-07,Phone,Billing Issue,Dallas,5.69,5,Yes,Negative
CALL-13442,AGT-106,2026-06-25,Email,Technical Support,Chicago,1.2,5,Yes,Positive
CALL-13443,AGT-121,2026-03-30,Email,Cancellation,Chicago,3.85,4,Yes,Neutral
CALL-13444,AGT-129,2026-01-12,Phone,Technical Support,New York,1.45,3,Yes,Very Negative
CALL-13445,AGT-137,2026-01-04,Chat,Product Inquiry,Los Angeles,7.51,5,Yes,Positive
CALL-13446,AGT-102,2026-06-07,Chat,Product Inquiry,New York,9.57,3,Yes,Very Positive
CALL-13447,AGT-130,2026-05-09,Phone,Technical Support,Dallas,7.04,5,Yes,Positive
CALL-13448,AGT-108,2026-03-03,Phone,Billing Issue,Los Angeles,6.29,2,Yes,Positive
CALL-13449,AGT-109,2026-01-05,Chat,Billing Issue,Chicago,4.93,3,Yes,Very Positive
CALL-13450,AGT-133,2026-05-14,Phone,Cancellation,Chicago,14.92,5,Yes,Negative
CALL-13451,AGT-119,2026-04-27,Phone,Billing Issue,Los Angeles,5.05,4,Yes,Neutral
CALL-13452,AGT-130,2026-03-28,Phone,Account Access,Dallas,5.38,4,Yes,Negative
CALL-13453,AGT-119,2026-06-08,Phone,Billing Issue,Chicago,6.23,4,Yes,Positive
CALL-13454,AGT-120,2026-05-21,Email,Cancellation,Chicago,3.14,4,Yes,Positive
CALL-13455,AGT-123,2026-06-29,Phone,Billing Issue,Los Angeles,19.74,5,Yes,Negative
CALL-13456,AGT-130,2026-02-12,Phone,Account Access,Dallas,4.82,3,No,Positive
CALL-13457,AGT-134,2026-01-20,Chat,Technical Support,Los Angeles,5.59,4,Yes,Neutral
CALL-13458,AGT-110,2026-01-08,Email,Account Access,New York,8.190000000000001,5,Yes,Negative
CALL-13459,AGT-116,2026-06-07,Email,Cancellation,Los Angeles,4.390000000000001,2,Yes,Negative
CALL-13460,AGT-126,2026-01-06,Phone,Account Access,Chicago,7.02,5,Yes,Negative
CALL-13461,AGT-138,2026-03-05,Email,Billing Issue,New York,2.5300000000000002,5,Yes,Neutral
CALL-13462,AGT-114,2026-05-12,Chat,Product Inquiry,New York,12.98,4,Yes,Very Positive
CALL-13463,AGT-129,2026-01-07,Email,Cancellation,Dallas,1.17,2,Yes,Negative
CALL-13464,AGT-127,2026-06-04,Phone,Product Inquiry,Dallas,9.9,2,Yes,Positive
CALL-13465,AGT-125,2026-02-20,Chat,Cancellation,Chicago,8.77,1,Yes,Very Positive
CALL-13466,AGT-132,2026-06-25,Phone,Product Inquiry,Chicago,16.21,5,Yes,Very Negative
CALL-13467,AGT-101,2026-03-12,Email,Product Inquiry,New York,1.3900000000000001,5,Yes,Neutral
CALL-13468,AGT-125,2026-04-09,Phone,Product Inquiry,Dallas,3.31,3,No,Positive
CALL-13469,AGT-124,2026-01-15,Phone,Account Access,Dallas,1.9,4,Yes,Positive
CALL-13470,AGT-103,2026-03-31,Phone,Product Inquiry,Los Angeles,17.41,2,Yes,Neutral
CALL-13471,AGT-137,2026-02-07,Phone,Account Access,New York,1.46,5,Yes,Very Negative
CALL-13472,AGT-126,2026-03-02,Phone,Technical Support,New York,1.97,1,Yes,Positive
CALL-13473,AGT-139,2026-01-31,Email,Billing Issue,New York,4.68,1,Yes,Positive
CALL-13474,AGT-123,2026-03-10,Phone,Product Inquiry,Dallas,15.92,2,No,Very Positive
CALL-13475,AGT-122,2026-03-27,Phone,Billing Issue,New York,8.05,4,Yes,Neutral
CALL-13476,AGT-129,2026-05-15,Phone,Product Inquiry,Chicago,4.18,4,Yes,Positive
CALL-13477,AGT-138,2026-02-15,Phone,Billing Issue,Chicago,3.94,2,Yes,Negative
CALL-13478,AGT-107,2026-02-03,Email,Billing Issue,New York,6.27,4,Yes,Positive
CALL-13479,AGT-114,2026-01-11,Email,Billing Issue,Los Angeles,10.76,3,Yes,Neutral
CALL-13480,AGT-112,2026-05-09,Email,Technical Support,New York,1.54,1,Yes,Positive
CALL-13481,AGT-111,2026-01-14,Phone,Technical Support,Los Angeles,8.95,4,No,Very Positive
CALL-13482,AGT-128,2026-02-14,Email,Product Inquiry,Los Angeles,4.470000000000001,3,Yes,Neutral
CALL-13483,AGT-102,2026-03-25,Phone,Product Inquiry,Dallas,3.09,4,Yes,Positive
CALL-13484,AGT-109,2026-05-29,Chat,Technical Support,Los Angeles,3.59,5,No,Negative
CALL-13485,AGT-122,2026-03-25,Phone,Cancellation,Los Angeles,1.71,4,Yes,Very Negative
CALL-13486,AGT-114,2026-05-30,Email,Product Inquiry,Los Angeles,7.75,1,No,Very Negative
CALL-13487,AGT-113,2026-05-22,Chat,Billing Issue,Los Angeles,5.34,5,Yes,Neutral
CALL-13488,AGT-101,2026-01-10,Phone,Technical Support,Chicago,2.91,3,Yes,Positive
CALL-13489,AGT-130,2026-05-24,Chat,Product Inquiry,New York,1.08,1,Yes,Positive
CALL-13490,AGT-117,2026-02-24,Phone,Billing Issue,Chicago,9.45,4,No,Neutral
CALL-13491,AGT-105,2026-03-23,Phone,Cancellation,Los Angeles,2.01,4,Yes,Positive
CALL-13492,AGT-117,2026-01-03,Email,Billing Issue,Dallas,1.8,5,Yes,Negative
CALL-13493,AGT-133,2026-06-20,Phone,Product Inquiry,New York,21.28,1,Yes,Very Positive
CALL-13494,AGT-117,2026-05-27,Email,Billing Issue,Los Angeles,4.18,1,No,Positive
CALL-13495,AGT-129,2026-01-20,Phone,Technical Support,Los Angeles,7.75,2,Yes,Positive
CALL-13496,AGT-117,2026-03-17,Email,Cancellation,Los Angeles,6.32,4,Yes,Neutral
CALL-13497,AGT-101,2026-01-15,Email,Account Access,New York,7.81,3,Yes,Negative
CALL-13498,AGT-139,2026-05-31,Phone,Account Access,Dallas,5.19,4,Yes,Negative
CALL-13499,AGT-136,2026-03-05,Phone,Account Access,Dallas,7.72,5,Yes,Very Positive
CALL-13500,AGT-118,2026-02-26,Email,Billing Issue,Los Angeles,41.07,5,Yes,Very Negative
CALL-13501,AGT-116,2026-01-26,Phone,Technical Support,Dallas,22.09,5,No,Very Negative
CALL-13502,AGT-108,2026-01-05,Chat,Billing Issue,New York,11.11,4,Yes,Positive
CALL-13503,AGT-123,2026-04-21,Phone,Technical Support,Dallas,9.17,4,Yes,Very Positive
CALL-13504,AGT-132,2026-06-27,Chat,Account Access,New York,13.03,5,Yes,Neutral
CALL-13505,AGT-108,2026-04-08,Chat,Account Access,Dallas,2.4,5,Yes,Very Positive
CALL-13506,AGT-113,2026-02-15,Phone,Cancellation,Dallas,7.71,3,Yes,Very Positive
CALL-13507,AGT-128,2026-06-19,Email,Product Inquiry,Chicago,1.8900000000000001,5,Yes,Positive
CALL-13508,AGT-118,2026-03-28,Phone,Account Access,Dallas,15.42,3,Yes,Positive
CALL-13509,AGT-137,2026-06-27,Phone,Billing Issue,New York,12.13,3,Yes,Positive
CALL-13510,AGT-101,2026-06-09,Chat,Technical Support,Dallas,6.76,3,Yes,Positive
CALL-13511,AGT-105,2026-05-16,Chat,Product Inquiry,Dallas,5.55,4,Yes,Very Positive
CALL-13512,AGT-130,2026-01-05,Email,Account Access,Chicago,1.43,4,Yes,Neutral
CALL-13513,AGT-110,2026-06-06,Phone,Billing Issue,Los Angeles,2.58,4,Yes,Very Negative
CALL-13514,AGT-128,2026-06-04,Chat,Product Inquiry,Dallas,9.21,3,Yes,Very Positive
CALL-13515,AGT-138,2026-05-17,Chat,Cancellation,Dallas,7.63,4,Yes,Positive
CALL-13516,AGT-120,2026-02-22,Phone,Cancellation,Dallas,13.01,3,Yes,Very Negative
CALL-13517,AGT-121,2026-05-01,Phone,Cancellation,New York,25.31,3,Yes,Very Positive
CALL-13518,AGT-109,2026-03-05,Chat,Billing Issue,Los Angeles,4.15,4,No,Neutral
CALL-13519,AGT-138,2026-06-03,Chat,Cancellation,New York,8.09,5,Yes,Positive
CALL-13520,AGT-115,2026-02-21,Phone,Account Access,Dallas,21.71,4,Yes,Positive
CALL-13521,AGT-135,2026-05-01,Chat,Account Access,Dallas,3.46,2,No,Negative
CALL-13522,AGT-128,2026-03-08,Chat,Technical Support,Los Angeles,9.96,3,Yes,Very Positive
CALL-13523,AGT-119,2026-04-03,Phone,Technical Support,Los Angeles,7.87,4,Yes,Positive
CALL-13524,AGT-105,2026-05-09,Phone,Product Inquiry,Chicago,11.31,4,Yes,Neutral
CALL-13525,AGT-131,2026-05-28,Chat,Technical Support,Dallas,1.32,3,No,Negative
CALL-13526,AGT-107,2026-04-10,Phone,Cancellation,New York,5.95,1,No,Neutral
CALL-13527,AGT-101,2026-04-10,Chat,Account Access,Chicago,4.77,4,Yes,Very Positive
CALL-13528,AGT-128,2026-03-22,Phone,Cancellation,Los Angeles,6.66,3,Yes,Positive
CALL-13529,AGT-119,2026-03-20,Email,Technical Support,New York,1.5699999999999998,4,Yes,Neutral
CALL-13530,AGT-123,2026-02-09,Chat,Technical Support,Dallas,7.55,4,Yes,Neutral
CALL-13531,AGT-127,2026-03-30,Phone,Billing Issue,Chicago,5.63,5,Yes,Very Positive
CALL-13532,AGT-104,2026-01-04,Phone,Technical Support,Chicago,1.98,2,Yes,Positive
CALL-13533,AGT-114,2026-01-23,Phone,Billing Issue,Dallas,2.38,4,Yes,Very Positive
CALL-13534,AGT-118,2026-04-19,Phone,Product Inquiry,New York,12.47,5,No,Very Positive
CALL-13535,AGT-138,2026-05-30,Chat,Technical Support,Los Angeles,3.79,4,Yes,Negative
CALL-13536,AGT-112,2026-06-19,Phone,Product Inquiry,Chicago,5.88,4,Yes,Positive
CALL-13537,AGT-115,2026-01-29,Chat,Account Access,Chicago,3.87,4,Yes,Positive
CALL-13538,AGT-114,2026-03-31,Phone,Technical Support,New York,17.72,4,Yes,Negative
CALL-13539,AGT-110,2026-01-25,Chat,Cancellation,Chicago,1.27,4,Yes,Negative
CALL-13540,AGT-107,2026-06-11,Phone,Account Access,Chicago,5.44,2,Yes,Positive
CALL-13541,AGT-136,2026-01-06,Phone,Account Access,New York,1.2,5,Yes,Neutral
CALL-13542,AGT-125,2026-03-18,Chat,Technical Support,New York,5.46,4,No,Positive
CALL-13543,AGT-132,2026-06-06,Chat,Billing Issue,Dallas,2.73,4,Yes,Very Negative
CALL-13544,AGT-129,2026-03-23,Email,Billing Issue,Dallas,8.45,4,Yes,Positive
CALL-13545,AGT-129,2026-05-11,Phone,Cancellation,Dallas,10.34,1,Yes,Very Positive
CALL-13546,AGT-102,2026-06-02,Chat,Account Access,New York,13.35,4,No,Neutral
CALL-13547,AGT-135,2026-01-26,Chat,Technical Support,Chicago,4.17,4,No,Neutral
CALL-13548,AGT-133,2026-01-24,Phone,Technical Support,Chicago,10.51,5,No,Positive
CALL-13549,AGT-129,2026-06-14,Chat,Technical Support,New York,3.61,2,Yes,Positive
CALL-13550,AGT-135,2026-05-23,Phone,Billing Issue,Dallas,3.3,1,Yes,Very Positive
CALL-13551,AGT-106,2026-02-21,Chat,Account Access,Chicago,9.24,1,Yes,Neutral
CALL-13552,AGT-131,2026-03-02,Email,Technical Support,Los Angeles,1.6,5,Yes,Neutral
CALL-13553,AGT-126,2026-04-01,Email,Product Inquiry,New York,10.66,5,No,Negative
CALL-13554,AGT-112,2026-05-13,Email,Technical Support,Dallas,12.16,5,Yes,Positive
CALL-13555,AGT-138,2026-06-18,Phone,Account Access,New York,2.1,2,Yes,Very Positive
CALL-13556,AGT-136,2026-01-09,Phone,Product Inquiry,New York,53.63,4,Yes,Neutral
CALL-13557,AGT-124,2026-05-08,Email,Product Inquiry,Los Angeles,3.07,3,Yes,Positive
CALL-13558,AGT-129,2026-04-29,Phone,Account Access,Los Angeles,11.89,3,Yes,Negative
CALL-13559,AGT-108,2026-04-12,Email,Cancellation,Los Angeles,14.96,4,Yes,Very Positive
CALL-13560,AGT-108,2026-01-04,Phone,Cancellation,Chicago,6.23,5,Yes,Positive
CALL-13561,AGT-134,2026-06-03,Chat,Technical Support,Chicago,4.55,4,Yes,Very Positive
CALL-13562,AGT-113,2026-02-01,Chat,Technical Support,Dallas,4.42,5,Yes,Positive
CALL-13563,AGT-121,2026-06-20,Email,Account Access,Los Angeles,6.83,4,Yes,Neutral
CALL-13564,AGT-108,2026-06-14,Email,Billing Issue,New York,2.4299999999999997,4,No,Neutral
CALL-13565,AGT-112,2026-06-19,Phone,Technical Support,Chicago,16.560000000000002,4,Yes,Positive
CALL-13566,AGT-139,2026-05-18,Phone,Technical Support,Dallas,5.36,3,Yes,Very Negative
CALL-13567,AGT-125,2026-02-01,Phone,Technical Support,Los Angeles,4.6,1,Yes,Positive
CALL-13568,AGT-133,2026-02-02,Chat,Cancellation,Chicago,20.79,4,Yes,Negative
CALL-13569,AGT-138,2026-05-20,Email,Technical Support,Dallas,19.89,4,Yes,Positive
CALL-13570,AGT-106,2026-06-19,Chat,Technical Support,New York,6.1,4,No,Positive
CALL-13571,AGT-104,2026-02-21,Phone,Account Access,New York,2.52,3,No,Positive
CALL-13572,AGT-135,2026-06-09,Phone,Account Access,Los Angeles,2.63,5,Yes,Very Positive
CALL-13573,AGT-107,2026-02-01,Phone,Billing Issue,Los Angeles,5.8,5,Yes,Positive
CALL-13574,AGT-131,2026-05-06,Email,Product Inquiry,Los Angeles,2.34,2,Yes,Positive
CALL-13575,AGT-112,2026-03-03,Email,Billing Issue,Dallas,16.27,5,Yes,Positive
CALL-13576,AGT-127,2026-01-22,Email,Cancellation,Los Angeles,18.41,4,Yes,Negative
CALL-13577,AGT-130,2026-06-19,Phone,Billing Issue,Dallas,14.5,5,Yes,Very Negative
CALL-13578,AGT-122,2026-02-10,Phone,Account Access,Los Angeles,2.3600000000000003,2,Yes,Positive
CALL-13579,AGT-102,2026-03-02,Phone,Technical Support,Chicago,1.04,3,Yes,Negative
CALL-13580,AGT-106,2026-05-28,Phone,Cancellation,Dallas,1.13,4,Yes,Neutral
CALL-13581,AGT-130,2026-06-10,Chat,Account Access,Chicago,12.98,5,Yes,Negative
CALL-13582,AGT-122,2026-05-17,Phone,Technical Support,Dallas,30.24,3,Yes,Positive
CALL-13583,AGT-119,2026-04-17,Phone,Cancellation,Los Angeles,1.76,5,No,Neutral
CALL-13584,AGT-108,2026-03-31,Phone,Technical Support,New York,1.85,2,Yes,Positive
CALL-13585,AGT-125,2026-04-05,Phone,Account Access,Chicago,5.98,3,Yes,Very Positive
CALL-13586,AGT-127,2026-04-19,Phone,Cancellation,Dallas,1.2,5,Yes,Neutral
CALL-13587,AGT-112,2026-03-14,Phone,Technical Support,New York,6.3,4,No,Very Positive
CALL-13588,AGT-136,2026-02-25,Chat,Technical Support,New York,6.95,4,Yes,Negative
CALL-13589,AGT-111,2026-04-27,Chat,Account Access,Los Angeles,3.72,4,No,Positive
CALL-13590,AGT-113,2026-06-29,Chat,Cancellation,Los Angeles,1.73,1,Yes,Positive
CALL-13591,AGT-116,2026-01-07,Phone,Cancellation,Chicago,1.9,5,Yes,Very Positive
CALL-13592,AGT-121,2026-01-05,Phone,Product Inquiry,New York,1.8,4,Yes,Negative
CALL-13593,AGT-128,2026-01-27,Phone,Account Access,Chicago,1.07,5,No,Very Positive
CALL-13594,AGT-114,2026-01-20,Phone,Billing Issue,New York,3.28,3,Yes,Positive
CALL-13595,AGT-118,2026-06-08,Email,Technical Support,New York,12.98,3,Yes,Very Positive
CALL-13596,AGT-105,2026-01-07,Email,Technical Support,Dallas,1.8900000000000001,3,Yes,Negative
CALL-13597,AGT-102,2026-01-25,Phone,Billing Issue,Chicago,1.6,4,Yes,Neutral
CALL-13598,AGT-126,2026-05-09,Phone,Cancellation,New York,5.39,4,No,Negative
CALL-13599,AGT-121,2026-01-15,Phone,Account Access,New York,10.04,4,Yes,Negative
CALL-13600,AGT-115,2026-06-06,Chat,Product Inquiry,Chicago,5.76,2,Yes,Neutral
CALL-13601,AGT-117,2026-03-11,Phone,Billing Issue,New York,7.03,4,Yes,Very Positive
CALL-13602,AGT-133,2026-06-25,Phone,Cancellation,Dallas,1.6400000000000001,5,Yes,Negative
CALL-13603,AGT-103,2026-04-26,Phone,Billing Issue,Dallas,15.53,3,No,Very Positive
CALL-13604,AGT-127,2026-05-04,Phone,Technical Support,New York,4.92,2,Yes,Positive
CALL-13605,AGT-122,2026-05-06,Chat,Account Access,Chicago,5.03,4,Yes,Positive
CALL-13606,AGT-128,2026-02-11,Phone,Product Inquiry,New York,3.24,4,No,Positive
CALL-13607,AGT-136,2026-04-25,Chat,Cancellation,Dallas,7.36,3,Yes,Positive
CALL-13608,AGT-128,2026-01-13,Phone,Technical Support,Los Angeles,5.37,4,Yes,Very Positive
CALL-13609,AGT-127,2026-05-23,Phone,Account Access,Chicago,29.12,5,Yes,Neutral
CALL-13610,AGT-118,2026-02-13,Phone,Technical Support,New York,4.140000000000001,2,Yes,Neutral
CALL-13611,AGT-133,2026-05-13,Phone,Technical Support,New York,12.62,5,Yes,Very Positive
CALL-13612,AGT-116,2026-04-19,Chat,Account Access,New York,4.09,4,Yes,Neutral
CALL-13613,AGT-139,2026-03-17,Chat,Account Access,Los Angeles,17.59,5,Yes,Positive
CALL-13614,AGT-123,2026-05-29,Email,Billing Issue,Chicago,12.73,5,Yes,Very Positive
CALL-13615,AGT-134,2026-06-21,Chat,Technical Support,Chicago,8.71,3,Yes,Very Positive
CALL-13616,AGT-125,2026-03-08,Phone,Billing Issue,Dallas,4.3100000000000005,3,No,Very Positive
CALL-13617,AGT-115,2026-05-07,Chat,Cancellation,Chicago,4.41,5,Yes,Very Negative
CALL-13618,AGT-139,2026-01-07,Chat,Cancellation,Los Angeles,21.06,3,Yes,Neutral
CALL-13619,AGT-130,2026-05-31,Phone,Product Inquiry,Dallas,4.9399999999999995,3,Yes,Positive
CALL-13620,AGT-109,2026-06-08,Phone,Technical Support,Los Angeles,26.03,5,Yes,Very Negative
CALL-13621,AGT-124,2026-05-05,Phone,Account Access,New York,9.24,4,Yes,Very Positive
CALL-13622,AGT-122,2026-02-21,Phone,Technical Support,Chicago,3.28,2,Yes,Neutral
CALL-13623,AGT-109,2026-06-23,Phone,Account Access,Dallas,1.01,1,No,Very Negative
CALL-13624,AGT-108,2026-03-31,Email,Billing Issue,New York,2.74,5,No,Very Positive
CALL-13625,AGT-102,2026-06-10,Phone,Cancellation,New York,3.29,2,Yes,Neutral
CALL-13626,AGT-123,2026-06-13,Phone,Product Inquiry,Chicago,7.72,5,Yes,Neutral
CALL-13627,AGT-122,2026-01-07,Phone,Product Inquiry,Dallas,7.9,4,Yes,Negative
CALL-13628,AGT-138,2026-01-11,Phone,Cancellation,Dallas,2.1,3,No,Positive
CALL-13629,AGT-139,2026-02-11,Phone,Account Access,Los Angeles,3.41,3,Yes,Neutral
CALL-13630,AGT-128,2026-04-10,Phone,Cancellation,Dallas,2.42,4,No,Very Positive
CALL-13631,AGT-129,2026-01-19,Chat,Billing Issue,Los Angeles,4.52,4,Yes,Very Positive
CALL-13632,AGT-130,2026-05-20,Phone,Technical Support,Chicago,3.79,2,Yes,Very Positive
CALL-13633,AGT-138,2026-01-28,Chat,Product Inquiry,Dallas,5.06,4,Yes,Very Positive
CALL-13634,AGT-110,2026-02-05,Phone,Billing Issue,Chicago,10.49,4,Yes,Positive
CALL-13635,AGT-124,2026-06-14,Phone,Technical Support,Los Angeles,6.21,1,Yes,Negative
CALL-13636,AGT-105,2026-04-06,Email,Product Inquiry,Dallas,8.33,5,Yes,Very Positive
CALL-13637,AGT-117,2026-01-27,Phone,Product Inquiry,Dallas,1.62,5,Yes,Positive
CALL-13638,AGT-113,2026-06-23,Phone,Billing Issue,Chicago,3.59,3,Yes,Positive
CALL-13639,AGT-119,2026-06-01,Email,Billing Issue,Los Angeles,13.81,5,No,Neutral
CALL-13640,AGT-101,2026-06-22,Phone,Technical Support,Chicago,4.45,5,Yes,Positive
CALL-13641,AGT-139,2026-06-29,Phone,Product Inquiry,Los Angeles,1.71,3,Yes,Very Positive
CALL-13642,AGT-122,2026-02-13,Phone,Cancellation,Los Angeles,10.81,5,No,Neutral
CALL-13643,AGT-103,2026-05-16,Chat,Product Inquiry,Dallas,6.31,4,Yes,Very Positive
CALL-13644,AGT-114,2026-01-05,Phone,Account Access,New York,11.48,5,Yes,Very Positive
CALL-13645,AGT-123,2026-03-08,Phone,Product Inquiry,New York,2.58,3,Yes,Positive
CALL-13646,AGT-135,2026-05-04,Chat,Account Access,Los Angeles,7.58,3,Yes,Very Negative
CALL-13647,AGT-103,2026-06-29,Chat,Product Inquiry,Dallas,4.359999999999999,5,No,Neutral
CALL-13648,AGT-120,2026-06-08,Phone,Billing Issue,New York,19.69,5,Yes,Neutral
CALL-13649,AGT-120,2026-05-14,Phone,Product Inquiry,New York,1.95,4,Yes,Positive
CALL-13650,AGT-122,2026-03-05,Chat,Cancellation,Dallas,1.81,4,Yes,Positive
CALL-13651,AGT-139,2026-03-29,Phone,Account Access,Dallas,4.58,5,Yes,Neutral
CALL-13652,AGT-113,2026-02-23,Email,Cancellation,Los Angeles,5.75,4,No,Very Negative
CALL-13653,AGT-121,2026-03-30,Phone,Billing Issue,Los Angeles,7.51,5,Yes,Positive
CALL-13654,AGT-124,2026-03-21,Chat,Account Access,Dallas,7.47,1,Yes,Positive
CALL-13655,AGT-112,2026-05-29,Phone,Account Access,Los Angeles,1.81,1,No,Very Positive
CALL-13656,AGT-119,2026-01-27,Email,Cancellation,New York,5.85,3,Yes,Positive
CALL-13657,AGT-116,2026-06-26,Email,Billing Issue,New York,9.51,4,Yes,Very Positive
CALL-13658,AGT-129,2026-06-17,Chat,Cancellation,Dallas,6.59,1,Yes,Positive
CALL-13659,AGT-112,2026-03-02,Phone,Cancellation,Los Angeles,2.95,4,Yes,Positive
CALL-13660,AGT-106,2026-02-16,Phone,Technical Support,Chicago,1.9300000000000002,3,No,Negative
CALL-13661,AGT-127,2026-02-13,Chat,Cancellation,Dallas,6.63,2,Yes,Neutral
CALL-13662,AGT-120,2026-03-25,Phone,Product Inquiry,New York,8.469999999999999,1,Yes,Very Positive
CALL-13663,AGT-109,2026-03-24,Chat,Product Inquiry,Dallas,18.81,1,Yes,Negative
CALL-13664,AGT-127,2026-03-12,Phone,Billing Issue,New York,3.92,3,Yes,Negative
CALL-13665,AGT-119,2026-04-20,Phone,Account Access,Dallas,3.82,3,Yes,Negative
CALL-13666,AGT-122,2026-01-31,Chat,Product Inquiry,New York,2.9699999999999998,2,Yes,Very Negative
CALL-13667,AGT-134,2026-06-05,Phone,Technical Support,Los Angeles,5.89,4,Yes,Positive
CALL-13668,AGT-129,2026-01-22,Phone,Product Inquiry,Los Angeles,22.97,4,Yes,Very Negative
CALL-13669,AGT-111,2026-01-24,Phone,Account Access,Chicago,6.29,1,No,Very Positive
CALL-13670,AGT-131,2026-04-16,Phone,Billing Issue,Chicago,12.82,4,Yes,Negative
CALL-13671,AGT-111,2026-01-21,Email,Product Inquiry,New York,5.52,3,Yes,Neutral
CALL-13672,AGT-125,2026-06-02,Phone,Product Inquiry,Dallas,7.8,4,Yes,Positive
CALL-13673,AGT-112,2026-03-19,Email,Cancellation,Dallas,4.6,3,Yes,Neutral
CALL-13674,AGT-122,2026-05-25,Phone,Account Access,New York,15.49,5,No,Neutral
CALL-13675,AGT-104,2026-06-15,Email,Product Inquiry,Chicago,16.439999999999998,3,Yes,Positive
CALL-13676,AGT-129,2026-03-02,Phone,Technical Support,New York,2.73,4,Yes,Neutral
CALL-13677,AGT-107,2026-05-10,Email,Product Inquiry,New York,2.62,5,Yes,Very Positive
CALL-13678,AGT-103,2026-02-08,Email,Technical Support,Dallas,5.77,1,Yes,Neutral
CALL-13679,AGT-112,2026-06-18,Chat,Cancellation,Los Angeles,6.92,3,Yes,Very Negative
CALL-13680,AGT-103,2026-05-06,Chat,Billing Issue,Los Angeles,15.41,1,No,Positive
CALL-13681,AGT-139,2026-02-13,Phone,Product Inquiry,Chicago,4.609999999999999,4,Yes,Very Negative
CALL-13682,AGT-115,2026-03-29,Email,Technical Support,Dallas,3.84,4,Yes,Neutral
CALL-13683,AGT-129,2026-02-15,Email,Cancellation,Los Angeles,6.78,4,Yes,Positive
CALL-13684,AGT-123,2026-05-01,Phone,Account Access,Los Angeles,2.4299999999999997,4,Yes,Neutral
CALL-13685,AGT-130,2026-05-03,Chat,Cancellation,Los Angeles,9.14,5,Yes,Very Negative
CALL-13686,AGT-139,2026-02-22,Chat,Product Inquiry,New York,8.280000000000001,2,Yes,Very Positive
CALL-13687,AGT-125,2026-04-01,Chat,Billing Issue,Los Angeles,3.89,5,Yes,Positive
CALL-13688,AGT-123,2026-03-15,Phone,Technical Support,New York,3.64,3,No,Very Positive
CALL-13689,AGT-128,2026-01-09,Chat,Billing Issue,Los Angeles,2.79,5,Yes,Neutral
CALL-13690,AGT-101,2026-03-04,Phone,Technical Support,Dallas,5.59,2,Yes,Very Negative
CALL-13691,AGT-136,2026-02-23,Chat,Cancellation,Dallas,9.04,4,Yes,Neutral
CALL-13692,AGT-105,2026-06-22,Chat,Billing Issue,Los Angeles,1.21,4,Yes,Positive
CALL-13693,AGT-104,2026-02-25,Phone,Cancellation,Chicago,4.8100000000000005,5,Yes,Very Positive
CALL-13694,AGT-107,2026-06-07,Phone,Cancellation,Los Angeles,7.28,5,Yes,Very Negative
CALL-13695,AGT-108,2026-02-20,Chat,Account Access,Dallas,1.94,4,Yes,Very Positive
CALL-13696,AGT-108,2026-06-14,Phone,Product Inquiry,Los Angeles,3.54,4,Yes,Positive
CALL-13697,AGT-112,2026-04-20,Email,Billing Issue,Chicago,1.13,3,Yes,Very Negative
CALL-13698,AGT-111,2026-01-06,Chat,Account Access,Chicago,13.76,3,No,Very Positive
CALL-13699,AGT-124,2026-03-27,Chat,Billing Issue,Chicago,24.17,1,Yes,Negative
CALL-13700,AGT-103,2026-04-09,Chat,Account Access,Chicago,14.36,5,Yes,Negative
CALL-13701,AGT-101,2026-03-04,Chat,Technical Support,Dallas,1.99,5,Yes,Positive
CALL-13702,AGT-119,2026-01-26,Chat,Cancellation,New York,4.25,4,Yes,Neutral
CALL-13703,AGT-125,2026-06-28,Phone,Cancellation,Dallas,11.91,3,Yes,Neutral
CALL-13704,AGT-103,2026-05-10,Chat,Billing Issue,Dallas,1.28,4,Yes,Very Positive
CALL-13705,AGT-102,2026-05-04,Phone,Product Inquiry,New York,11.7,1,Yes,Negative
CALL-13706,AGT-110,2026-02-15,Phone,Account Access,New York,2.84,4,Yes,Neutral
CALL-13707,AGT-128,2026-02-02,Phone,Technical Support,Los Angeles,3.85,4,Yes,Positive
CALL-13708,AGT-127,2026-02-05,Phone,Technical Support,Chicago,14.06,3,Yes,Neutral
CALL-13709,AGT-102,2026-01-01,Chat,Technical Support,Dallas,1.58,2,Yes,Positive
CALL-13710,AGT-123,2026-02-13,Phone,Billing Issue,Chicago,13.21,5,Yes,Very Negative
CALL-13711,AGT-117,2026-05-17,Phone,Cancellation,Los Angeles,3.12,5,Yes,Neutral
CALL-13712,AGT-129,2026-06-09,Email,Billing Issue,Chicago,10.24,4,Yes,Positive
CALL-13713,AGT-106,2026-03-13,Phone,Product Inquiry,Los Angeles,9.84,3,Yes,Neutral
CALL-13714,AGT-115,2026-01-20,Phone,Technical Support,Dallas,19.14,3,Yes,Positive
CALL-13715,AGT-134,2026-06-18,Email,Account Access,Los Angeles,12.73,4,Yes,Negative
CALL-13716,AGT-121,2026-03-29,Email,Cancellation,Chicago,5.18,4,No,Very Positive
CALL-13717,AGT-118,2026-03-22,Chat,Cancellation,Chicago,3.37,2,Yes,Positive
CALL-13718,AGT-117,2026-03-31,Email,Technical Support,Chicago,5.0,5,No,Neutral
CALL-13719,AGT-116,2026-06-02,Chat,Technical Support,Dallas,10.3,4,Yes,Positive
CALL-13720,AGT-107,2026-01-30,Email,Cancellation,New York,4.83,3,Yes,Very Positive
CALL-13721,AGT-101,2026-03-20,Phone,Cancellation,New York,15.78,4,Yes,Very Positive
CALL-13722,AGT-102,2026-03-12,Chat,Billing Issue,Los Angeles,12.47,3,No,Positive
CALL-13723,AGT-119,2026-03-02,Email,Product Inquiry,Los Angeles,3.26,4,Yes,Negative
CALL-13724,AGT-125,2026-01-09,Phone,Cancellation,Chicago,3.25,4,Yes,Very Positive
CALL-13725,AGT-116,2026-04-23,Email,Account Access,Dallas,34.26,4,Yes,Positive
CALL-13726,AGT-116,2026-04-10,Phone,Cancellation,New York,36.4,5,Yes,Negative
CALL-13727,AGT-119,2026-04-10,Chat,Billing Issue,Dallas,5.51,1,Yes,Positive
CALL-13728,AGT-107,2026-05-06,Chat,Billing Issue,New York,5.74,3,Yes,Very Positive
CALL-13729,AGT-103,2026-05-12,Phone,Cancellation,Los Angeles,3.81,4,Yes,Neutral
CALL-13730,AGT-101,2026-04-26,Phone,Technical Support,Dallas,1.23,1,No,Very Negative
CALL-13731,AGT-109,2026-05-11,Chat,Billing Issue,New York,8.86,5,Yes,Positive
CALL-13732,AGT-122,2026-01-13,Phone,Billing Issue,New York,6.61,5,Yes,Negative
CALL-13733,AGT-136,2026-04-03,Chat,Cancellation,Dallas,2.94,4,Yes,Neutral
CALL-13734,AGT-133,2026-03-28,Phone,Billing Issue,Chicago,1.08,2,Yes,Negative
CALL-13735,AGT-115,2026-06-02,Chat,Cancellation,Chicago,2.3600000000000003,5,No,Neutral
CALL-13736,AGT-132,2026-05-09,Phone,Account Access,Dallas,7.19,2,Yes,Positive
CALL-13737,AGT-111,2026-02-19,Chat,Account Access,Los Angeles,13.95,3,No,Neutral
CALL-13738,AGT-101,2026-04-25,Chat,Product Inquiry,Dallas,16.83,4,Yes,Very Positive
CALL-13739,AGT-139,2026-04-27,Phone,Product Inquiry,Dallas,10.25,2,No,Neutral
CALL-13740,AGT-125,2026-04-24,Phone,Account Access,New York,8.04,3,Yes,Positive
CALL-13741,AGT-111,2026-02-05,Phone,Product Inquiry,Los Angeles,4.15,5,No,Negative
CALL-13742,AGT-113,2026-03-31,Phone,Cancellation,Los Angeles,1.8,2,Yes,Neutral
CALL-13743,AGT-110,2026-01-10,Chat,Cancellation,Dallas,5.52,4,Yes,Neutral
CALL-13744,AGT-131,2026-05-19,Chat,Account Access,Los Angeles,5.23,4,Yes,Positive
CALL-13745,AGT-116,2026-01-03,Chat,Product Inquiry,New York,1.4,4,No,Positive
CALL-13746,AGT-108,2026-01-12,Email,Technical Support,New York,23.02,2,No,Negative
CALL-13747,AGT-128,2026-03-30,Email,Product Inquiry,New York,5.12,4,No,Neutral
CALL-13748,AGT-131,2026-03-31,Chat,Account Access,Dallas,3.72,3,Yes,Very Positive
CALL-13749,AGT-121,2026-01-28,Chat,Account Access,Dallas,5.63,5,No,Neutral
CALL-13750,AGT-101,2026-05-24,Phone,Technical Support,Los Angeles,6.52,4,No,Neutral
CALL-13751,AGT-116,2026-02-22,Phone,Cancellation,Los Angeles,7.52,2,Yes,Negative
CALL-13752,AGT-105,2026-05-20,Chat,Product Inquiry,New York,2.04,4,Yes,Positive
CALL-13753,AGT-118,2026-01-08,Chat,Billing Issue,Los Angeles,2.2,5,Yes,Neutral
CALL-13754,AGT-121,2026-06-03,Phone,Technical Support,Chicago,4.140000000000001,4,Yes,Neutral
CALL-13755,AGT-116,2026-03-26,Phone,Cancellation,Dallas,5.15,1,Yes,Very Positive
CALL-13756,AGT-101,2026-01-07,Chat,Product Inquiry,Los Angeles,2.19,5,Yes,Positive
CALL-13757,AGT-109,2026-02-10,Phone,Technical Support,Dallas,2.2,1,Yes,Very Positive
CALL-13758,AGT-128,2026-05-12,Chat,Technical Support,Dallas,11.23,1,Yes,Positive
CALL-13759,AGT-111,2026-04-27,Email,Technical Support,Los Angeles,1.01,5,No,Very Positive
CALL-13760,AGT-131,2026-02-18,Phone,Billing Issue,Los Angeles,7.03,4,No,Neutral
CALL-13761,AGT-104,2026-04-20,Phone,Account Access,Dallas,3.69,4,Yes,Negative
CALL-13762,AGT-133,2026-02-20,Phone,Account Access,Dallas,3.91,4,No,Very Negative
CALL-13763,AGT-113,2026-01-07,Chat,Account Access,Los Angeles,13.71,2,Yes,Very Negative
CALL-13764,AGT-129,2026-01-05,Email,Account Access,New York,6.63,4,No,Neutral
CALL-13765,AGT-137,2026-03-29,Phone,Account Access,New York,6.26,5,Yes,Neutral
CALL-13766,AGT-124,2026-04-29,Phone,Technical Support,Dallas,23.23,4,No,Negative
CALL-13767,AGT-130,2026-01-19,Phone,Billing Issue,Chicago,3.9,3,Yes,Positive
CALL-13768,AGT-127,2026-04-21,Phone,Technical Support,Dallas,1.87,5,Yes,Negative
CALL-13769,AGT-121,2026-06-11,Chat,Product Inquiry,Los Angeles,1.69,4,Yes,Negative
CALL-13770,AGT-110,2026-03-16,Email,Account Access,Dallas,4.0,3,Yes,Very Positive
CALL-13771,AGT-103,2026-06-11,Chat,Product Inquiry,Los Angeles,8.059999999999999,5,Yes,Very Positive
CALL-13772,AGT-105,2026-05-12,Phone,Cancellation,Chicago,1.73,2,No,Positive
CALL-13773,AGT-125,2026-01-20,Chat,Billing Issue,Chicago,7.69,4,Yes,Positive
CALL-13774,AGT-133,2026-01-26,Phone,Billing Issue,Los Angeles,2.49,3,Yes,Negative
CALL-13775,AGT-121,2026-01-06,Chat,Technical Support,Los Angeles,5.78,4,Yes,Neutral
CALL-13776,AGT-128,2026-06-12,Phone,Cancellation,Dallas,6.17,3,Yes,Positive
CALL-13777,AGT-107,2026-01-21,Phone,Product Inquiry,Los Angeles,6.57,3,Yes,Negative
CALL-13778,AGT-122,2026-03-16,Email,Billing Issue,Los Angeles,4.33,4,No,Negative
CALL-13779,AGT-139,2026-01-18,Phone,Technical Support,Los Angeles,16.57,4,No,Positive
CALL-13780,AGT-116,2026-06-25,Email,Cancellation,New York,11.09,4,Yes,Very Positive
CALL-13781,AGT-130,2026-06-13,Phone,Technical Support,Chicago,1.78,2,Yes,Negative
CALL-13782,AGT-112,2026-02-20,Email,Technical Support,New York,6.52,2,Yes,Negative
CALL-13783,AGT-124,2026-02-10,Phone,Technical Support,New York,3.03,3,Yes,Neutral
CALL-13784,AGT-125,2026-06-01,Phone,Account Access,Chicago,6.38,4,Yes,Very Positive
CALL-13785,AGT-130,2026-03-16,Email,Cancellation,New York,9.25,5,Yes,Neutral
CALL-13786,AGT-111,2026-04-12,Email,Technical Support,New York,1.5699999999999998,5,Yes,Positive
CALL-13787,AGT-109,2026-03-10,Phone,Account Access,Dallas,3.58,5,Yes,Positive
CALL-13788,AGT-115,2026-05-28,Email,Billing Issue,New York,14.06,1,Yes,Neutral
CALL-13789,AGT-139,2026-05-13,Email,Billing Issue,Chicago,6.43,1,Yes,Negative
CALL-13790,AGT-120,2026-04-08,Phone,Cancellation,Chicago,10.06,4,Yes,Positive
CALL-13791,AGT-106,2026-01-20,Chat,Cancellation,Chicago,8.16,4,Yes,Very Positive
CALL-13792,AGT-114,2026-05-11,Email,Billing Issue,Chicago,4.8,1,Yes,Positive
CALL-13793,AGT-124,2026-01-27,Phone,Cancellation,Chicago,1.02,4,Yes,Neutral
CALL-13794,AGT-113,2026-02-22,Phone,Technical Support,Chicago,4.96,4,Yes,Negative
CALL-13795,AGT-131,2026-04-12,Chat,Account Access,Dallas,10.04,2,Yes,Very Positive
CALL-13796,AGT-108,2026-02-11,Phone,Cancellation,New York,6.61,4,Yes,Positive
CALL-13797,AGT-118,2026-01-17,Chat,Technical Support,Los Angeles,5.47,4,Yes,Negative
CALL-13798,AGT-135,2026-06-23,Phone,Billing Issue,Los Angeles,8.92,4,Yes,Very Negative
CALL-13799,AGT-126,2026-04-14,Chat,Billing Issue,Los Angeles,9.82,4,Yes,Positive
CALL-13800,AGT-103,2026-02-08,Email,Billing Issue,Chicago,1.72,5,Yes,Positive
CALL-13801,AGT-123,2026-02-12,Phone,Cancellation,New York,4.13,3,Yes,Negative
CALL-13802,AGT-118,2026-05-16,Phone,Product Inquiry,Chicago,1.12,3,Yes,Positive
CALL-13803,AGT-132,2026-02-15,Phone,Billing Issue,Chicago,19.19,3,Yes,Positive
CALL-13804,AGT-135,2026-02-24,Phone,Billing Issue,New York,13.98,5,Yes,Positive
CALL-13805,AGT-127,2026-01-04,Email,Cancellation,Chicago,4.3100000000000005,5,No,Positive
CALL-13806,AGT-129,2026-06-17,Chat,Billing Issue,New York,26.44,2,Yes,Positive
CALL-13807,AGT-138,2026-02-03,Phone,Product Inquiry,Chicago,3.52,4,Yes,Positive
CALL-13808,AGT-136,2026-05-03,Chat,Billing Issue,Chicago,1.72,4,Yes,Positive
CALL-13809,AGT-129,2026-06-04,Chat,Account Access,New York,10.67,3,Yes,Neutral
CALL-13810,AGT-132,2026-04-23,Chat,Product Inquiry,Chicago,5.52,2,No,Positive
CALL-13811,AGT-132,2026-02-24,Email,Product Inquiry,New York,3.98,4,Yes,Neutral
CALL-13812,AGT-127,2026-05-06,Chat,Technical Support,Los Angeles,7.8,5,Yes,Negative
CALL-13813,AGT-131,2026-05-19,Phone,Account Access,Chicago,7.04,4,Yes,Negative
CALL-13814,AGT-109,2026-06-02,Chat,Product Inquiry,New York,10.55,2,Yes,Positive
CALL-13815,AGT-123,2026-06-23,Phone,Account Access,Dallas,2.7800000000000002,4,Yes,Neutral
CALL-13816,AGT-117,2026-02-16,Email,Product Inquiry,Los Angeles,20.71,5,Yes,Very Positive
CALL-13817,AGT-113,2026-06-05,Phone,Technical Support,Chicago,8.129999999999999,3,Yes,Very Positive
CALL-13818,AGT-117,2026-06-13,Phone,Technical Support,New York,1.56,5,Yes,Very Positive
CALL-13819,AGT-119,2026-03-03,Phone,Account Access,Dallas,5.05,4,Yes,Neutral
CALL-13820,AGT-129,2026-04-29,Phone,Product Inquiry,Los Angeles,18.01,4,Yes,Neutral
CALL-13821,AGT-137,2026-05-25,Email,Cancellation,Los Angeles,13.0,3,No,Positive
CALL-13822,AGT-107,2026-06-06,Phone,Billing Issue,Dallas,2.81,4,Yes,Positive
CALL-13823,AGT-106,2026-04-20,Phone,Product Inquiry,Los Angeles,7.44,2,Yes,Positive
CALL-13824,AGT-101,2026-04-27,Chat,Product Inquiry,Dallas,1.8599999999999999,3,No,Neutral
CALL-13825,AGT-113,2026-05-07,Email,Account Access,Dallas,6.97,4,Yes,Neutral
CALL-13826,AGT-109,2026-03-22,Phone,Account Access,Los Angeles,3.35,4,No,Very Negative
CALL-13827,AGT-118,2026-05-09,Phone,Technical Support,Chicago,19.2,4,Yes,Very Positive
CALL-13828,AGT-107,2026-02-01,Phone,Account Access,Los Angeles,10.48,4,Yes,Negative
CALL-13829,AGT-117,2026-04-09,Phone,Account Access,Los Angeles,8.26,2,Yes,Negative
CALL-13830,AGT-116,2026-03-11,Phone,Account Access,Chicago,1.22,4,Yes,Neutral
CALL-13831,AGT-124,2026-01-05,Chat,Account Access,Dallas,10.46,4,No,Positive
CALL-13832,AGT-111,2026-03-31,Email,Account Access,New York,9.46,5,Yes,Neutral
CALL-13833,AGT-130,2026-03-11,Chat,Product Inquiry,Los Angeles,1.41,5,Yes,Very Positive
CALL-13834,AGT-135,2026-04-22,Email,Account Access,Chicago,2.0,3,No,Positive
CALL-13835,AGT-126,2026-01-18,Chat,Product Inquiry,New York,4.33,3,Yes,Very Negative
CALL-13836,AGT-134,2026-05-24,Phone,Cancellation,Los Angeles,9.93,4,No,Positive
CALL-13837,AGT-130,2026-03-15,Email,Product Inquiry,Chicago,9.16,5,Yes,Negative
CALL-13838,AGT-124,2026-02-25,Chat,Account Access,Los Angeles,2.1,2,Yes,Positive
CALL-13839,AGT-102,2026-06-01,Phone,Cancellation,Chicago,14.46,2,Yes,Neutral
CALL-13840,AGT-111,2026-02-27,Phone,Cancellation,New York,3.06,4,Yes,Neutral
CALL-13841,AGT-105,2026-05-12,Phone,Account Access,Dallas,12.01,5,Yes,Negative
CALL-13842,AGT-136,2026-01-21,Email,Product Inquiry,New York,3.39,5,Yes,Very Negative
CALL-13843,AGT-115,2026-06-01,Phone,Product Inquiry,Dallas,2.3200000000000003,4,Yes,Very Positive
CALL-13844,AGT-134,2026-05-15,Email,Cancellation,Dallas,13.23,5,No,Neutral
CALL-13845,AGT-116,2026-05-12,Email,Product Inquiry,New York,1.33,4,Yes,Positive
CALL-13846,AGT-118,2026-03-05,Email,Account Access,New York,2.73,2,Yes,Positive
CALL-13847,AGT-135,2026-06-20,Email,Technical Support,Dallas,7.14,3,Yes,Positive
CALL-13848,AGT-136,2026-06-27,Phone,Cancellation,Dallas,6.37,5,Yes,Very Positive
CALL-13849,AGT-125,2026-02-18,Phone,Cancellation,New York,1.5699999999999998,4,Yes,Negative
CALL-13850,AGT-104,2026-04-08,Phone,Cancellation,Dallas,7.49,5,Yes,Negative
CALL-13851,AGT-113,2026-03-03,Email,Product Inquiry,Los Angeles,16.64,4,No,Neutral
CALL-13852,AGT-129,2026-05-15,Phone,Billing Issue,Los Angeles,2.24,4,No,Positive
CALL-13853,AGT-130,2026-05-08,Chat,Billing Issue,New York,12.22,1,Yes,Neutral
CALL-13854,AGT-110,2026-03-28,Phone,Billing Issue,Chicago,1.1400000000000001,4,Yes,Positive
CALL-13855,AGT-118,2026-01-17,Email,Account Access,New York,1.3900000000000001,2,Yes,Positive
CALL-13856,AGT-139,2026-05-29,Phone,Product Inquiry,Dallas,5.91,4,Yes,Positive
CALL-13857,AGT-139,2026-03-12,Chat,Product Inquiry,Dallas,27.37,4,No,Very Positive
CALL-13858,AGT-106,2026-01-27,Chat,Billing Issue,New York,8.36,4,No,Neutral
CALL-13859,AGT-123,2026-06-06,Phone,Billing Issue,Los Angeles,1.97,4,Yes,Positive
CALL-13860,AGT-110,2026-06-11,Phone,Cancellation,Chicago,2.73,5,Yes,Positive
CALL-13861,AGT-132,2026-06-08,Email,Product Inquiry,Los Angeles,26.56,3,No,Positive
CALL-13862,AGT-108,2026-03-28,Phone,Technical Support,Dallas,3.47,4,Yes,Neutral
CALL-13863,AGT-137,2026-05-04,Phone,Cancellation,New York,4.05,3,Yes,Very Negative
CALL-13864,AGT-138,2026-05-23,Phone,Billing Issue,Chicago,12.52,2,Yes,Positive
CALL-13865,AGT-121,2026-05-20,Phone,Billing Issue,Los Angeles,6.18,4,Yes,Very Negative
CALL-13866,AGT-102,2026-06-19,Phone,Billing Issue,Dallas,8.77,3,Yes,Very Negative
CALL-13867,AGT-114,2026-04-10,Chat,Product Inquiry,Dallas,10.78,4,Yes,Positive
CALL-13868,AGT-134,2026-06-11,Chat,Product Inquiry,New York,3.92,3,Yes,Positive
CALL-13869,AGT-124,2026-05-10,Chat,Account Access,Los Angeles,4.95,5,Yes,Very Negative
CALL-13870,AGT-119,2026-05-02,Phone,Billing Issue,Chicago,5.6,3,Yes,Neutral
CALL-13871,AGT-101,2026-02-15,Chat,Technical Support,Los Angeles,15.62,4,Yes,Positive
CALL-13872,AGT-138,2026-02-16,Phone,Billing Issue,Chicago,2.13,3,Yes,Very Positive
CALL-13873,AGT-114,2026-05-20,Chat,Product Inquiry,Chicago,9.88,4,Yes,Positive
CALL-13874,AGT-110,2026-02-21,Chat,Billing Issue,Dallas,2.29,4,Yes,Very Negative
CALL-13875,AGT-117,2026-05-22,Phone,Technical Support,Dallas,15.59,5,No,Neutral
CALL-13876,AGT-118,2026-06-29,Email,Product Inquiry,Los Angeles,14.65,5,Yes,Very Positive
CALL-13877,AGT-111,2026-04-26,Chat,Billing Issue,Dallas,1.05,2,No,Very Positive
CALL-13878,AGT-118,2026-05-03,Chat,Product Inquiry,New York,3.22,3,Yes,Very Negative
CALL-13879,AGT-104,2026-05-15,Phone,Product Inquiry,Chicago,11.61,5,Yes,Negative
CALL-13880,AGT-103,2026-04-20,Phone,Account Access,Chicago,6.67,5,Yes,Neutral
CALL-13881,AGT-101,2026-05-29,Phone,Account Access,New York,2.44,1,No,Negative
CALL-13882,AGT-103,2026-05-04,Chat,Technical Support,New York,3.18,4,Yes,Very Positive
CALL-13883,AGT-109,2026-03-01,Phone,Cancellation,Los Angeles,8.23,4,Yes,Neutral
CALL-13884,AGT-103,2026-06-04,Chat,Technical Support,Dallas,2.1100000000000003,1,Yes,Very Negative
CALL-13885,AGT-108,2026-04-16,Email,Account Access,New York,21.59,3,Yes,Negative
CALL-13886,AGT-118,2026-04-28,Phone,Cancellation,New York,5.28,4,Yes,Positive
CALL-13887,AGT-120,2026-02-10,Phone,Technical Support,Dallas,23.49,4,Yes,Neutral
CALL-13888,AGT-127,2026-02-15,Phone,Product Inquiry,New York,2.2,4,Yes,Positive
CALL-13889,AGT-106,2026-02-27,Chat,Technical Support,New York,6.13,5,Yes,Neutral
CALL-13890,AGT-106,2026-04-14,Email,Product Inquiry,New York,10.86,3,Yes,Positive
CALL-13891,AGT-135,2026-04-19,Phone,Cancellation,New York,1.22,4,No,Very Positive
CALL-13892,AGT-107,2026-05-09,Phone,Billing Issue,Chicago,8.309999999999999,4,Yes,Positive
CALL-13893,AGT-125,2026-01-12,Phone,Cancellation,New York,11.5,3,Yes,Neutral
CALL-13894,AGT-123,2026-03-31,Email,Account Access,New York,3.04,4,No,Very Positive
CALL-13895,AGT-114,2026-02-21,Phone,Technical Support,Los Angeles,9.23,5,Yes,Neutral
CALL-13896,AGT-102,2026-03-01,Chat,Billing Issue,Los Angeles,7.78,3,Yes,Very Negative
CALL-13897,AGT-129,2026-06-15,Phone,Technical Support,Los Angeles,2.04,4,Yes,Neutral
CALL-13898,AGT-124,2026-01-16,Phone,Technical Support,New York,11.7,3,Yes,Very Negative
CALL-13899,AGT-104,2026-05-27,Chat,Technical Support,Chicago,16.64,4,No,Very Positive
CALL-13900,AGT-103,2026-05-23,Chat,Technical Support,Los Angeles,19.33,5,No,Very Negative
CALL-13901,AGT-112,2026-05-25,Phone,Cancellation,Los Angeles,5.44,4,No,Very Positive
CALL-13902,AGT-124,2026-05-05,Email,Cancellation,New York,6.65,5,Yes,Very Positive
CALL-13903,AGT-104,2026-01-25,Chat,Product Inquiry,Dallas,18.41,4,No,Neutral
CALL-13904,AGT-139,2026-04-13,Chat,Account Access,Dallas,2.13,5,Yes,Positive
CALL-13905,AGT-123,2026-05-03,Phone,Technical Support,Dallas,9.14,5,Yes,Positive
CALL-13906,AGT-117,2026-03-19,Phone,Cancellation,Dallas,11.37,4,Yes,Very Negative
CALL-13907,AGT-120,2026-01-13,Email,Billing Issue,Chicago,2.06,2,Yes,Very Negative
CALL-13908,AGT-122,2026-05-08,Chat,Technical Support,Los Angeles,10.76,2,Yes,Negative
CALL-13909,AGT-122,2026-02-10,Chat,Technical Support,Chicago,3.26,3,Yes,Positive
CALL-13910,AGT-130,2026-03-01,Email,Account Access,New York,1.6099999999999999,5,No,Neutral
CALL-13911,AGT-126,2026-03-30,Phone,Product Inquiry,Chicago,16.7,4,Yes,Negative
CALL-13912,AGT-132,2026-06-21,Phone,Cancellation,Dallas,7.6,5,Yes,Very Positive
CALL-13913,AGT-111,2026-06-11,Email,Technical Support,Los Angeles,10.41,5,No,Negative
CALL-13914,AGT-130,2026-04-17,Chat,Cancellation,Los Angeles,3.07,5,Yes,Very Positive
CALL-13915,AGT-133,2026-06-16,Email,Cancellation,Dallas,2.45,5,No,Very Positive
CALL-13916,AGT-123,2026-05-21,Phone,Billing Issue,Los Angeles,2.55,4,Yes,Positive
CALL-13917,AGT-134,2026-06-20,Phone,Technical Support,Dallas,10.32,4,Yes,Positive
CALL-13918,AGT-138,2026-03-22,Email,Product Inquiry,Dallas,8.05,2,Yes,Neutral
CALL-13919,AGT-128,2026-05-26,Phone,Account Access,Chicago,13.42,3,Yes,Very Negative
CALL-13920,AGT-119,2026-05-05,Phone,Account Access,New York,11.98,4,Yes,Neutral
CALL-13921,AGT-101,2026-06-18,Phone,Product Inquiry,New York,4.6,4,Yes,Neutral
CALL-13922,AGT-117,2026-06-14,Phone,Cancellation,Los Angeles,3.55,3,Yes,Very Negative
CALL-13923,AGT-108,2026-04-13,Chat,Technical Support,Chicago,2.37,4,Yes,Negative
CALL-13924,AGT-107,2026-02-04,Phone,Technical Support,Los Angeles,3.99,3,Yes,Neutral
CALL-13925,AGT-122,2026-05-01,Email,Product Inquiry,New York,2.29,5,Yes,Very Positive
CALL-13926,AGT-101,2026-05-11,Phone,Billing Issue,New York,26.97,3,No,Very Positive
CALL-13927,AGT-132,2026-01-13,Chat,Cancellation,Los Angeles,10.32,2,Yes,Negative
CALL-13928,AGT-137,2026-04-11,Phone,Account Access,Chicago,4.25,3,Yes,Very Positive
CALL-13929,AGT-125,2026-06-05,Phone,Product Inquiry,New York,1.62,5,Yes,Very Negative
CALL-13930,AGT-138,2026-02-14,Phone,Billing Issue,New York,2.5700000000000003,4,Yes,Neutral
CALL-13931,AGT-113,2026-06-12,Phone,Technical Support,New York,1.65,3,Yes,Very Negative
CALL-13932,AGT-115,2026-06-04,Email,Account Access,Chicago,11.81,5,Yes,Positive
CALL-13933,AGT-133,2026-06-27,Phone,Cancellation,Dallas,1.98,4,Yes,Neutral
CALL-13934,AGT-139,2026-04-01,Phone,Account Access,Los Angeles,15.27,1,Yes,Positive
CALL-13935,AGT-104,2026-05-16,Phone,Product Inquiry,Dallas,2.17,3,Yes,Very Positive
CALL-13936,AGT-107,2026-02-13,Phone,Account Access,Chicago,3.47,3,Yes,Neutral
CALL-13937,AGT-129,2026-03-21,Chat,Product Inquiry,Dallas,3.1,4,Yes,Very Negative
CALL-13938,AGT-123,2026-05-15,Phone,Billing Issue,Chicago,6.14,3,Yes,Neutral
CALL-13939,AGT-112,2026-03-31,Email,Billing Issue,Dallas,2.63,5,Yes,Positive
CALL-13940,AGT-115,2026-06-14,Email,Technical Support,Chicago,1.15,2,No,Negative
CALL-13941,AGT-111,2026-03-29,Email,Billing Issue,Dallas,1.8399999999999999,3,No,Very Negative
CALL-13942,AGT-106,2026-02-05,Chat,Technical Support,Chicago,2.31,4,Yes,Positive
CALL-13943,AGT-134,2026-03-25,Chat,Product Inquiry,Los Angeles,2.96,3,Yes,Negative
CALL-13944,AGT-101,2026-06-10,Phone,Cancellation,Dallas,11.39,3,Yes,Very Negative
CALL-13945,AGT-103,2026-04-07,Phone,Product Inquiry,Dallas,1.01,5,Yes,Positive
CALL-13946,AGT-112,2026-04-20,Phone,Account Access,Dallas,11.22,5,Yes,Very Positive
CALL-13947,AGT-102,2026-03-19,Email,Cancellation,Los Angeles,4.529999999999999,5,Yes,Very Negative
CALL-13948,AGT-106,2026-01-19,Chat,Billing Issue,New York,11.04,5,Yes,Positive
CALL-13949,AGT-115,2026-01-01,Phone,Cancellation,Dallas,1.47,4,Yes,Negative
CALL-13950,AGT-130,2026-04-10,Phone,Cancellation,Dallas,8.36,4,Yes,Negative
CALL-13951,AGT-131,2026-02-17,Chat,Technical Support,Chicago,2.7199999999999998,2,Yes,Very Positive
CALL-13952,AGT-101,2026-05-13,Phone,Technical Support,Dallas,4.45,5,Yes,Positive
CALL-13953,AGT-103,2026-03-23,Phone,Billing Issue,Los Angeles,1.31,5,Yes,Very Positive
CALL-13954,AGT-114,2026-01-20,Chat,Account Access,New York,3.82,3,Yes,Neutral
CALL-13955,AGT-125,2026-03-18,Phone,Technical Support,Dallas,7.74,4,Yes,Very Positive
CALL-13956,AGT-104,2026-05-30,Chat,Billing Issue,Dallas,28.57,4,Yes,Very Positive
CALL-13957,AGT-119,2026-03-27,Phone,Cancellation,Los Angeles,3.61,4,Yes,Very Positive
CALL-13958,AGT-123,2026-04-24,Phone,Technical Support,Dallas,9.43,4,Yes,Positive
CALL-13959,AGT-139,2026-04-16,Phone,Billing Issue,Dallas,8.02,2,Yes,Very Positive
CALL-13960,AGT-117,2026-03-31,Phone,Cancellation,Los Angeles,1.76,3,Yes,Positive
CALL-13961,AGT-108,2026-04-01,Phone,Product Inquiry,Dallas,2.71,4,Yes,Very Negative
CALL-13962,AGT-112,2026-04-22,Chat,Cancellation,Los Angeles,7.8,3,Yes,Positive
CALL-13963,AGT-135,2026-02-13,Phone,Cancellation,New York,2.3600000000000003,4,No,Neutral
CALL-13964,AGT-129,2026-05-09,Email,Technical Support,Chicago,1.94,4,Yes,Negative
CALL-13965,AGT-105,2026-03-14,Chat,Billing Issue,Chicago,3.18,5,Yes,Very Positive
CALL-13966,AGT-118,2026-04-04,Phone,Technical Support,Dallas,4.07,4,Yes,Positive
CALL-13967,AGT-110,2026-01-28,Phone,Technical Support,Dallas,3.8,3,Yes,Very Positive
CALL-13968,AGT-119,2026-01-24,Chat,Cancellation,Chicago,9.4,1,Yes,Positive
CALL-13969,AGT-108,2026-04-19,Chat,Technical Support,New York,13.98,5,Yes,Neutral
CALL-13970,AGT-102,2026-03-28,Email,Technical Support,Los Angeles,4.76,5,Yes,Negative
CALL-13971,AGT-106,2026-05-02,Chat,Cancellation,Los Angeles,4.46,5,Yes,Positive
CALL-13972,AGT-127,2026-04-17,Chat,Cancellation,Los Angeles,2.2800000000000002,4,Yes,Very Negative
CALL-13973,AGT-112,2026-04-29,Email,Cancellation,Dallas,13.3,4,Yes,Positive
CALL-13974,AGT-131,2026-03-07,Phone,Account Access,Los Angeles,6.34,3,Yes,Negative
CALL-13975,AGT-106,2026-03-20,Email,Technical Support,New York,1.22,3,Yes,Neutral
CALL-13976,AGT-110,2026-03-01,Email,Technical Support,Los Angeles,9.19,3,Yes,Neutral
CALL-13977,AGT-104,2026-06-18,Chat,Cancellation,Dallas,6.87,1,Yes,Negative
CALL-13978,AGT-113,2026-03-05,Phone,Technical Support,New York,1.06,4,No,Neutral
CALL-13979,AGT-113,2026-02-26,Email,Product Inquiry,Dallas,20.43,4,Yes,Neutral
CALL-13980,AGT-134,2026-06-04,Phone,Technical Support,Los Angeles,9.84,1,Yes,Neutral
CALL-13981,AGT-101,2026-05-05,Phone,Cancellation,New York,2.94,3,Yes,Positive
CALL-13982,AGT-104,2026-03-22,Phone,Billing Issue,New York,13.38,5,Yes,Positive
CALL-13983,AGT-128,2026-03-14,Chat,Product Inquiry,Los Angeles,8.86,4,No,Neutral
CALL-13984,AGT-128,2026-01-24,Chat,Cancellation,Dallas,27.13,2,Yes,Neutral
CALL-13985,AGT-128,2026-06-25,Phone,Product Inquiry,Chicago,2.84,2,Yes,Positive
CALL-13986,AGT-107,2026-02-16,Phone,Technical Support,Chicago,1.96,4,Yes,Neutral
CALL-13987,AGT-138,2026-06-21,Chat,Cancellation,New York,6.16,3,Yes,Positive
CALL-13988,AGT-122,2026-02-05,Phone,Account Access,Los Angeles,11.53,5,Yes,Very Positive
CALL-13989,AGT-123,2026-05-05,Chat,Account Access,New York,2.51,5,Yes,Positive
CALL-13990,AGT-107,2026-01-10,Phone,Cancellation,Chicago,1.04,2,Yes,Very Positive
CALL-13991,AGT-119,2026-04-08,Chat,Product Inquiry,Dallas,7.21,5,Yes,Positive
CALL-13992,AGT-120,2026-03-03,Phone,Technical Support,Dallas,15.98,4,Yes,Very Negative
CALL-13993,AGT-107,2026-05-07,Chat,Account Access,Dallas,1.51,1,Yes,Very Positive
CALL-13994,AGT-135,2026-03-09,Phone,Cancellation,Los Angeles,7.51,1,No,Very Negative
CALL-13995,AGT-102,2026-02-03,Email,Technical Support,Dallas,3.39,3,Yes,Very Negative
CALL-13996,AGT-115,2026-05-22,Phone,Billing Issue,Dallas,8.79,2,Yes,Very Positive
CALL-13997,AGT-106,2026-06-02,Email,Cancellation,Los Angeles,1.17,4,Yes,Negative
CALL-13998,AGT-119,2026-02-24,Phone,Billing Issue,Dallas,15.36,5,Yes,Very Negative
CALL-13999,AGT-139,2026-06-19,Phone,Cancellation,Los Angeles,4.08,4,Yes,Negative
CALL-14000,AGT-126,2026-05-25,Phone,Account Access,Los Angeles,1.5,4,No,Very Positive
CALL-14001,AGT-119,2026-03-02,Chat,Product Inquiry,Los Angeles,4.29,5,No,Neutral
CALL-14002,AGT-123,2026-06-26,Email,Account Access,Dallas,8.91,3,Yes,Negative
CALL-14003,AGT-114,2026-02-27,Phone,Billing Issue,Dallas,1.08,5,Yes,Negative
CALL-14004,AGT-134,2026-02-07,Phone,Account Access,New York,2.75,3,Yes,Negative
CALL-14005,AGT-117,2026-02-10,Phone,Product Inquiry,Dallas,1.5899999999999999,1,Yes,Neutral
CALL-14006,AGT-135,2026-03-02,Chat,Account Access,Chicago,1.85,1,Yes,Positive
CALL-14007,AGT-130,2026-01-03,Phone,Account Access,Chicago,3.5,5,No,Very Positive
CALL-14008,AGT-126,2026-03-10,Phone,Cancellation,Chicago,2.41,4,Yes,Negative
CALL-14009,AGT-116,2026-04-07,Email,Technical Support,Chicago,19.73,4,Yes,Positive
CALL-14010,AGT-138,2026-01-01,Chat,Product Inquiry,Los Angeles,1.26,3,No,Neutral
CALL-14011,AGT-102,2026-02-16,Phone,Technical Support,New York,6.98,4,Yes,Negative
CALL-14012,AGT-136,2026-05-29,Phone,Technical Support,Los Angeles,20.04,3,Yes,Very Positive
CALL-14013,AGT-137,2026-05-15,Chat,Cancellation,Chicago,5.77,3,No,Positive
CALL-14014,AGT-129,2026-04-21,Chat,Cancellation,Dallas,5.55,5,No,Positive
CALL-14015,AGT-109,2026-01-02,Phone,Technical Support,Los Angeles,5.19,3,Yes,Negative
CALL-14016,AGT-110,2026-06-02,Email,Technical Support,Los Angeles,6.45,4,Yes,Neutral
CALL-14017,AGT-117,2026-03-20,Email,Account Access,Los Angeles,1.77,4,Yes,Neutral
CALL-14018,AGT-119,2026-06-20,Email,Technical Support,Los Angeles,4.52,3,Yes,Neutral
CALL-14019,AGT-129,2026-03-05,Chat,Billing Issue,Los Angeles,20.81,5,Yes,Neutral
CALL-14020,AGT-118,2026-03-05,Phone,Account Access,Chicago,1.29,1,No,Very Positive
CALL-14021,AGT-116,2026-03-29,Email,Product Inquiry,Dallas,21.49,3,No,Neutral
CALL-14022,AGT-126,2026-06-02,Chat,Cancellation,Dallas,1.07,1,No,Positive
CALL-14023,AGT-111,2026-05-31,Chat,Billing Issue,Dallas,2.06,5,Yes,Very Positive
CALL-14024,AGT-119,2026-04-04,Phone,Account Access,Chicago,1.6099999999999999,3,Yes,Very Positive
CALL-14025,AGT-131,2026-02-14,Chat,Product Inquiry,Chicago,9.34,4,Yes,Negative
CALL-14026,AGT-110,2026-02-01,Phone,Billing Issue,Chicago,10.81,5,Yes,Negative
CALL-14027,AGT-130,2026-01-25,Email,Account Access,Chicago,11.98,2,Yes,Neutral
CALL-14028,AGT-116,2026-05-07,Phone,Account Access,Dallas,12.88,4,Yes,Negative
CALL-14029,AGT-135,2026-01-07,Chat,Technical Support,New York,1.41,2,No,Positive
CALL-14030,AGT-109,2026-05-16,Phone,Product Inquiry,Los Angeles,4.92,3,Yes,Very Negative
CALL-14031,AGT-127,2026-04-14,Email,Cancellation,Los Angeles,2.1799999999999997,3,Yes,Neutral
CALL-14032,AGT-103,2026-05-02,Email,Cancellation,Chicago,16.009999999999998,5,No,Negative
CALL-14033,AGT-127,2026-01-22,Phone,Account Access,Dallas,12.04,1,Yes,Positive
CALL-14034,AGT-118,2026-01-10,Phone,Cancellation,Los Angeles,9.39,4,No,Positive
CALL-14035,AGT-105,2026-06-03,Chat,Product Inquiry,Chicago,12.57,4,Yes,Very Positive
CALL-14036,AGT-122,2026-02-26,Phone,Cancellation,Los Angeles,4.21,4,No,Neutral
CALL-14037,AGT-119,2026-04-25,Phone,Cancellation,New York,4.04,4,Yes,Neutral
CALL-14038,AGT-115,2026-03-17,Phone,Billing Issue,Chicago,2.3899999999999997,3,Yes,Positive
CALL-14039,AGT-125,2026-05-29,Phone,Product Inquiry,Dallas,2.41,5,Yes,Positive
CALL-14040,AGT-115,2026-06-04,Chat,Account Access,Dallas,5.23,3,No,Very Positive
CALL-14041,AGT-113,2026-01-21,Phone,Technical Support,New York,2.4699999999999998,2,Yes,Very Negative
CALL-14042,AGT-104,2026-01-23,Phone,Billing Issue,Dallas,3.62,5,Yes,Negative
CALL-14043,AGT-117,2026-02-20,Phone,Billing Issue,Chicago,14.25,5,Yes,Very Negative
CALL-14044,AGT-130,2026-06-24,Phone,Product Inquiry,Los Angeles,4.63,2,No,Very Positive
CALL-14045,AGT-129,2026-02-14,Chat,Account Access,Dallas,20.67,5,No,Very Negative
CALL-14046,AGT-112,2026-04-27,Phone,Technical Support,Dallas,4.12,2,Yes,Very Negative
CALL-14047,AGT-129,2026-06-26,Phone,Account Access,Chicago,23.71,3,Yes,Positive
CALL-14048,AGT-134,2026-06-08,Phone,Cancellation,Dallas,13.01,4,Yes,Neutral
CALL-14049,AGT-118,2026-06-01,Chat,Product Inquiry,Los Angeles,2.65,3,Yes,Neutral
CALL-14050,AGT-106,2026-04-01,Chat,Billing Issue,Los Angeles,2.84,5,Yes,Negative
CALL-14051,AGT-107,2026-02-06,Chat,Cancellation,New York,24.76,5,No,Negative
CALL-14052,AGT-133,2026-02-03,Phone,Account Access,Chicago,1.38,4,Yes,Neutral
CALL-14053,AGT-113,2026-04-12,Chat,Billing Issue,Chicago,9.5,4,Yes,Very Negative
CALL-14054,AGT-137,2026-01-31,Phone,Billing Issue,Dallas,3.07,4,Yes,Very Positive
CALL-14055,AGT-127,2026-06-20,Email,Product Inquiry,Dallas,3.97,4,Yes,Neutral
CALL-14056,AGT-126,2026-02-07,Email,Billing Issue,Dallas,15.38,4,Yes,Positive
CALL-14057,AGT-108,2026-01-16,Phone,Billing Issue,Los Angeles,10.76,4,Yes,Positive
CALL-14058,AGT-115,2026-04-03,Phone,Billing Issue,New York,5.25,3,Yes,Very Positive
CALL-14059,AGT-113,2026-04-26,Chat,Billing Issue,Dallas,1.01,5,Yes,Very Positive
CALL-14060,AGT-101,2026-04-23,Phone,Product Inquiry,Los Angeles,27.27,1,Yes,Negative
CALL-14061,AGT-107,2026-06-14,Phone,Billing Issue,Los Angeles,17.37,3,No,Neutral
CALL-14062,AGT-101,2026-01-03,Phone,Product Inquiry,New York,2.9699999999999998,4,Yes,Very Positive
CALL-14063,AGT-137,2026-04-06,Phone,Technical Support,Chicago,3.41,5,Yes,Positive
CALL-14064,AGT-125,2026-05-03,Phone,Product Inquiry,Dallas,5.85,2,No,Negative
CALL-14065,AGT-130,2026-06-29,Phone,Billing Issue,New York,4.02,4,Yes,Neutral
CALL-14066,AGT-104,2026-02-28,Email,Technical Support,Los Angeles,7.72,2,Yes,Very Negative
CALL-14067,AGT-108,2026-05-08,Chat,Billing Issue,Chicago,7.65,4,Yes,Neutral
CALL-14068,AGT-107,2026-04-05,Email,Cancellation,Los Angeles,4.85,2,Yes,Positive
CALL-14069,AGT-114,2026-02-12,Phone,Product Inquiry,Los Angeles,2.15,4,Yes,Neutral
CALL-14070,AGT-102,2026-01-04,Chat,Billing Issue,Dallas,1.43,5,Yes,Negative
CALL-14071,AGT-114,2026-05-06,Chat,Technical Support,Los Angeles,19.75,1,Yes,Very Positive
CALL-14072,AGT-136,2026-04-29,Phone,Product Inquiry,Dallas,6.45,3,Yes,Neutral
CALL-14073,AGT-114,2026-01-24,Phone,Account Access,New York,11.86,3,Yes,Positive
CALL-14074,AGT-129,2026-05-03,Chat,Billing Issue,Dallas,1.31,5,Yes,Positive
CALL-14075,AGT-118,2026-03-01,Chat,Cancellation,Los Angeles,4.9399999999999995,5,Yes,Very Positive
CALL-14076,AGT-134,2026-02-05,Phone,Cancellation,New York,1.6400000000000001,4,No,Neutral
CALL-14077,AGT-123,2026-03-09,Email,Technical Support,Chicago,11.98,4,No,Negative
CALL-14078,AGT-123,2026-02-01,Phone,Account Access,Los Angeles,7.45,3,Yes,Neutral
CALL-14079,AGT-133,2026-03-20,Phone,Technical Support,New York,3.76,4,Yes,Very Positive
CALL-14080,AGT-118,2026-06-04,Phone,Account Access,New York,8.86,4,Yes,Neutral
CALL-14081,AGT-134,2026-04-03,Email,Cancellation,Chicago,4.92,5,Yes,Very Positive
CALL-14082,AGT-110,2026-01-28,Phone,Technical Support,Dallas,1.35,3,No,Very Negative
CALL-14083,AGT-130,2026-05-27,Phone,Billing Issue,Dallas,11.55,3,Yes,Neutral
CALL-14084,AGT-124,2026-04-25,Phone,Cancellation,New York,7.05,5,Yes,Very Negative
CALL-14085,AGT-107,2026-01-15,Email,Billing Issue,Los Angeles,13.34,2,Yes,Very Positive
CALL-14086,AGT-129,2026-01-28,Phone,Account Access,New York,13.99,1,Yes,Positive
CALL-14087,AGT-115,2026-04-21,Chat,Billing Issue,Los Angeles,5.18,5,Yes,Very Positive
CALL-14088,AGT-116,2026-01-09,Chat,Product Inquiry,New York,11.93,5,Yes,Positive
CALL-14089,AGT-108,2026-01-27,Email,Product Inquiry,Dallas,18.49,4,No,Neutral
CALL-14090,AGT-116,2026-05-21,Chat,Billing Issue,Los Angeles,7.59,4,Yes,Very Positive
CALL-14091,AGT-120,2026-01-03,Phone,Technical Support,Los Angeles,4.59,3,Yes,Positive
CALL-14092,AGT-127,2026-04-30,Phone,Cancellation,Los Angeles,13.19,2,Yes,Positive
CALL-14093,AGT-128,2026-01-06,Email,Technical Support,Chicago,1.22,3,Yes,Positive
CALL-14094,AGT-116,2026-06-24,Chat,Technical Support,Los Angeles,13.84,3,Yes,Neutral
CALL-14095,AGT-114,2026-02-13,Phone,Cancellation,New York,1.63,4,Yes,Very Negative
CALL-14096,AGT-133,2026-02-19,Phone,Account Access,New York,12.61,3,No,Very Positive
CALL-14097,AGT-136,2026-06-16,Chat,Account Access,Los Angeles,4.390000000000001,2,Yes,Very Positive
CALL-14098,AGT-131,2026-03-01,Phone,Account Access,Los Angeles,5.38,4,Yes,Positive
CALL-14099,AGT-135,2026-06-18,Phone,Technical Support,Los Angeles,2.9,5,Yes,Negative
CALL-14100,AGT-107,2026-06-08,Phone,Account Access,Los Angeles,5.88,5,Yes,Neutral
CALL-14101,AGT-133,2026-01-02,Phone,Account Access,Dallas,3.59,3,Yes,Positive
CALL-14102,AGT-120,2026-06-29,Phone,Product Inquiry,Los Angeles,4.95,5,Yes,Negative
CALL-14103,AGT-105,2026-02-07,Phone,Technical Support,Chicago,2.74,3,Yes,Negative
CALL-14104,AGT-124,2026-02-11,Chat,Account Access,Dallas,1.15,5,Yes,Negative
CALL-14105,AGT-125,2026-06-22,Email,Billing Issue,Chicago,14.11,2,Yes,Positive
CALL-14106,AGT-130,2026-02-17,Chat,Cancellation,Chicago,14.44,5,Yes,Very Positive
CALL-14107,AGT-117,2026-05-19,Phone,Cancellation,New York,2.7,4,Yes,Very Positive
CALL-14108,AGT-126,2026-01-04,Chat,Billing Issue,Los Angeles,4.529999999999999,4,No,Positive
CALL-14109,AGT-137,2026-01-01,Phone,Cancellation,Dallas,2.2,4,No,Neutral
CALL-14110,AGT-104,2026-02-08,Phone,Product Inquiry,Los Angeles,9.4,1,Yes,Neutral
CALL-14111,AGT-105,2026-05-20,Phone,Account Access,New York,1.71,4,Yes,Very Negative
CALL-14112,AGT-121,2026-03-02,Chat,Account Access,Chicago,6.47,4,No,Positive
CALL-14113,AGT-117,2026-04-21,Phone,Technical Support,Chicago,2.49,4,Yes,Very Positive
CALL-14114,AGT-105,2026-02-19,Phone,Account Access,Dallas,3.39,4,Yes,Positive
CALL-14115,AGT-121,2026-04-04,Phone,Billing Issue,New York,5.91,4,Yes,Very Positive
CALL-14116,AGT-118,2026-05-29,Phone,Cancellation,Chicago,16.689999999999998,2,Yes,Neutral
CALL-14117,AGT-125,2026-01-27,Phone,Technical Support,Los Angeles,3.9,5,No,Very Negative
CALL-14118,AGT-108,2026-04-06,Phone,Cancellation,Dallas,1.16,3,Yes,Positive
CALL-14119,AGT-139,2026-01-12,Phone,Technical Support,New York,7.33,4,Yes,Negative
CALL-14120,AGT-120,2026-02-05,Email,Billing Issue,New York,6.13,5,No,Very Negative
CALL-14121,AGT-124,2026-02-17,Email,Technical Support,Chicago,2.55,5,Yes,Positive
CALL-14122,AGT-118,2026-02-08,Chat,Cancellation,Dallas,16.53,2,Yes,Very Negative
CALL-14123,AGT-138,2026-02-20,Chat,Cancellation,Los Angeles,18.17,4,Yes,Neutral
CALL-14124,AGT-101,2026-03-17,Email,Account Access,New York,1.54,3,Yes,Positive
CALL-14125,AGT-106,2026-06-13,Email,Technical Support,New York,6.63,5,Yes,Very Positive
CALL-14126,AGT-138,2026-03-21,Phone,Account Access,Chicago,7.29,4,Yes,Negative
CALL-14127,AGT-123,2026-03-24,Phone,Billing Issue,Los Angeles,3.48,5,Yes,Very Positive
CALL-14128,AGT-111,2026-02-06,Chat,Technical Support,Chicago,14.25,4,Yes,Negative
CALL-14129,AGT-108,2026-05-29,Phone,Billing Issue,Los Angeles,9.81,3,Yes,Neutral
CALL-14130,AGT-101,2026-05-21,Chat,Billing Issue,Dallas,10.91,5,Yes,Positive
CALL-14131,AGT-129,2026-03-18,Phone,Technical Support,Los Angeles,5.95,4,Yes,Positive
CALL-14132,AGT-115,2026-05-07,Chat,Product Inquiry,New York,11.72,4,No,Positive
CALL-14133,AGT-108,2026-04-05,Chat,Technical Support,Los Angeles,1.9,5,Yes,Positive
CALL-14134,AGT-116,2026-05-06,Phone,Technical Support,Chicago,17.1,3,Yes,Positive
CALL-14135,AGT-109,2026-06-23,Phone,Cancellation,Dallas,11.62,4,Yes,Neutral
CALL-14136,AGT-124,2026-03-14,Phone,Account Access,Chicago,1.13,3,No,Very Positive
CALL-14137,AGT-106,2026-06-20,Phone,Technical Support,Los Angeles,9.56,2,Yes,Very Positive
CALL-14138,AGT-104,2026-02-13,Phone,Billing Issue,Dallas,1.41,5,No,Positive
CALL-14139,AGT-103,2026-05-23,Email,Billing Issue,Los Angeles,5.21,4,Yes,Neutral
CALL-14140,AGT-110,2026-01-30,Chat,Billing Issue,Chicago,2.95,5,Yes,Positive
CALL-14141,AGT-105,2026-04-21,Email,Cancellation,Dallas,4.95,5,Yes,Very Positive
CALL-14142,AGT-129,2026-05-12,Chat,Billing Issue,Los Angeles,8.07,2,Yes,Positive
CALL-14143,AGT-136,2026-01-27,Phone,Billing Issue,Chicago,1.6099999999999999,1,Yes,Positive
CALL-14144,AGT-123,2026-03-25,Phone,Account Access,Los Angeles,14.65,4,Yes,Very Positive
CALL-14145,AGT-122,2026-05-24,Chat,Product Inquiry,Los Angeles,1.11,3,Yes,Very Positive
CALL-14146,AGT-117,2026-01-16,Email,Product Inquiry,Chicago,6.15,4,Yes,Very Negative
CALL-14147,AGT-129,2026-04-09,Chat,Account Access,New York,2.51,2,Yes,Positive
CALL-14148,AGT-131,2026-05-13,Chat,Billing Issue,Dallas,13.64,1,Yes,Very Negative
CALL-14149,AGT-106,2026-05-19,Email,Cancellation,Los Angeles,4.57,2,Yes,Positive
CALL-14150,AGT-116,2026-05-20,Email,Cancellation,Chicago,24.03,2,Yes,Positive
CALL-14151,AGT-136,2026-06-26,Phone,Technical Support,Los Angeles,3.29,2,Yes,Positive
CALL-14152,AGT-104,2026-05-24,Phone,Product Inquiry,Los Angeles,6.72,5,Yes,Very Positive
CALL-14153,AGT-110,2026-05-02,Phone,Technical Support,Chicago,3.14,1,Yes,Very Positive
CALL-14154,AGT-104,2026-01-16,Email,Technical Support,Los Angeles,22.8,4,Yes,Negative
CALL-14155,AGT-102,2026-01-03,Phone,Account Access,New York,2.0300000000000002,3,Yes,Very Negative
CALL-14156,AGT-116,2026-06-07,Chat,Cancellation,Chicago,5.83,4,Yes,Very Negative
CALL-14157,AGT-116,2026-04-28,Phone,Cancellation,Chicago,3.76,5,Yes,Positive
CALL-14158,AGT-118,2026-03-22,Phone,Product Inquiry,Los Angeles,16.98,1,Yes,Very Positive
CALL-14159,AGT-129,2026-04-16,Phone,Product Inquiry,Dallas,3.56,4,Yes,Very Positive
CALL-14160,AGT-139,2026-02-27,Chat,Product Inquiry,Los Angeles,7.82,5,Yes,Very Positive
CALL-14161,AGT-124,2026-01-06,Chat,Product Inquiry,Los Angeles,8.6,3,Yes,Neutral
CALL-14162,AGT-118,2026-05-18,Chat,Cancellation,Los Angeles,5.08,3,No,Very Negative
CALL-14163,AGT-134,2026-06-12,Chat,Cancellation,Dallas,8.25,3,Yes,Positive
CALL-14164,AGT-101,2026-05-23,Phone,Product Inquiry,Los Angeles,2.6,4,Yes,Neutral
CALL-14165,AGT-127,2026-05-23,Phone,Billing Issue,Los Angeles,4.71,5,Yes,Neutral
CALL-14166,AGT-123,2026-06-12,Chat,Product Inquiry,New York,4.3,5,Yes,Very Negative
CALL-14167,AGT-118,2026-05-30,Phone,Product Inquiry,Los Angeles,2.69,2,Yes,Neutral
CALL-14168,AGT-112,2026-06-23,Phone,Technical Support,New York,1.6,3,No,Negative
CALL-14169,AGT-133,2026-06-19,Phone,Technical Support,Chicago,18.08,2,Yes,Positive
CALL-14170,AGT-135,2026-05-05,Phone,Cancellation,Dallas,7.45,2,Yes,Neutral
CALL-14171,AGT-107,2026-01-03,Chat,Technical Support,Chicago,2.04,4,Yes,Positive
CALL-14172,AGT-133,2026-01-24,Phone,Cancellation,Los Angeles,6.59,5,Yes,Negative
CALL-14173,AGT-122,2026-03-16,Phone,Cancellation,New York,2.76,4,Yes,Very Negative
CALL-14174,AGT-122,2026-06-17,Chat,Account Access,Chicago,19.68,3,Yes,Positive
CALL-14175,AGT-126,2026-06-18,Email,Billing Issue,Los Angeles,13.27,2,No,Neutral
CALL-14176,AGT-104,2026-04-15,Phone,Billing Issue,Los Angeles,12.66,4,Yes,Very Negative
CALL-14177,AGT-133,2026-02-10,Phone,Cancellation,Chicago,11.11,4,Yes,Very Positive
CALL-14178,AGT-102,2026-04-24,Email,Product Inquiry,New York,18.04,4,Yes,Very Negative
CALL-14179,AGT-122,2026-05-14,Phone,Product Inquiry,Dallas,1.8900000000000001,3,No,Positive
CALL-14180,AGT-110,2026-05-29,Phone,Product Inquiry,Dallas,1.83,5,Yes,Very Negative
CALL-14181,AGT-111,2026-04-28,Chat,Cancellation,Los Angeles,4.12,4,Yes,Positive
CALL-14182,AGT-114,2026-04-25,Chat,Technical Support,Los Angeles,8.52,3,Yes,Neutral
CALL-14183,AGT-139,2026-05-20,Email,Technical Support,New York,1.03,2,No,Very Positive
CALL-14184,AGT-111,2026-01-11,Email,Billing Issue,New York,11.58,4,Yes,Positive
CALL-14185,AGT-134,2026-04-10,Chat,Billing Issue,Los Angeles,5.57,5,Yes,Neutral
CALL-14186,AGT-131,2026-06-02,Chat,Product Inquiry,Los Angeles,1.44,4,Yes,Negative
CALL-14187,AGT-127,2026-06-28,Chat,Cancellation,Los Angeles,1.24,3,Yes,Positive
CALL-14188,AGT-116,2026-04-12,Email,Billing Issue,Chicago,43.76,4,Yes,Neutral
CALL-14189,AGT-104,2026-01-28,Chat,Account Access,Dallas,19.03,2,Yes,Neutral
CALL-14190,AGT-127,2026-03-08,Phone,Cancellation,New York,6.16,4,Yes,Neutral
CALL-14191,AGT-124,2026-02-21,Phone,Account Access,New York,3.36,2,Yes,Neutral
CALL-14192,AGT-107,2026-03-31,Chat,Product Inquiry,Chicago,7.86,2,Yes,Positive
CALL-14193,AGT-130,2026-04-05,Phone,Billing Issue,Chicago,13.7,4,Yes,Very Positive
CALL-14194,AGT-110,2026-03-14,Chat,Account Access,Chicago,4.859999999999999,1,Yes,Negative
CALL-14195,AGT-139,2026-04-20,Chat,Technical Support,New York,10.01,4,Yes,Neutral
CALL-14196,AGT-121,2026-02-12,Chat,Account Access,Dallas,1.12,5,Yes,Positive
CALL-14197,AGT-132,2026-02-01,Phone,Technical Support,Chicago,9.31,3,Yes,Positive
CALL-14198,AGT-134,2026-04-07,Email,Product Inquiry,New York,12.52,5,Yes,Neutral
CALL-14199,AGT-108,2026-03-18,Chat,Billing Issue,New York,9.59,5,Yes,Neutral
CALL-14200,AGT-137,2026-01-10,Email,Technical Support,Dallas,4.77,5,No,Positive
CALL-14201,AGT-109,2026-02-10,Phone,Cancellation,Los Angeles,11.18,5,Yes,Neutral
CALL-14202,AGT-128,2026-04-29,Phone,Product Inquiry,New York,6.16,4,Yes,Negative
CALL-14203,AGT-123,2026-01-23,Phone,Billing Issue,Chicago,6.6,3,No,Neutral
CALL-14204,AGT-131,2026-06-11,Phone,Account Access,Dallas,14.91,3,Yes,Neutral
CALL-14205,AGT-101,2026-02-25,Phone,Technical Support,Dallas,1.18,5,Yes,Very Positive
CALL-14206,AGT-130,2026-05-13,Email,Technical Support,Los Angeles,1.19,3,Yes,Neutral
CALL-14207,AGT-112,2026-05-05,Chat,Billing Issue,Chicago,12.28,3,Yes,Negative
CALL-14208,AGT-109,2026-03-05,Phone,Technical Support,Chicago,4.49,4,Yes,Positive
CALL-14209,AGT-116,2026-03-27,Phone,Account Access,Los Angeles,6.44,3,Yes,Positive
CALL-14210,AGT-138,2026-05-30,Phone,Billing Issue,Los Angeles,8.620000000000001,4,No,Neutral
CALL-14211,AGT-108,2026-02-26,Phone,Billing Issue,Los Angeles,2.79,1,Yes,Neutral
CALL-14212,AGT-125,2026-06-17,Phone,Account Access,Chicago,9.9,3,No,Very Positive
CALL-14213,AGT-118,2026-06-07,Phone,Technical Support,Los Angeles,2.54,2,Yes,Positive
CALL-14214,AGT-131,2026-01-14,Phone,Technical Support,New York,4.63,5,Yes,Neutral
CALL-14215,AGT-120,2026-02-04,Chat,Account Access,New York,4.18,2,Yes,Positive
CALL-14216,AGT-125,2026-06-13,Email,Billing Issue,Chicago,19.42,2,Yes,Very Positive
CALL-14217,AGT-105,2026-01-31,Chat,Billing Issue,New York,8.54,5,Yes,Very Positive
CALL-14218,AGT-134,2026-05-08,Phone,Product Inquiry,Chicago,6.23,3,Yes,Very Positive
CALL-14219,AGT-129,2026-03-15,Chat,Technical Support,New York,8.26,4,Yes,Very Positive
CALL-14220,AGT-120,2026-05-24,Email,Billing Issue,Dallas,42.79,5,Yes,Positive
CALL-14221,AGT-136,2026-03-07,Phone,Account Access,New York,7.25,3,Yes,Positive
CALL-14222,AGT-128,2026-01-28,Email,Account Access,Chicago,14.36,5,Yes,Neutral
CALL-14223,AGT-109,2026-03-31,Phone,Cancellation,Dallas,12.3,2,Yes,Neutral
CALL-14224,AGT-131,2026-02-13,Phone,Cancellation,New York,6.91,1,Yes,Very Negative
CALL-14225,AGT-114,2026-01-13,Phone,Billing Issue,Dallas,7.15,5,Yes,Neutral
CALL-14226,AGT-106,2026-01-18,Chat,Billing Issue,New York,16.68,3,Yes,Neutral
CALL-14227,AGT-108,2026-03-11,Phone,Product Inquiry,Chicago,11.51,1,No,Neutral
CALL-14228,AGT-130,2026-05-19,Chat,Product Inquiry,Los Angeles,9.46,1,Yes,Very Positive
CALL-14229,AGT-110,2026-05-15,Phone,Technical Support,Dallas,4.33,3,Yes,Neutral
CALL-14230,AGT-126,2026-03-03,Phone,Product Inquiry,Los Angeles,3.61,5,Yes,Very Negative
CALL-14231,AGT-136,2026-06-27,Chat,Technical Support,Dallas,4.390000000000001,2,Yes,Very Negative
CALL-14232,AGT-134,2026-03-22,Phone,Billing Issue,New York,15.58,4,No,Very Positive
CALL-14233,AGT-123,2026-05-08,Phone,Product Inquiry,Dallas,3.09,5,Yes,Very Negative
CALL-14234,AGT-131,2026-01-11,Phone,Account Access,Chicago,9.43,3,Yes,Positive
CALL-14235,AGT-136,2026-06-09,Phone,Billing Issue,Dallas,4.17,5,Yes,Positive
CALL-14236,AGT-118,2026-04-20,Chat,Cancellation,Chicago,2.71,4,Yes,Very Positive
CALL-14237,AGT-117,2026-02-16,Phone,Product Inquiry,Dallas,7.88,5,Yes,Very Positive
CALL-14238,AGT-137,2026-01-10,Chat,Product Inquiry,New York,6.35,3,No,Very Positive
CALL-14239,AGT-105,2026-03-01,Phone,Cancellation,Chicago,17.33,5,Yes,Very Negative
CALL-14240,AGT-114,2026-02-01,Chat,Account Access,Chicago,10.14,3,Yes,Positive
CALL-14241,AGT-101,2026-01-02,Phone,Product Inquiry,Chicago,6.22,4,Yes,Very Positive
CALL-14242,AGT-138,2026-04-08,Phone,Account Access,Chicago,20.95,4,Yes,Positive
CALL-14243,AGT-112,2026-03-08,Email,Account Access,Dallas,4.84,5,Yes,Positive
CALL-14244,AGT-108,2026-05-07,Chat,Cancellation,Chicago,4.51,4,Yes,Neutral
CALL-14245,AGT-113,2026-04-26,Chat,Cancellation,Los Angeles,7.57,3,No,Very Positive
CALL-14246,AGT-106,2026-02-09,Chat,Product Inquiry,Los Angeles,4.2,3,Yes,Neutral
CALL-14247,AGT-112,2026-01-11,Email,Cancellation,Los Angeles,2.52,1,Yes,Neutral
CALL-14248,AGT-136,2026-05-25,Chat,Technical Support,New York,3.37,5,Yes,Positive
CALL-14249,AGT-104,2026-02-01,Chat,Cancellation,Dallas,2.3600000000000003,3,Yes,Neutral
CALL-14250,AGT-103,2026-03-06,Chat,Account Access,Dallas,5.36,4,Yes,Neutral
CALL-14251,AGT-136,2026-01-11,Email,Technical Support,New York,3.53,3,Yes,Neutral
CALL-14252,AGT-131,2026-01-02,Email,Technical Support,New York,5.9,4,No,Very Positive
CALL-14253,AGT-121,2026-05-11,Phone,Technical Support,Los Angeles,6.94,5,Yes,Neutral
CALL-14254,AGT-124,2026-01-21,Phone,Account Access,Chicago,23.34,5,Yes,Negative
CALL-14255,AGT-102,2026-06-12,Phone,Cancellation,Dallas,6.62,3,No,Negative
CALL-14256,AGT-138,2026-02-14,Chat,Technical Support,Dallas,9.35,2,Yes,Negative
CALL-14257,AGT-108,2026-04-24,Phone,Technical Support,New York,7.37,4,Yes,Positive
CALL-14258,AGT-126,2026-06-16,Chat,Billing Issue,Los Angeles,1.96,5,Yes,Very Negative
CALL-14259,AGT-111,2026-02-21,Phone,Technical Support,Chicago,6.1,2,Yes,Positive
CALL-14260,AGT-132,2026-01-13,Chat,Account Access,New York,1.35,4,No,Negative
CALL-14261,AGT-118,2026-02-01,Phone,Product Inquiry,New York,21.84,4,Yes,Negative
CALL-14262,AGT-105,2026-04-28,Chat,Cancellation,Dallas,23.49,2,Yes,Very Positive
CALL-14263,AGT-104,2026-01-13,Phone,Account Access,Dallas,6.02,5,No,Negative
CALL-14264,AGT-119,2026-03-03,Chat,Cancellation,Dallas,5.06,4,Yes,Negative
CALL-14265,AGT-139,2026-01-20,Chat,Technical Support,New York,4.52,4,Yes,Positive
CALL-14266,AGT-109,2026-01-26,Phone,Technical Support,Los Angeles,1.67,3,Yes,Very Positive
CALL-14267,AGT-124,2026-06-13,Phone,Technical Support,Chicago,5.06,4,Yes,Negative
CALL-14268,AGT-107,2026-04-27,Phone,Product Inquiry,New York,3.79,5,Yes,Neutral
CALL-14269,AGT-118,2026-05-14,Phone,Technical Support,Chicago,3.74,4,No,Very Positive
CALL-14270,AGT-131,2026-05-27,Email,Technical Support,Dallas,1.85,5,Yes,Very Positive
CALL-14271,AGT-115,2026-04-11,Chat,Billing Issue,Chicago,5.41,5,No,Neutral
CALL-14272,AGT-138,2026-04-05,Chat,Billing Issue,New York,2.63,5,Yes,Very Positive
CALL-14273,AGT-117,2026-01-12,Chat,Account Access,Dallas,7.26,4,Yes,Positive
CALL-14274,AGT-117,2026-01-09,Email,Product Inquiry,Chicago,11.18,3,Yes,Very Negative
CALL-14275,AGT-128,2026-06-14,Phone,Product Inquiry,Chicago,9.63,4,Yes,Positive
CALL-14276,AGT-107,2026-01-18,Chat,Billing Issue,Los Angeles,10.4,2,Yes,Neutral
CALL-14277,AGT-131,2026-06-11,Phone,Cancellation,Los Angeles,3.92,5,Yes,Negative
CALL-14278,AGT-125,2026-05-21,Chat,Technical Support,New York,6.47,4,Yes,Very Positive
CALL-14279,AGT-120,2026-04-17,Phone,Cancellation,New York,19.71,5,Yes,Very Positive
CALL-14280,AGT-108,2026-06-21,Phone,Account Access,Dallas,3.11,4,Yes,Very Positive
CALL-14281,AGT-104,2026-05-17,Chat,Billing Issue,Los Angeles,1.77,2,Yes,Very Positive
CALL-14282,AGT-122,2026-04-13,Chat,Technical Support,New York,20.73,5,No,Negative
CALL-14283,AGT-102,2026-04-21,Phone,Technical Support,Chicago,13.36,3,Yes,Neutral
CALL-14284,AGT-129,2026-05-21,Phone,Account Access,Chicago,29.06,4,Yes,Positive
CALL-14285,AGT-130,2026-01-11,Phone,Product Inquiry,Dallas,1.55,5,No,Very Negative
CALL-14286,AGT-106,2026-01-10,Phone,Technical Support,New York,11.12,2,Yes,Positive
CALL-14287,AGT-137,2026-05-20,Phone,Technical Support,Los Angeles,20.26,3,Yes,Neutral
CALL-14288,AGT-109,2026-06-16,Email,Account Access,Chicago,9.73,4,Yes,Positive
CALL-14289,AGT-125,2026-05-03,Chat,Account Access,Chicago,11.6,4,Yes,Very Positive
CALL-14290,AGT-112,2026-04-18,Chat,Technical Support,Dallas,8.05,3,No,Positive
CALL-14291,AGT-113,2026-04-20,Email,Technical Support,New York,3.91,4,Yes,Neutral
CALL-14292,AGT-102,2026-01-14,Phone,Account Access,Chicago,1.69,4,No,Very Negative
CALL-14293,AGT-115,2026-01-20,Phone,Technical Support,Chicago,5.85,5,Yes,Neutral
CALL-14294,AGT-103,2026-05-16,Email,Account Access,Dallas,5.89,3,Yes,Very Positive
CALL-14295,AGT-115,2026-03-04,Chat,Cancellation,New York,3.65,5,Yes,Negative
CALL-14296,AGT-117,2026-06-23,Phone,Product Inquiry,Chicago,1.5899999999999999,4,Yes,Negative
CALL-14297,AGT-136,2026-01-31,Email,Account Access,Dallas,2.33,3,Yes,Neutral
CALL-14298,AGT-107,2026-06-21,Chat,Account Access,Los Angeles,2.12,4,Yes,Neutral
CALL-14299,AGT-125,2026-04-27,Email,Account Access,Los Angeles,3.56,4,Yes,Very Positive
CALL-14300,AGT-111,2026-05-28,Chat,Product Inquiry,Los Angeles,2.42,4,Yes,Neutral
CALL-14301,AGT-124,2026-02-05,Phone,Cancellation,Chicago,22.47,3,Yes,Positive
CALL-14302,AGT-130,2026-02-26,Email,Product Inquiry,Dallas,11.88,4,Yes,Negative
CALL-14303,AGT-123,2026-02-03,Phone,Technical Support,Dallas,30.97,3,Yes,Negative
CALL-14304,AGT-136,2026-01-31,Chat,Product Inquiry,Los Angeles,4.04,3,Yes,Neutral
CALL-14305,AGT-139,2026-05-09,Phone,Product Inquiry,Dallas,2.2199999999999998,1,Yes,Neutral
CALL-14306,AGT-136,2026-04-21,Chat,Technical Support,Dallas,1.5,4,Yes,Very Positive
CALL-14307,AGT-110,2026-01-11,Email,Billing Issue,Los Angeles,12.23,3,Yes,Positive
CALL-14308,AGT-101,2026-02-27,Chat,Cancellation,Dallas,9.48,4,Yes,Very Positive
CALL-14309,AGT-126,2026-01-16,Chat,Product Inquiry,Dallas,7.23,3,Yes,Neutral
CALL-14310,AGT-139,2026-03-07,Email,Account Access,Chicago,4.5,4,Yes,Neutral
CALL-14311,AGT-111,2026-01-09,Phone,Product Inquiry,Dallas,1.31,2,Yes,Negative
CALL-14312,AGT-117,2026-04-20,Phone,Account Access,New York,7.78,4,Yes,Very Positive
CALL-14313,AGT-111,2026-06-05,Chat,Product Inquiry,Los Angeles,1.25,2,Yes,Negative
CALL-14314,AGT-111,2026-06-11,Phone,Account Access,Dallas,1.97,3,Yes,Very Positive
CALL-14315,AGT-116,2026-02-27,Email,Account Access,New York,28.22,4,No,Positive
CALL-14316,AGT-131,2026-01-15,Chat,Cancellation,Dallas,3.48,4,Yes,Neutral
CALL-14317,AGT-108,2026-05-07,Chat,Product Inquiry,New York,5.98,1,Yes,Neutral
CALL-14318,AGT-118,2026-02-15,Phone,Account Access,Los Angeles,6.59,4,Yes,Neutral
CALL-14319,AGT-128,2026-05-25,Chat,Technical Support,Chicago,12.65,4,No,Very Negative
CALL-14320,AGT-130,2026-04-18,Chat,Technical Support,Chicago,12.78,2,Yes,Very Positive
CALL-14321,AGT-139,2026-02-10,Chat,Cancellation,Chicago,9.67,3,Yes,Very Negative
CALL-14322,AGT-106,2026-01-02,Phone,Product Inquiry,Los Angeles,19.83,5,No,Neutral
CALL-14323,AGT-120,2026-02-25,Chat,Account Access,Los Angeles,6.15,4,Yes,Negative
CALL-14324,AGT-121,2026-05-03,Phone,Account Access,Chicago,28.66,5,No,Positive
CALL-14325,AGT-101,2026-03-15,Chat,Cancellation,Chicago,4.26,4,Yes,Positive
CALL-14326,AGT-139,2026-04-20,Chat,Technical Support,Dallas,28.56,1,Yes,Positive
CALL-14327,AGT-131,2026-05-16,Email,Product Inquiry,Dallas,13.54,4,Yes,Positive
CALL-14328,AGT-101,2026-01-22,Phone,Product Inquiry,Los Angeles,8.719999999999999,3,Yes,Very Positive
CALL-14329,AGT-119,2026-01-22,Phone,Product Inquiry,New York,2.17,3,Yes,Positive
CALL-14330,AGT-119,2026-03-28,Phone,Technical Support,Los Angeles,21.54,5,Yes,Very Positive
CALL-14331,AGT-113,2026-02-08,Chat,Cancellation,New York,1.94,2,Yes,Negative
CALL-14332,AGT-124,2026-03-05,Phone,Technical Support,Dallas,1.6099999999999999,5,No,Positive
CALL-14333,AGT-137,2026-06-14,Phone,Cancellation,New York,5.56,5,Yes,Negative
CALL-14334,AGT-120,2026-02-11,Phone,Cancellation,Los Angeles,18.23,4,Yes,Negative
CALL-14335,AGT-137,2026-04-10,Chat,Technical Support,Los Angeles,6.0,5,Yes,Positive
CALL-14336,AGT-132,2026-03-13,Email,Billing Issue,New York,1.8599999999999999,2,Yes,Neutral
CALL-14337,AGT-133,2026-05-20,Email,Billing Issue,Dallas,2.23,5,Yes,Positive
CALL-14338,AGT-103,2026-05-04,Chat,Technical Support,Los Angeles,11.71,2,Yes,Very Positive
CALL-14339,AGT-121,2026-01-02,Phone,Account Access,New York,8.15,2,No,Very Positive
CALL-14340,AGT-128,2026-04-20,Email,Billing Issue,Los Angeles,2.1,2,No,Neutral
CALL-14341,AGT-121,2026-06-28,Phone,Product Inquiry,New York,8.219999999999999,5,Yes,Negative
CALL-14342,AGT-128,2026-03-16,Chat,Technical Support,Dallas,2.05,5,Yes,Positive
CALL-14343,AGT-138,2026-02-26,Chat,Account Access,Los Angeles,5.53,5,Yes,Negative
CALL-14344,AGT-112,2026-02-14,Phone,Account Access,Chicago,3.91,3,Yes,Neutral
CALL-14345,AGT-121,2026-02-12,Phone,Cancellation,Dallas,19.76,4,Yes,Negative
CALL-14346,AGT-118,2026-05-08,Chat,Billing Issue,Dallas,8.82,4,Yes,Neutral
CALL-14347,AGT-110,2026-05-29,Chat,Account Access,Chicago,2.06,2,Yes,Very Positive
CALL-14348,AGT-110,2026-02-18,Phone,Account Access,Chicago,11.14,5,Yes,Very Negative
CALL-14349,AGT-104,2026-05-22,Chat,Account Access,Chicago,12.09,4,Yes,Negative
CALL-14350,AGT-121,2026-05-28,Email,Cancellation,Los Angeles,2.73,3,Yes,Negative
CALL-14351,AGT-110,2026-02-19,Chat,Cancellation,Los Angeles,5.87,3,Yes,Very Negative
CALL-14352,AGT-118,2026-04-16,Phone,Technical Support,New York,4.5,3,Yes,Positive
CALL-14353,AGT-125,2026-02-28,Email,Technical Support,Chicago,7.44,1,No,Negative
CALL-14354,AGT-136,2026-06-11,Phone,Cancellation,Dallas,2.63,4,Yes,Very Positive
CALL-14355,AGT-136,2026-02-04,Phone,Technical Support,Los Angeles,1.38,4,Yes,Positive
CALL-14356,AGT-132,2026-06-19,Phone,Technical Support,Chicago,2.91,4,Yes,Positive
CALL-14357,AGT-110,2026-01-22,Phone,Account Access,New York,19.02,2,Yes,Positive
CALL-14358,AGT-108,2026-01-01,Chat,Account Access,New York,6.76,5,Yes,Positive
CALL-14359,AGT-137,2026-04-01,Phone,Cancellation,Los Angeles,7.87,5,Yes,Positive
CALL-14360,AGT-136,2026-03-09,Email,Product Inquiry,Chicago,16.66,3,Yes,Positive
CALL-14361,AGT-104,2026-02-09,Phone,Billing Issue,New York,2.8200000000000003,4,Yes,Positive
CALL-14362,AGT-114,2026-04-15,Phone,Product Inquiry,Los Angeles,4.12,4,Yes,Negative
CALL-14363,AGT-101,2026-05-21,Phone,Cancellation,New York,11.93,3,No,Negative
CALL-14364,AGT-119,2026-04-27,Phone,Cancellation,Chicago,11.86,5,No,Very Positive
CALL-14365,AGT-114,2026-02-21,Phone,Billing Issue,Chicago,3.25,3,Yes,Very Positive
CALL-14366,AGT-133,2026-05-25,Phone,Technical Support,Dallas,1.92,5,Yes,Positive
CALL-14367,AGT-126,2026-01-13,Phone,Product Inquiry,Los Angeles,3.47,3,Yes,Positive
CALL-14368,AGT-129,2026-02-10,Chat,Billing Issue,Chicago,1.12,4,Yes,Very Positive
CALL-14369,AGT-126,2026-05-24,Chat,Account Access,Dallas,14.65,2,Yes,Positive
CALL-14370,AGT-112,2026-04-07,Chat,Billing Issue,Los Angeles,1.11,4,Yes,Neutral
CALL-14371,AGT-125,2026-04-04,Phone,Technical Support,New York,6.72,5,Yes,Neutral
CALL-14372,AGT-101,2026-01-10,Chat,Account Access,Chicago,3.52,5,Yes,Positive
CALL-14373,AGT-110,2026-01-02,Phone,Account Access,New York,5.73,4,Yes,Very Positive
CALL-14374,AGT-129,2026-03-19,Phone,Product Inquiry,Dallas,4.58,2,Yes,Very Positive
CALL-14375,AGT-101,2026-01-11,Chat,Cancellation,New York,1.51,2,Yes,Very Positive
CALL-14376,AGT-116,2026-01-07,Phone,Cancellation,Dallas,18.18,5,Yes,Neutral
CALL-14377,AGT-123,2026-04-14,Email,Account Access,Los Angeles,4.779999999999999,4,Yes,Negative
CALL-14378,AGT-108,2026-05-15,Email,Technical Support,Dallas,4.46,4,Yes,Positive
CALL-14379,AGT-108,2026-06-11,Chat,Cancellation,New York,2.73,4,Yes,Neutral
CALL-14380,AGT-128,2026-06-27,Chat,Account Access,New York,15.3,4,Yes,Very Positive
CALL-14381,AGT-107,2026-02-08,Email,Account Access,Dallas,4.51,3,Yes,Negative
CALL-14382,AGT-108,2026-05-17,Phone,Billing Issue,New York,2.67,4,Yes,Neutral
CALL-14383,AGT-126,2026-01-01,Phone,Billing Issue,Dallas,1.07,1,No,Neutral
CALL-14384,AGT-117,2026-01-13,Phone,Cancellation,Dallas,8.74,4,Yes,Positive
CALL-14385,AGT-123,2026-01-05,Phone,Cancellation,Chicago,9.3,5,Yes,Very Positive
CALL-14386,AGT-132,2026-01-28,Phone,Cancellation,New York,5.08,4,Yes,Neutral
CALL-14387,AGT-107,2026-05-24,Email,Account Access,Los Angeles,1.45,5,Yes,Neutral
CALL-14388,AGT-115,2026-04-12,Chat,Technical Support,New York,16.79,4,Yes,Positive
CALL-14389,AGT-131,2026-05-07,Phone,Cancellation,New York,2.63,4,No,Positive
CALL-14390,AGT-118,2026-01-31,Phone,Technical Support,Chicago,13.69,2,No,Very Positive
CALL-14391,AGT-129,2026-01-22,Phone,Product Inquiry,Dallas,2.13,3,Yes,Neutral
CALL-14392,AGT-104,2026-05-10,Email,Cancellation,Los Angeles,3.14,2,Yes,Very Positive
CALL-14393,AGT-130,2026-03-25,Chat,Product Inquiry,Chicago,6.97,5,Yes,Very Positive
CALL-14394,AGT-112,2026-05-28,Chat,Product Inquiry,Dallas,9.71,5,Yes,Negative
CALL-14395,AGT-132,2026-01-07,Email,Cancellation,Los Angeles,2.73,4,Yes,Positive
CALL-14396,AGT-128,2026-02-03,Email,Product Inquiry,Los Angeles,3.37,3,Yes,Very Positive
CALL-14397,AGT-103,2026-04-24,Phone,Technical Support,Chicago,6.98,4,No,Very Negative
CALL-14398,AGT-139,2026-02-22,Phone,Technical Support,Dallas,4.609999999999999,5,Yes,Very Positive
CALL-14399,AGT-118,2026-05-01,Phone,Product Inquiry,Dallas,15.42,5,Yes,Positive
CALL-14400,AGT-120,2026-05-11,Chat,Technical Support,Los Angeles,22.02,4,Yes,Negative
CALL-14401,AGT-123,2026-04-28,Email,Product Inquiry,Chicago,4.5,5,Yes,Neutral
CALL-14402,AGT-127,2026-04-09,Phone,Account Access,Los Angeles,21.54,3,Yes,Positive
CALL-14403,AGT-128,2026-06-26,Email,Product Inquiry,Chicago,11.07,3,Yes,Very Positive
CALL-14404,AGT-125,2026-06-04,Email,Cancellation,Los Angeles,9.75,1,Yes,Very Positive
CALL-14405,AGT-132,2026-05-20,Email,Account Access,New York,3.24,2,Yes,Positive
CALL-14406,AGT-135,2026-06-27,Email,Billing Issue,Chicago,7.76,5,Yes,Positive
CALL-14407,AGT-130,2026-02-26,Phone,Account Access,Los Angeles,6.66,5,Yes,Negative
CALL-14408,AGT-133,2026-06-17,Chat,Account Access,Dallas,13.57,4,Yes,Positive
CALL-14409,AGT-131,2026-04-15,Email,Product Inquiry,Chicago,12.79,4,Yes,Negative
CALL-14410,AGT-121,2026-06-20,Phone,Technical Support,Los Angeles,12.82,3,Yes,Positive
CALL-14411,AGT-134,2026-05-26,Phone,Account Access,Chicago,1.95,3,Yes,Neutral
CALL-14412,AGT-139,2026-01-12,Chat,Account Access,Chicago,3.41,4,Yes,Negative
CALL-14413,AGT-108,2026-03-12,Phone,Cancellation,Los Angeles,20.97,3,Yes,Neutral
CALL-14414,AGT-113,2026-02-19,Email,Technical Support,New York,5.15,5,No,Negative
CALL-14415,AGT-121,2026-06-28,Phone,Cancellation,Chicago,22.63,3,No,Very Negative
CALL-14416,AGT-108,2026-02-20,Chat,Technical Support,Dallas,13.82,4,Yes,Very Negative
CALL-14417,AGT-117,2026-04-28,Phone,Product Inquiry,Chicago,6.16,3,Yes,Positive
CALL-14418,AGT-138,2026-02-18,Phone,Product Inquiry,Los Angeles,3.03,5,Yes,Neutral
CALL-14419,AGT-126,2026-05-28,Phone,Cancellation,Dallas,2.63,3,No,Negative
CALL-14420,AGT-128,2026-04-13,Email,Billing Issue,Chicago,4.67,1,Yes,Positive
CALL-14421,AGT-115,2026-04-11,Chat,Account Access,Chicago,8.280000000000001,3,Yes,Negative
CALL-14422,AGT-102,2026-06-15,Chat,Technical Support,Los Angeles,19.7,4,No,Negative
CALL-14423,AGT-135,2026-03-19,Email,Technical Support,New York,7.06,5,No,Very Positive
CALL-14424,AGT-105,2026-02-25,Chat,Cancellation,Los Angeles,6.06,4,No,Neutral
CALL-14425,AGT-118,2026-03-25,Chat,Account Access,New York,4.84,2,Yes,Positive
CALL-14426,AGT-110,2026-03-09,Chat,Billing Issue,New York,1.09,3,Yes,Neutral
CALL-14427,AGT-122,2026-06-10,Email,Product Inquiry,New York,7.34,4,Yes,Neutral
CALL-14428,AGT-132,2026-04-13,Phone,Technical Support,New York,11.22,3,Yes,Very Negative
CALL-14429,AGT-123,2026-02-24,Phone,Account Access,Los Angeles,3.63,5,No,Positive
CALL-14430,AGT-122,2026-03-23,Chat,Cancellation,Chicago,16.380000000000003,2,No,Very Positive
CALL-14431,AGT-118,2026-05-16,Chat,Cancellation,Los Angeles,10.88,4,Yes,Negative
CALL-14432,AGT-116,2026-05-04,Phone,Account Access,New York,2.95,4,Yes,Very Positive
CALL-14433,AGT-134,2026-03-05,Phone,Technical Support,Dallas,7.47,3,Yes,Very Positive
CALL-14434,AGT-103,2026-03-26,Phone,Technical Support,Chicago,34.4,3,Yes,Positive
CALL-14435,AGT-133,2026-04-05,Phone,Cancellation,Chicago,3.0,2,Yes,Positive
CALL-14436,AGT-126,2026-04-28,Phone,Account Access,Los Angeles,2.76,1,Yes,Positive
CALL-14437,AGT-135,2026-06-26,Email,Product Inquiry,Dallas,8.370000000000001,4,Yes,Very Positive
CALL-14438,AGT-103,2026-05-16,Phone,Account Access,Chicago,7.55,3,Yes,Negative
CALL-14439,AGT-131,2026-06-28,Chat,Account Access,Chicago,12.48,4,No,Positive
CALL-14440,AGT-114,2026-01-24,Phone,Account Access,Los Angeles,3.24,2,No,Very Negative
CALL-14441,AGT-105,2026-01-31,Email,Billing Issue,Dallas,8.33,4,No,Neutral
CALL-14442,AGT-112,2026-03-26,Email,Cancellation,Dallas,2.35,4,No,Negative
CALL-14443,AGT-103,2026-01-21,Phone,Account Access,Chicago,6.07,4,Yes,Positive
CALL-14444,AGT-107,2026-02-28,Phone,Cancellation,Chicago,3.11,3,Yes,Neutral
CALL-14445,AGT-125,2026-01-09,Chat,Account Access,Chicago,18.72,3,Yes,Neutral
CALL-14446,AGT-131,2026-02-24,Phone,Billing Issue,Dallas,9.83,1,Yes,Positive
CALL-14447,AGT-116,2026-04-03,Email,Product Inquiry,New York,4.08,4,Yes,Very Positive
CALL-14448,AGT-120,2026-02-06,Email,Billing Issue,Los Angeles,5.64,4,Yes,Neutral
CALL-14449,AGT-107,2026-04-18,Phone,Cancellation,Chicago,10.54,4,Yes,Neutral
CALL-14450,AGT-101,2026-04-26,Chat,Cancellation,Chicago,1.01,3,Yes,Neutral
CALL-14451,AGT-118,2026-04-23,Phone,Cancellation,Los Angeles,4.970000000000001,2,Yes,Positive
CALL-14452,AGT-116,2026-05-13,Chat,Technical Support,Los Angeles,3.26,5,Yes,Positive
CALL-14453,AGT-108,2026-05-08,Phone,Billing Issue,Los Angeles,8.809999999999999,3,No,Very Positive
CALL-14454,AGT-139,2026-01-27,Phone,Billing Issue,Los Angeles,2.29,5,No,Negative
CALL-14455,AGT-110,2026-02-16,Chat,Product Inquiry,Chicago,4.57,4,No,Very Positive
CALL-14456,AGT-123,2026-02-10,Phone,Cancellation,Los Angeles,7.41,4,Yes,Positive
CALL-14457,AGT-136,2026-06-17,Chat,Cancellation,Dallas,5.16,4,Yes,Positive
CALL-14458,AGT-109,2026-01-16,Phone,Technical Support,New York,10.87,2,Yes,Neutral
CALL-14459,AGT-139,2026-05-15,Email,Cancellation,Dallas,9.92,5,No,Very Negative
CALL-14460,AGT-115,2026-05-21,Chat,Technical Support,Chicago,18.19,3,Yes,Neutral
CALL-14461,AGT-101,2026-05-03,Phone,Product Inquiry,Dallas,5.36,5,Yes,Neutral
CALL-14462,AGT-124,2026-05-21,Phone,Account Access,Chicago,8.04,5,Yes,Negative
CALL-14463,AGT-135,2026-03-25,Chat,Cancellation,Dallas,16.28,4,Yes,Neutral
CALL-14464,AGT-109,2026-06-13,Chat,Technical Support,Dallas,19.57,4,Yes,Neutral
CALL-14465,AGT-108,2026-02-12,Email,Billing Issue,Dallas,2.19,5,Yes,Very Positive
CALL-14466,AGT-138,2026-03-08,Phone,Billing Issue,Chicago,2.99,2,Yes,Positive
CALL-14467,AGT-102,2026-04-30,Chat,Account Access,Dallas,38.32,3,No,Very Positive
CALL-14468,AGT-110,2026-06-01,Chat,Product Inquiry,Chicago,4.93,4,No,Negative
CALL-14469,AGT-103,2026-01-24,Phone,Technical Support,New York,2.48,3,Yes,Very Negative
CALL-14470,AGT-123,2026-03-02,Phone,Account Access,Chicago,2.26,5,Yes,Very Positive
CALL-14471,AGT-125,2026-04-02,Phone,Account Access,Los Angeles,15.09,3,Yes,Positive
CALL-14472,AGT-126,2026-01-08,Phone,Cancellation,Los Angeles,31.16,1,Yes,Positive
CALL-14473,AGT-118,2026-02-18,Phone,Account Access,Chicago,3.09,4,Yes,Neutral
CALL-14474,AGT-136,2026-04-28,Phone,Account Access,Los Angeles,22.16,2,No,Neutral
CALL-14475,AGT-113,2026-01-22,Phone,Billing Issue,Los Angeles,5.38,3,Yes,Very Positive
CALL-14476,AGT-121,2026-06-10,Phone,Billing Issue,Dallas,2.67,4,Yes,Positive
CALL-14477,AGT-108,2026-03-07,Chat,Account Access,Los Angeles,1.6800000000000002,3,Yes,Positive
CALL-14478,AGT-110,2026-04-19,Phone,Billing Issue,Dallas,14.27,4,Yes,Positive
CALL-14479,AGT-107,2026-01-24,Chat,Product Inquiry,Chicago,3.97,1,Yes,Positive
CALL-14480,AGT-109,2026-04-26,Email,Technical Support,Dallas,6.8,5,Yes,Neutral
CALL-14481,AGT-106,2026-03-20,Email,Technical Support,Los Angeles,11.39,3,No,Very Positive
CALL-14482,AGT-125,2026-01-03,Chat,Product Inquiry,Dallas,9.66,5,Yes,Neutral
CALL-14483,AGT-117,2026-06-06,Chat,Product Inquiry,Chicago,1.8599999999999999,4,Yes,Positive
CALL-14484,AGT-114,2026-06-24,Phone,Billing Issue,Los Angeles,3.65,4,No,Very Positive
CALL-14485,AGT-109,2026-03-05,Phone,Cancellation,Chicago,5.25,5,No,Very Positive
CALL-14486,AGT-107,2026-02-05,Phone,Account Access,New York,7.5,3,Yes,Negative
CALL-14487,AGT-113,2026-02-19,Chat,Billing Issue,Dallas,11.57,3,Yes,Neutral
CALL-14488,AGT-103,2026-05-05,Phone,Technical Support,Chicago,2.23,5,Yes,Negative
CALL-14489,AGT-117,2026-01-19,Email,Billing Issue,Dallas,3.17,4,Yes,Very Positive
CALL-14490,AGT-129,2026-02-03,Phone,Billing Issue,Los Angeles,2.9699999999999998,2,Yes,Very Negative
CALL-14491,AGT-109,2026-06-29,Email,Technical Support,Chicago,10.54,4,No,Positive
CALL-14492,AGT-126,2026-06-22,Chat,Technical Support,New York,4.12,5,Yes,Neutral
CALL-14493,AGT-112,2026-02-02,Chat,Account Access,Chicago,3.5,4,Yes,Positive
CALL-14494,AGT-104,2026-03-24,Email,Billing Issue,New York,7.24,2,Yes,Neutral
CALL-14495,AGT-115,2026-01-14,Email,Billing Issue,Dallas,2.09,3,No,Neutral
CALL-14496,AGT-139,2026-06-17,Chat,Billing Issue,New York,2.54,2,Yes,Very Negative
CALL-14497,AGT-102,2026-06-12,Phone,Billing Issue,Dallas,1.6099999999999999,5,Yes,Neutral
CALL-14498,AGT-130,2026-02-08,Phone,Product Inquiry,Los Angeles,6.85,5,No,Positive
CALL-14499,AGT-112,2026-05-04,Phone,Cancellation,Los Angeles,16.86,4,Yes,Neutral
CALL-14500,AGT-122,2026-02-25,Phone,Account Access,Dallas,4.279999999999999,3,Yes,Positive
CALL-14501,AGT-123,2026-06-18,Email,Cancellation,Los Angeles,16.259999999999998,5,Yes,Positive
CALL-14502,AGT-117,2026-05-31,Chat,Product Inquiry,New York,2.52,4,No,Neutral
CALL-14503,AGT-137,2026-06-11,Chat,Billing Issue,New York,1.2,3,Yes,Negative
CALL-14504,AGT-118,2026-02-19,Phone,Product Inquiry,Los Angeles,8.24,4,Yes,Neutral
CALL-14505,AGT-134,2026-05-29,Phone,Billing Issue,Dallas,15.83,4,Yes,Very Positive
CALL-14506,AGT-116,2026-01-12,Phone,Cancellation,Los Angeles,2.5300000000000002,4,Yes,Neutral
CALL-14507,AGT-126,2026-05-18,Phone,Cancellation,Dallas,3.55,5,Yes,Positive
CALL-14508,AGT-103,2026-04-22,Phone,Account Access,Los Angeles,8.7,5,No,Very Positive
CALL-14509,AGT-126,2026-03-23,Email,Account Access,Los Angeles,1.81,4,No,Positive
CALL-14510,AGT-112,2026-06-01,Phone,Technical Support,Dallas,1.31,2,No,Neutral
CALL-14511,AGT-102,2026-06-08,Chat,Billing Issue,Los Angeles,5.12,4,No,Neutral
CALL-14512,AGT-111,2026-05-25,Chat,Product Inquiry,Dallas,1.21,3,Yes,Neutral
CALL-14513,AGT-102,2026-02-11,Chat,Account Access,New York,17.04,5,Yes,Neutral
CALL-14514,AGT-109,2026-04-30,Email,Billing Issue,New York,17.15,1,Yes,Very Positive
CALL-14515,AGT-131,2026-06-16,Phone,Product Inquiry,Dallas,3.75,1,Yes,Neutral
CALL-14516,AGT-104,2026-01-24,Chat,Technical Support,Dallas,6.27,4,Yes,Positive
CALL-14517,AGT-130,2026-02-05,Email,Technical Support,Los Angeles,5.13,3,Yes,Very Negative
CALL-14518,AGT-114,2026-03-30,Phone,Account Access,Chicago,4.390000000000001,5,Yes,Positive
CALL-14519,AGT-117,2026-04-28,Chat,Billing Issue,Dallas,2.08,4,Yes,Negative
CALL-14520,AGT-103,2026-05-20,Chat,Technical Support,Chicago,6.54,4,Yes,Neutral
CALL-14521,AGT-107,2026-06-18,Chat,Product Inquiry,Los Angeles,5.34,4,No,Negative
CALL-14522,AGT-126,2026-06-23,Phone,Billing Issue,New York,10.37,5,Yes,Neutral
CALL-14523,AGT-103,2026-03-03,Phone,Account Access,Chicago,4.42,2,Yes,Negative
CALL-14524,AGT-139,2026-03-04,Email,Technical Support,Chicago,2.08,2,Yes,Very Positive
CALL-14525,AGT-132,2026-05-21,Phone,Billing Issue,New York,2.16,4,Yes,Negative
CALL-14526,AGT-107,2026-02-16,Email,Technical Support,New York,18.49,4,Yes,Very Positive
CALL-14527,AGT-136,2026-01-17,Email,Product Inquiry,Los Angeles,2.37,1,Yes,Negative
CALL-14528,AGT-110,2026-04-01,Phone,Account Access,Dallas,1.31,4,Yes,Neutral
CALL-14529,AGT-139,2026-01-03,Phone,Billing Issue,New York,5.32,5,Yes,Positive
CALL-14530,AGT-111,2026-02-26,Chat,Product Inquiry,New York,3.74,1,Yes,Very Positive
CALL-14531,AGT-133,2026-04-29,Phone,Technical Support,Dallas,8.24,3,Yes,Very Positive
CALL-14532,AGT-129,2026-03-04,Phone,Cancellation,New York,10.52,4,Yes,Very Negative
CALL-14533,AGT-102,2026-02-26,Phone,Product Inquiry,Chicago,4.279999999999999,4,Yes,Positive
CALL-14534,AGT-126,2026-02-03,Chat,Product Inquiry,Chicago,3.12,1,Yes,Negative
CALL-14535,AGT-117,2026-03-16,Phone,Cancellation,Chicago,3.36,3,No,Very Negative
CALL-14536,AGT-132,2026-03-12,Phone,Billing Issue,Chicago,10.1,4,Yes,Neutral
CALL-14537,AGT-129,2026-03-20,Phone,Account Access,Chicago,15.32,4,Yes,Positive
CALL-14538,AGT-123,2026-03-16,Phone,Product Inquiry,Chicago,3.45,4,Yes,Positive
CALL-14539,AGT-103,2026-02-19,Chat,Technical Support,Dallas,5.99,2,No,Positive
CALL-14540,AGT-137,2026-06-19,Phone,Product Inquiry,Los Angeles,5.53,5,Yes,Very Positive
CALL-14541,AGT-117,2026-06-13,Phone,Billing Issue,Chicago,3.4,3,No,Very Positive
CALL-14542,AGT-116,2026-04-28,Chat,Product Inquiry,New York,19.84,2,Yes,Negative
CALL-14543,AGT-124,2026-01-21,Email,Product Inquiry,New York,1.63,4,Yes,Very Negative
CALL-14544,AGT-108,2026-01-12,Phone,Account Access,New York,8.08,4,Yes,Positive
CALL-14545,AGT-114,2026-03-15,Chat,Cancellation,Chicago,5.96,4,Yes,Positive
CALL-14546,AGT-107,2026-03-22,Phone,Cancellation,New York,1.02,3,No,Positive
CALL-14547,AGT-101,2026-01-29,Chat,Billing Issue,New York,5.93,3,Yes,Negative
CALL-14548,AGT-102,2026-04-02,Phone,Technical Support,New York,12.75,5,No,Positive
CALL-14549,AGT-115,2026-06-08,Phone,Billing Issue,Dallas,11.73,4,Yes,Neutral
CALL-14550,AGT-109,2026-04-24,Chat,Technical Support,Los Angeles,1.33,2,Yes,Very Positive
CALL-14551,AGT-125,2026-06-23,Phone,Billing Issue,Los Angeles,7.31,5,Yes,Very Negative
CALL-14552,AGT-112,2026-06-17,Phone,Account Access,Los Angeles,4.35,3,Yes,Very Negative
CALL-14553,AGT-131,2026-02-08,Chat,Product Inquiry,Chicago,9.16,2,Yes,Neutral
CALL-14554,AGT-106,2026-01-06,Email,Product Inquiry,Dallas,2.3899999999999997,5,Yes,Positive
CALL-14555,AGT-108,2026-02-12,Chat,Technical Support,Chicago,1.06,4,Yes,Neutral
CALL-14556,AGT-108,2026-03-05,Phone,Product Inquiry,New York,2.54,3,Yes,Neutral
CALL-14557,AGT-122,2026-05-07,Chat,Account Access,New York,1.95,3,No,Negative
CALL-14558,AGT-128,2026-04-07,Phone,Billing Issue,Los Angeles,3.29,4,Yes,Neutral
CALL-14559,AGT-121,2026-05-08,Phone,Billing Issue,Los Angeles,10.77,4,Yes,Positive
CALL-14560,AGT-127,2026-03-17,Phone,Account Access,Chicago,1.87,5,Yes,Positive
CALL-14561,AGT-118,2026-03-22,Chat,Product Inquiry,Dallas,5.75,4,No,Negative
CALL-14562,AGT-135,2026-05-30,Phone,Technical Support,Dallas,2.9699999999999998,3,Yes,Very Positive
CALL-14563,AGT-103,2026-02-01,Email,Cancellation,New York,5.52,5,Yes,Positive
CALL-14564,AGT-111,2026-03-21,Phone,Technical Support,New York,13.21,1,Yes,Very Positive
CALL-14565,AGT-108,2026-04-03,Email,Product Inquiry,Chicago,21.5,4,Yes,Neutral
CALL-14566,AGT-126,2026-06-08,Phone,Account Access,Chicago,10.91,5,Yes,Neutral
CALL-14567,AGT-136,2026-04-27,Email,Account Access,New York,4.08,5,Yes,Positive
CALL-14568,AGT-112,2026-06-20,Chat,Cancellation,New York,3.06,3,Yes,Very Positive
CALL-14569,AGT-133,2026-04-03,Chat,Product Inquiry,Chicago,1.27,5,Yes,Very Negative
CALL-14570,AGT-118,2026-02-12,Chat,Billing Issue,Los Angeles,3.88,1,Yes,Very Positive
CALL-14571,AGT-124,2026-04-29,Chat,Billing Issue,New York,3.26,3,Yes,Positive
CALL-14572,AGT-129,2026-01-27,Phone,Cancellation,Dallas,3.67,4,Yes,Very Negative
CALL-14573,AGT-133,2026-03-09,Phone,Technical Support,Los Angeles,6.63,2,Yes,Very Negative
CALL-14574,AGT-102,2026-02-22,Email,Product Inquiry,Chicago,16.41,3,Yes,Positive
CALL-14575,AGT-135,2026-01-01,Chat,Billing Issue,Los Angeles,2.91,3,Yes,Positive
CALL-14576,AGT-137,2026-04-06,Phone,Technical Support,Dallas,3.35,1,Yes,Positive
CALL-14577,AGT-104,2026-03-30,Phone,Cancellation,Dallas,4.21,3,Yes,Very Positive
CALL-14578,AGT-109,2026-06-10,Phone,Billing Issue,New York,5.7,5,No,Very Negative
CALL-14579,AGT-135,2026-05-22,Phone,Billing Issue,Dallas,3.88,3,Yes,Negative
CALL-14580,AGT-111,2026-01-16,Chat,Cancellation,New York,2.4699999999999998,3,Yes,Very Positive
CALL-14581,AGT-123,2026-01-23,Email,Cancellation,Chicago,1.07,3,Yes,Positive
CALL-14582,AGT-118,2026-06-11,Chat,Technical Support,Chicago,4.15,4,Yes,Positive
CALL-14583,AGT-127,2026-06-14,Chat,Billing Issue,Los Angeles,1.0,1,Yes,Positive
CALL-14584,AGT-130,2026-01-30,Phone,Technical Support,Los Angeles,1.27,4,No,Negative
CALL-14585,AGT-127,2026-01-24,Chat,Product Inquiry,New York,8.030000000000001,3,Yes,Very Positive
CALL-14586,AGT-109,2026-01-11,Email,Billing Issue,Dallas,5.42,5,Yes,Positive
CALL-14587,AGT-105,2026-04-09,Chat,Cancellation,Chicago,2.41,4,No,Positive
CALL-14588,AGT-114,2026-03-04,Email,Account Access,New York,2.5700000000000003,4,Yes,Positive
CALL-14589,AGT-133,2026-01-08,Phone,Billing Issue,New York,4.52,5,No,Very Negative
CALL-14590,AGT-114,2026-02-25,Email,Product Inquiry,Chicago,6.38,5,Yes,Positive
CALL-14591,AGT-108,2026-03-26,Phone,Technical Support,Chicago,7.99,4,Yes,Neutral
CALL-14592,AGT-124,2026-05-02,Chat,Product Inquiry,Chicago,10.7,5,Yes,Very Negative
CALL-14593,AGT-104,2026-02-22,Phone,Product Inquiry,Chicago,10.54,4,Yes,Very Negative
CALL-14594,AGT-111,2026-03-09,Chat,Billing Issue,New York,6.39,5,Yes,Negative
CALL-14595,AGT-111,2026-01-11,Phone,Cancellation,Dallas,3.56,3,No,Very Negative
CALL-14596,AGT-125,2026-06-28,Email,Technical Support,Dallas,5.8,3,Yes,Positive
CALL-14597,AGT-118,2026-06-08,Chat,Billing Issue,Chicago,6.08,4,No,Very Negative
CALL-14598,AGT-118,2026-04-20,Phone,Cancellation,Chicago,7.59,3,No,Positive
CALL-14599,AGT-115,2026-04-16,Email,Cancellation,New York,2.62,4,Yes,Neutral
CALL-14600,AGT-133,2026-04-14,Chat,Billing Issue,Chicago,3.34,4,Yes,Very Positive
CALL-14601,AGT-107,2026-06-28,Phone,Billing Issue,Dallas,12.54,4,Yes,Very Negative
CALL-14602,AGT-114,2026-01-19,Email,Technical Support,New York,3.33,1,Yes,Positive
CALL-14603,AGT-118,2026-06-21,Phone,Product Inquiry,Dallas,20.35,4,Yes,Positive
CALL-14604,AGT-116,2026-01-14,Chat,Account Access,Dallas,11.77,3,No,Positive
CALL-14605,AGT-133,2026-05-06,Phone,Account Access,Chicago,3.8,2,Yes,Very Positive
CALL-14606,AGT-122,2026-01-02,Email,Cancellation,Dallas,3.34,2,No,Very Negative
CALL-14607,AGT-113,2026-01-22,Chat,Cancellation,Los Angeles,16.6,2,No,Very Positive
CALL-14608,AGT-126,2026-02-09,Phone,Billing Issue,Dallas,6.9,1,Yes,Negative
CALL-14609,AGT-112,2026-01-02,Chat,Technical Support,Dallas,31.55,5,Yes,Positive
CALL-14610,AGT-136,2026-02-08,Chat,Technical Support,Dallas,5.72,4,Yes,Very Negative
CALL-14611,AGT-121,2026-02-14,Phone,Cancellation,Chicago,1.26,4,Yes,Positive
CALL-14612,AGT-102,2026-03-01,Phone,Technical Support,Chicago,3.62,4,Yes,Neutral
CALL-14613,AGT-116,2026-03-04,Phone,Account Access,Dallas,4.529999999999999,5,No,Negative
CALL-14614,AGT-131,2026-05-11,Email,Cancellation,Los Angeles,12.97,3,Yes,Very Positive
CALL-14615,AGT-103,2026-06-18,Phone,Account Access,Chicago,2.48,3,Yes,Positive
CALL-14616,AGT-115,2026-03-11,Phone,Product Inquiry,Los Angeles,3.32,5,Yes,Negative
CALL-14617,AGT-101,2026-03-06,Phone,Cancellation,Dallas,13.82,3,No,Negative
CALL-14618,AGT-134,2026-01-01,Chat,Cancellation,Dallas,15.09,4,Yes,Positive
CALL-14619,AGT-124,2026-05-21,Phone,Cancellation,Dallas,14.13,5,Yes,Negative
CALL-14620,AGT-101,2026-01-04,Phone,Product Inquiry,New York,2.52,2,Yes,Negative
CALL-14621,AGT-122,2026-03-27,Email,Product Inquiry,Dallas,10.57,5,Yes,Positive
CALL-14622,AGT-108,2026-05-02,Email,Product Inquiry,Chicago,1.73,1,No,Neutral
CALL-14623,AGT-131,2026-05-02,Chat,Cancellation,New York,2.99,4,Yes,Negative
CALL-14624,AGT-106,2026-03-06,Phone,Account Access,Los Angeles,6.2,4,Yes,Negative
CALL-14625,AGT-115,2026-02-25,Email,Cancellation,Dallas,35.38,2,Yes,Positive
CALL-14626,AGT-135,2026-04-27,Phone,Account Access,Los Angeles,6.79,4,Yes,Positive
CALL-14627,AGT-128,2026-02-16,Phone,Technical Support,Chicago,5.22,5,Yes,Neutral
CALL-14628,AGT-125,2026-03-06,Phone,Cancellation,New York,12.8,2,Yes,Neutral
CALL-14629,AGT-113,2026-05-01,Phone,Cancellation,New York,2.51,5,No,Neutral
CALL-14630,AGT-133,2026-04-08,Chat,Billing Issue,New York,5.7,4,Yes,Positive
CALL-14631,AGT-112,2026-01-15,Email,Billing Issue,Los Angeles,1.76,5,Yes,Very Negative
CALL-14632,AGT-101,2026-03-17,Chat,Technical Support,Dallas,1.16,4,Yes,Positive
CALL-14633,AGT-134,2026-01-04,Phone,Account Access,Dallas,8.04,3,Yes,Neutral
CALL-14634,AGT-129,2026-06-16,Phone,Billing Issue,Chicago,2.5700000000000003,4,Yes,Positive
CALL-14635,AGT-139,2026-06-29,Chat,Cancellation,Los Angeles,8.9,4,Yes,Positive
CALL-14636,AGT-117,2026-02-06,Chat,Cancellation,Dallas,2.2800000000000002,1,Yes,Very Negative
CALL-14637,AGT-113,2026-05-28,Chat,Technical Support,New York,1.38,3,Yes,Positive
CALL-14638,AGT-109,2026-06-24,Chat,Account Access,Los Angeles,1.9,3,Yes,Positive
CALL-14639,AGT-127,2026-04-21,Email,Account Access,New York,3.38,4,Yes,Very Positive
CALL-14640,AGT-122,2026-04-22,Phone,Account Access,Chicago,8.43,4,Yes,Very Positive
CALL-14641,AGT-107,2026-06-01,Phone,Billing Issue,New York,2.26,3,Yes,Negative
CALL-14642,AGT-116,2026-06-17,Phone,Product Inquiry,Dallas,4.529999999999999,3,Yes,Very Positive
CALL-14643,AGT-133,2026-01-28,Phone,Cancellation,Los Angeles,3.85,2,No,Very Positive
CALL-14644,AGT-122,2026-04-09,Chat,Cancellation,Dallas,44.92,4,Yes,Negative
CALL-14645,AGT-126,2026-05-10,Chat,Technical Support,Chicago,2.56,1,Yes,Very Positive
CALL-14646,AGT-111,2026-02-17,Phone,Billing Issue,Chicago,10.01,4,Yes,Positive
CALL-14647,AGT-118,2026-01-29,Chat,Technical Support,Chicago,6.32,3,Yes,Neutral
CALL-14648,AGT-118,2026-02-15,Phone,Account Access,Dallas,2.31,2,Yes,Positive
CALL-14649,AGT-129,2026-05-26,Phone,Account Access,Los Angeles,13.61,4,Yes,Neutral
CALL-14650,AGT-133,2026-05-10,Chat,Billing Issue,Chicago,32.92,3,No,Positive
CALL-14651,AGT-120,2026-05-03,Phone,Technical Support,New York,7.41,5,Yes,Very Positive
CALL-14652,AGT-112,2026-02-24,Phone,Technical Support,Dallas,1.63,4,Yes,Negative
CALL-14653,AGT-128,2026-01-17,Phone,Billing Issue,Chicago,31.52,3,Yes,Neutral
CALL-14654,AGT-135,2026-02-12,Chat,Account Access,Chicago,17.34,2,Yes,Negative
CALL-14655,AGT-108,2026-05-28,Email,Product Inquiry,New York,2.48,2,No,Very Positive
CALL-14656,AGT-123,2026-05-06,Phone,Cancellation,Dallas,7.25,2,Yes,Negative
CALL-14657,AGT-114,2026-06-01,Email,Cancellation,Chicago,3.98,4,Yes,Neutral
CALL-14658,AGT-105,2026-04-19,Phone,Product Inquiry,Chicago,8.309999999999999,4,Yes,Neutral
CALL-14659,AGT-121,2026-01-04,Chat,Product Inquiry,Los Angeles,6.32,4,No,Positive
CALL-14660,AGT-137,2026-01-27,Phone,Billing Issue,Dallas,5.94,3,Yes,Neutral
CALL-14661,AGT-101,2026-01-15,Chat,Product Inquiry,Dallas,6.51,1,No,Very Negative
CALL-14662,AGT-138,2026-03-22,Phone,Billing Issue,Dallas,8.46,1,Yes,Positive
CALL-14663,AGT-119,2026-01-08,Phone,Account Access,Chicago,8.15,3,Yes,Positive
CALL-14664,AGT-102,2026-03-17,Email,Cancellation,Dallas,16.92,5,Yes,Positive
CALL-14665,AGT-130,2026-01-02,Chat,Cancellation,Dallas,10.65,3,Yes,Neutral
CALL-14666,AGT-112,2026-02-25,Chat,Account Access,Dallas,2.99,5,Yes,Neutral
CALL-14667,AGT-101,2026-02-25,Email,Cancellation,Chicago,1.8399999999999999,4,Yes,Positive
CALL-14668,AGT-129,2026-05-21,Phone,Account Access,Dallas,2.9699999999999998,5,Yes,Negative
CALL-14669,AGT-135,2026-03-02,Phone,Account Access,Los Angeles,2.1399999999999997,5,Yes,Very Positive
CALL-14670,AGT-106,2026-04-30,Email,Billing Issue,Dallas,5.65,3,No,Positive
CALL-14671,AGT-115,2026-03-26,Chat,Cancellation,New York,30.8,4,Yes,Positive
CALL-14672,AGT-104,2026-04-17,Chat,Technical Support,New York,1.34,3,Yes,Positive
CALL-14673,AGT-118,2026-04-07,Chat,Cancellation,Los Angeles,6.29,1,Yes,Neutral
CALL-14674,AGT-138,2026-05-11,Chat,Product Inquiry,Dallas,1.6600000000000001,5,No,Very Positive
CALL-14675,AGT-116,2026-05-14,Chat,Billing Issue,Los Angeles,18.71,5,Yes,Very Positive
CALL-14676,AGT-103,2026-01-09,Phone,Cancellation,Dallas,3.2,2,Yes,Positive
CALL-14677,AGT-121,2026-06-01,Phone,Billing Issue,Los Angeles,3.17,4,Yes,Positive
CALL-14678,AGT-130,2026-04-13,Chat,Billing Issue,Chicago,4.51,4,Yes,Neutral
CALL-14679,AGT-129,2026-06-07,Chat,Account Access,New York,1.49,3,Yes,Neutral
CALL-14680,AGT-120,2026-04-23,Phone,Account Access,Los Angeles,3.68,3,Yes,Neutral
CALL-14681,AGT-102,2026-01-23,Phone,Cancellation,Dallas,7.6,3,Yes,Positive
CALL-14682,AGT-136,2026-02-13,Phone,Product Inquiry,Dallas,7.8,5,Yes,Positive
CALL-14683,AGT-117,2026-01-23,Phone,Cancellation,New York,5.79,5,Yes,Very Positive
CALL-14684,AGT-130,2026-05-23,Email,Billing Issue,New York,4.27,5,Yes,Positive
CALL-14685,AGT-108,2026-05-16,Phone,Cancellation,Dallas,13.86,4,No,Very Positive
CALL-14686,AGT-135,2026-06-09,Email,Billing Issue,Los Angeles,2.0,5,Yes,Very Positive
CALL-14687,AGT-137,2026-06-29,Phone,Technical Support,Los Angeles,1.9300000000000002,5,Yes,Very Positive
CALL-14688,AGT-134,2026-04-12,Phone,Cancellation,Chicago,3.1,4,Yes,Neutral
CALL-14689,AGT-122,2026-04-03,Phone,Product Inquiry,Los Angeles,1.94,4,Yes,Very Positive
CALL-14690,AGT-139,2026-02-08,Phone,Account Access,Chicago,15.22,4,Yes,Very Positive
CALL-14691,AGT-128,2026-03-05,Phone,Product Inquiry,Dallas,6.16,5,Yes,Neutral
CALL-14692,AGT-130,2026-02-20,Chat,Account Access,New York,2.3899999999999997,4,Yes,Very Positive
CALL-14693,AGT-117,2026-01-22,Phone,Account Access,Dallas,1.56,5,Yes,Positive
CALL-14694,AGT-118,2026-04-29,Chat,Product Inquiry,Los Angeles,2.45,4,Yes,Very Positive
CALL-14695,AGT-111,2026-03-25,Phone,Cancellation,Chicago,18.34,1,Yes,Neutral
CALL-14696,AGT-107,2026-06-07,Phone,Billing Issue,Dallas,10.97,5,Yes,Very Negative
CALL-14697,AGT-117,2026-01-30,Chat,Cancellation,New York,2.15,5,Yes,Very Positive
CALL-14698,AGT-121,2026-05-15,Phone,Technical Support,New York,10.28,5,Yes,Positive
CALL-14699,AGT-110,2026-01-09,Email,Product Inquiry,Chicago,6.89,2,Yes,Very Positive
CALL-14700,AGT-126,2026-01-11,Phone,Technical Support,Los Angeles,10.27,3,Yes,Very Positive
CALL-14701,AGT-106,2026-04-17,Chat,Technical Support,Dallas,1.92,4,Yes,Negative
CALL-14702,AGT-128,2026-03-03,Phone,Account Access,Los Angeles,17.09,5,Yes,Positive
CALL-14703,AGT-105,2026-02-15,Phone,Technical Support,Dallas,1.04,4,Yes,Positive
CALL-14704,AGT-133,2026-05-31,Chat,Cancellation,New York,2.88,5,Yes,Very Positive
CALL-14705,AGT-127,2026-02-22,Phone,Billing Issue,Dallas,7.06,3,Yes,Neutral
CALL-14706,AGT-128,2026-02-13,Chat,Account Access,New York,10.02,3,No,Neutral
CALL-14707,AGT-136,2026-01-28,Phone,Cancellation,Los Angeles,4.85,3,Yes,Positive
CALL-14708,AGT-102,2026-06-11,Chat,Product Inquiry,Chicago,3.33,5,Yes,Neutral
CALL-14709,AGT-110,2026-06-09,Phone,Billing Issue,Los Angeles,15.94,5,Yes,Positive
CALL-14710,AGT-101,2026-03-03,Phone,Billing Issue,Chicago,3.33,2,Yes,Neutral
CALL-14711,AGT-121,2026-02-01,Phone,Account Access,New York,1.6,5,Yes,Very Positive
CALL-14712,AGT-133,2026-06-10,Chat,Technical Support,Los Angeles,3.04,4,Yes,Positive
CALL-14713,AGT-109,2026-06-29,Chat,Account Access,Dallas,6.54,3,Yes,Neutral
CALL-14714,AGT-118,2026-01-05,Email,Technical Support,New York,6.74,1,Yes,Very Negative
CALL-14715,AGT-108,2026-02-21,Phone,Product Inquiry,New York,5.71,3,No,Neutral
CALL-14716,AGT-133,2026-06-01,Chat,Product Inquiry,New York,4.4399999999999995,5,Yes,Positive
CALL-14717,AGT-135,2026-06-16,Email,Technical Support,New York,5.93,3,Yes,Neutral
CALL-14718,AGT-107,2026-06-19,Phone,Account Access,New York,7.48,4,Yes,Negative
CALL-14719,AGT-118,2026-05-14,Chat,Cancellation,Chicago,2.5700000000000003,4,No,Neutral
CALL-14720,AGT-132,2026-04-06,Phone,Product Inquiry,New York,9.51,3,Yes,Very Positive
CALL-14721,AGT-101,2026-05-08,Phone,Technical Support,Los Angeles,5.25,5,Yes,Negative
CALL-14722,AGT-109,2026-02-27,Phone,Product Inquiry,New York,1.54,5,No,Positive
CALL-14723,AGT-115,2026-03-19,Phone,Account Access,New York,2.83,4,Yes,Negative
CALL-14724,AGT-127,2026-06-28,Phone,Account Access,Dallas,12.34,4,No,Positive
CALL-14725,AGT-124,2026-01-26,Phone,Cancellation,New York,7.67,4,Yes,Negative
CALL-14726,AGT-117,2026-04-09,Phone,Account Access,Dallas,2.99,4,Yes,Negative
CALL-14727,AGT-109,2026-02-18,Chat,Product Inquiry,Los Angeles,10.74,5,Yes,Positive
CALL-14728,AGT-121,2026-03-27,Chat,Product Inquiry,Chicago,1.53,5,No,Positive
CALL-14729,AGT-123,2026-01-04,Phone,Technical Support,Chicago,4.02,5,Yes,Negative
CALL-14730,AGT-120,2026-03-07,Phone,Product Inquiry,Los Angeles,2.0700000000000003,4,Yes,Neutral
CALL-14731,AGT-102,2026-01-28,Email,Billing Issue,Chicago,6.39,5,Yes,Very Negative
CALL-14732,AGT-134,2026-02-14,Chat,Account Access,Dallas,2.67,4,Yes,Neutral
CALL-14733,AGT-137,2026-06-16,Email,Technical Support,Dallas,3.89,5,Yes,Very Negative
CALL-14734,AGT-129,2026-01-29,Chat,Billing Issue,Chicago,4.02,4,No,Very Negative
CALL-14735,AGT-132,2026-02-27,Chat,Product Inquiry,New York,6.99,3,Yes,Neutral
CALL-14736,AGT-123,2026-03-15,Chat,Account Access,Chicago,3.34,4,No,Positive
CALL-14737,AGT-104,2026-06-21,Phone,Cancellation,Los Angeles,1.6099999999999999,2,Yes,Positive
CALL-14738,AGT-102,2026-03-19,Chat,Technical Support,Dallas,3.79,5,Yes,Very Positive
CALL-14739,AGT-122,2026-04-22,Chat,Product Inquiry,New York,8.46,4,No,Positive
CALL-14740,AGT-106,2026-06-23,Phone,Billing Issue,Los Angeles,3.7,4,Yes,Very Positive
CALL-14741,AGT-134,2026-06-13,Phone,Billing Issue,Chicago,4.41,3,Yes,Very Positive
CALL-14742,AGT-111,2026-03-21,Phone,Account Access,New York,2.16,1,No,Positive
CALL-14743,AGT-139,2026-06-12,Phone,Technical Support,Chicago,12.91,2,Yes,Neutral
CALL-14744,AGT-129,2026-03-05,Chat,Technical Support,Los Angeles,16.52,3,No,Very Positive
CALL-14745,AGT-121,2026-04-30,Phone,Account Access,Dallas,12.74,4,Yes,Very Positive
CALL-14746,AGT-124,2026-04-04,Phone,Account Access,New York,8.07,4,Yes,Very Negative
CALL-14747,AGT-130,2026-06-28,Email,Product Inquiry,Chicago,10.82,2,Yes,Neutral
CALL-14748,AGT-137,2026-01-27,Phone,Technical Support,Dallas,3.36,4,Yes,Very Negative
CALL-14749,AGT-126,2026-02-12,Chat,Cancellation,New York,2.12,2,Yes,Very Positive
CALL-14750,AGT-135,2026-01-26,Phone,Cancellation,New York,12.81,3,Yes,Positive
CALL-14751,AGT-127,2026-04-21,Phone,Billing Issue,Chicago,3.91,4,No,Positive
CALL-14752,AGT-101,2026-03-11,Email,Technical Support,New York,2.85,1,No,Positive
CALL-14753,AGT-105,2026-05-15,Email,Product Inquiry,Dallas,12.84,4,Yes,Very Positive
CALL-14754,AGT-103,2026-01-22,Chat,Billing Issue,Dallas,1.99,4,Yes,Very Negative
CALL-14755,AGT-137,2026-01-28,Phone,Product Inquiry,Los Angeles,8.74,5,Yes,Positive
CALL-14756,AGT-128,2026-01-21,Phone,Cancellation,Los Angeles,1.02,4,Yes,Very Positive
CALL-14757,AGT-117,2026-04-25,Phone,Technical Support,New York,12.22,3,No,Very Positive
CALL-14758,AGT-134,2026-03-06,Email,Technical Support,Chicago,18.87,3,No,Neutral
CALL-14759,AGT-106,2026-06-01,Chat,Billing Issue,Chicago,6.33,3,Yes,Positive
CALL-14760,AGT-138,2026-03-03,Phone,Account Access,Chicago,38.8,3,Yes,Very Negative
CALL-14761,AGT-115,2026-01-16,Chat,Account Access,Los Angeles,13.8,4,Yes,Positive
CALL-14762,AGT-135,2026-05-14,Email,Cancellation,Los Angeles,4.8100000000000005,4,Yes,Positive
CALL-14763,AGT-124,2026-05-19,Phone,Cancellation,Los Angeles,1.35,5,Yes,Very Negative
CALL-14764,AGT-115,2026-06-22,Phone,Billing Issue,New York,2.38,4,Yes,Very Positive
CALL-14765,AGT-117,2026-01-01,Phone,Billing Issue,New York,4.83,4,Yes,Neutral
CALL-14766,AGT-118,2026-05-20,Email,Billing Issue,Los Angeles,1.07,5,Yes,Positive
CALL-14767,AGT-112,2026-05-05,Chat,Technical Support,Dallas,9.7,3,Yes,Very Positive
CALL-14768,AGT-124,2026-02-21,Phone,Cancellation,New York,4.45,4,Yes,Negative
CALL-14769,AGT-104,2026-04-06,Chat,Technical Support,New York,3.28,4,Yes,Negative
CALL-14770,AGT-124,2026-06-13,Phone,Account Access,Chicago,2.33,5,Yes,Very Negative
CALL-14771,AGT-132,2026-05-15,Phone,Cancellation,Los Angeles,9.89,4,No,Very Positive
CALL-14772,AGT-110,2026-02-20,Phone,Technical Support,Los Angeles,5.27,2,No,Neutral
CALL-14773,AGT-139,2026-06-29,Email,Cancellation,Chicago,1.83,1,Yes,Positive
CALL-14774,AGT-120,2026-04-08,Email,Cancellation,Dallas,10.22,5,Yes,Positive
CALL-14775,AGT-113,2026-04-21,Email,Product Inquiry,Los Angeles,12.75,4,Yes,Very Negative
CALL-14776,AGT-129,2026-01-31,Email,Account Access,New York,7.87,2,Yes,Positive
CALL-14777,AGT-109,2026-03-17,Phone,Cancellation,New York,2.8600000000000003,3,Yes,Very Positive
CALL-14778,AGT-103,2026-03-22,Phone,Billing Issue,Chicago,3.68,4,Yes,Positive
CALL-14779,AGT-111,2026-02-12,Phone,Product Inquiry,Chicago,7.72,1,Yes,Very Negative
CALL-14780,AGT-109,2026-04-23,Phone,Account Access,Chicago,5.48,2,Yes,Neutral
CALL-14781,AGT-127,2026-01-22,Phone,Technical Support,Dallas,3.74,4,Yes,Very Negative
CALL-14782,AGT-139,2026-02-06,Phone,Product Inquiry,Chicago,1.9,4,Yes,Neutral
CALL-14783,AGT-130,2026-01-13,Email,Billing Issue,New York,32.120000000000005,4,Yes,Neutral
CALL-14784,AGT-134,2026-06-05,Chat,Cancellation,Dallas,2.85,3,No,Positive
CALL-14785,AGT-136,2026-01-08,Phone,Billing Issue,Los Angeles,3.27,4,Yes,Positive
CALL-14786,AGT-119,2026-01-01,Email,Product Inquiry,Los Angeles,16.73,5,Yes,Neutral
CALL-14787,AGT-103,2026-01-13,Chat,Technical Support,New York,1.45,4,Yes,Very Positive
CALL-14788,AGT-107,2026-02-16,Chat,Product Inquiry,Chicago,14.2,5,No,Neutral
CALL-14789,AGT-113,2026-03-21,Email,Product Inquiry,Dallas,5.51,3,No,Negative
CALL-14790,AGT-119,2026-06-07,Phone,Product Inquiry,Los Angeles,15.52,3,Yes,Very Positive
CALL-14791,AGT-118,2026-06-25,Email,Technical Support,Chicago,3.67,4,Yes,Positive
CALL-14792,AGT-134,2026-01-29,Phone,Cancellation,Chicago,2.71,4,Yes,Very Positive
CALL-14793,AGT-110,2026-04-18,Chat,Technical Support,Dallas,1.17,5,Yes,Very Positive
CALL-14794,AGT-132,2026-01-01,Email,Account Access,Los Angeles,4.33,5,Yes,Positive
CALL-14795,AGT-133,2026-03-28,Phone,Account Access,Los Angeles,5.66,5,Yes,Negative
CALL-14796,AGT-123,2026-06-25,Phone,Cancellation,Chicago,1.35,4,Yes,Positive
CALL-14797,AGT-122,2026-01-15,Phone,Technical Support,Dallas,14.53,3,Yes,Positive
CALL-14798,AGT-122,2026-05-12,Phone,Account Access,Los Angeles,3.44,4,Yes,Very Negative
CALL-14799,AGT-114,2026-04-23,Phone,Account Access,Chicago,9.54,4,Yes,Positive
CALL-14800,AGT-118,2026-01-12,Phone,Cancellation,Los Angeles,1.54,5,Yes,Positive
CALL-14801,AGT-115,2026-02-07,Phone,Technical Support,Dallas,30.61,2,Yes,Positive
CALL-14802,AGT-113,2026-03-21,Phone,Cancellation,New York,1.56,3,Yes,Neutral
CALL-14803,AGT-135,2026-06-16,Phone,Technical Support,Los Angeles,2.62,5,Yes,Very Positive
CALL-14804,AGT-123,2026-05-29,Phone,Technical Support,Chicago,8.85,3,No,Negative
CALL-14805,AGT-113,2026-04-28,Email,Account Access,New York,1.1400000000000001,4,Yes,Neutral
CALL-14806,AGT-126,2026-05-16,Phone,Technical Support,Dallas,11.16,4,Yes,Neutral
CALL-14807,AGT-134,2026-05-06,Phone,Billing Issue,Dallas,5.26,5,Yes,Very Positive
CALL-14808,AGT-129,2026-03-24,Chat,Billing Issue,New York,4.6,4,Yes,Very Negative
CALL-14809,AGT-126,2026-05-29,Chat,Technical Support,New York,4.25,4,Yes,Negative
CALL-14810,AGT-118,2026-02-13,Phone,Cancellation,New York,17.11,2,Yes,Positive
CALL-14811,AGT-110,2026-02-07,Chat,Technical Support,Los Angeles,4.609999999999999,4,Yes,Very Negative
CALL-14812,AGT-126,2026-03-12,Phone,Technical Support,New York,5.75,5,Yes,Very Positive
CALL-14813,AGT-123,2026-05-02,Phone,Billing Issue,New York,5.61,3,Yes,Very Positive
CALL-14814,AGT-101,2026-05-12,Email,Billing Issue,New York,2.1100000000000003,3,No,Positive
CALL-14815,AGT-115,2026-02-09,Phone,Billing Issue,Dallas,17.15,3,Yes,Negative
CALL-14816,AGT-103,2026-03-21,Phone,Technical Support,Dallas,2.6100000000000003,4,Yes,Very Positive
CALL-14817,AGT-111,2026-02-02,Phone,Cancellation,Los Angeles,11.43,3,Yes,Very Positive
CALL-14818,AGT-105,2026-02-01,Chat,Account Access,Dallas,1.92,3,No,Positive
CALL-14819,AGT-103,2026-04-06,Phone,Technical Support,Los Angeles,16.48,5,Yes,Very Positive
CALL-14820,AGT-137,2026-04-21,Phone,Technical Support,New York,5.28,1,Yes,Very Positive
CALL-14821,AGT-110,2026-04-06,Chat,Product Inquiry,Chicago,1.69,2,Yes,Neutral
CALL-14822,AGT-136,2026-03-05,Chat,Product Inquiry,New York,2.8200000000000003,3,Yes,Very Positive
CALL-14823,AGT-123,2026-06-09,Phone,Account Access,Dallas,2.9,5,Yes,Negative
CALL-14824,AGT-135,2026-03-24,Chat,Account Access,Los Angeles,6.11,5,Yes,Negative
CALL-14825,AGT-109,2026-06-28,Email,Cancellation,Los Angeles,5.39,5,Yes,Neutral
CALL-14826,AGT-102,2026-02-14,Phone,Cancellation,Los Angeles,4.35,3,Yes,Positive
CALL-14827,AGT-113,2026-05-09,Phone,Product Inquiry,New York,1.15,3,Yes,Very Positive
CALL-14828,AGT-122,2026-04-04,Phone,Technical Support,Chicago,6.62,2,Yes,Very Positive
CALL-14829,AGT-123,2026-03-22,Phone,Cancellation,Dallas,1.78,3,Yes,Positive
CALL-14830,AGT-113,2026-03-08,Chat,Product Inquiry,Dallas,4.9,5,Yes,Negative
CALL-14831,AGT-123,2026-05-10,Chat,Product Inquiry,Dallas,4.390000000000001,2,Yes,Neutral
CALL-14832,AGT-138,2026-06-11,Email,Technical Support,Chicago,31.6,3,Yes,Very Positive
CALL-14833,AGT-122,2026-02-08,Phone,Technical Support,New York,3.14,4,Yes,Very Negative
CALL-14834,AGT-107,2026-05-12,Phone,Cancellation,Dallas,13.38,2,No,Neutral
CALL-14835,AGT-138,2026-05-17,Phone,Product Inquiry,New York,16.95,4,Yes,Positive
CALL-14836,AGT-128,2026-02-14,Phone,Billing Issue,Chicago,15.58,4,Yes,Positive
CALL-14837,AGT-120,2026-05-27,Phone,Account Access,Los Angeles,2.67,1,Yes,Very Positive
CALL-14838,AGT-116,2026-02-06,Chat,Billing Issue,Los Angeles,5.32,5,Yes,Very Positive
CALL-14839,AGT-138,2026-04-02,Chat,Technical Support,Los Angeles,19.51,4,No,Very Positive
CALL-14840,AGT-127,2026-05-19,Chat,Technical Support,Dallas,10.01,2,No,Neutral
CALL-14841,AGT-105,2026-01-13,Email,Billing Issue,Chicago,2.04,2,No,Very Positive
CALL-14842,AGT-111,2026-05-28,Phone,Product Inquiry,Dallas,4.38,2,Yes,Negative
CALL-14843,AGT-102,2026-01-26,Phone,Account Access,Chicago,3.05,4,Yes,Positive
CALL-14844,AGT-105,2026-01-20,Phone,Account Access,New York,12.59,5,Yes,Positive
CALL-14845,AGT-124,2026-02-21,Phone,Cancellation,New York,1.24,4,Yes,Negative
CALL-14846,AGT-119,2026-05-12,Phone,Billing Issue,Chicago,5.62,4,Yes,Positive
CALL-14847,AGT-124,2026-02-21,Chat,Product Inquiry,New York,1.8599999999999999,3,Yes,Negative
CALL-14848,AGT-122,2026-05-21,Email,Billing Issue,Dallas,15.91,1,Yes,Neutral
CALL-14849,AGT-108,2026-06-15,Chat,Product Inquiry,Chicago,14.11,5,Yes,Positive
CALL-14850,AGT-131,2026-01-21,Phone,Account Access,Dallas,9.27,3,Yes,Very Positive
CALL-14851,AGT-108,2026-06-23,Phone,Account Access,Los Angeles,11.41,4,Yes,Positive
CALL-14852,AGT-128,2026-01-22,Phone,Technical Support,Chicago,1.08,3,No,Neutral
CALL-14853,AGT-137,2026-03-14,Phone,Cancellation,Chicago,15.09,4,Yes,Positive
CALL-14854,AGT-102,2026-02-09,Chat,Account Access,Los Angeles,3.17,5,Yes,Neutral
CALL-14855,AGT-118,2026-02-09,Email,Product Inquiry,Chicago,6.94,4,Yes,Neutral
CALL-14856,AGT-107,2026-02-19,Chat,Account Access,Dallas,7.7,3,Yes,Positive
CALL-14857,AGT-132,2026-01-19,Chat,Billing Issue,Dallas,3.04,2,Yes,Positive
CALL-14858,AGT-129,2026-03-12,Phone,Billing Issue,Los Angeles,16.48,3,Yes,Neutral
CALL-14859,AGT-130,2026-02-26,Email,Product Inquiry,New York,1.06,1,Yes,Positive
CALL-14860,AGT-113,2026-02-23,Phone,Account Access,Dallas,3.88,2,Yes,Very Positive
CALL-14861,AGT-127,2026-04-29,Chat,Technical Support,New York,6.48,5,Yes,Negative
CALL-14862,AGT-103,2026-03-31,Phone,Technical Support,New York,8.46,3,Yes,Positive
CALL-14863,AGT-125,2026-02-20,Chat,Cancellation,Chicago,2.3600000000000003,2,Yes,Negative
CALL-14864,AGT-131,2026-05-26,Email,Technical Support,New York,34.03,5,Yes,Negative
CALL-14865,AGT-139,2026-04-29,Chat,Technical Support,Chicago,2.54,4,Yes,Neutral
CALL-14866,AGT-117,2026-03-21,Phone,Account Access,Los Angeles,18.84,4,Yes,Neutral
CALL-14867,AGT-125,2026-01-19,Chat,Product Inquiry,Los Angeles,2.13,4,No,Very Positive
CALL-14868,AGT-106,2026-06-25,Phone,Cancellation,Chicago,21.83,2,Yes,Positive
CALL-14869,AGT-118,2026-06-07,Phone,Account Access,Dallas,5.92,4,No,Positive
CALL-14870,AGT-103,2026-04-23,Chat,Billing Issue,Los Angeles,2.66,1,Yes,Very Positive
CALL-14871,AGT-119,2026-04-15,Chat,Technical Support,Los Angeles,11.65,4,Yes,Positive
CALL-14872,AGT-101,2026-06-12,Chat,Billing Issue,Dallas,7.11,4,Yes,Positive
CALL-14873,AGT-114,2026-06-28,Email,Account Access,New York,8.73,5,Yes,Neutral
CALL-14874,AGT-139,2026-04-27,Phone,Product Inquiry,New York,7.57,4,Yes,Very Positive
CALL-14875,AGT-129,2026-06-14,Email,Billing Issue,Chicago,9.46,4,Yes,Positive
CALL-14876,AGT-124,2026-04-19,Phone,Billing Issue,Dallas,7.14,3,Yes,Very Negative
CALL-14877,AGT-119,2026-03-25,Email,Technical Support,New York,1.55,3,Yes,Positive
CALL-14878,AGT-132,2026-04-10,Chat,Account Access,Chicago,3.59,4,Yes,Positive
CALL-14879,AGT-111,2026-03-16,Chat,Billing Issue,Chicago,2.84,2,Yes,Very Positive
CALL-14880,AGT-125,2026-01-15,Email,Cancellation,Dallas,1.53,5,Yes,Positive
CALL-14881,AGT-117,2026-02-01,Email,Billing Issue,Chicago,13.59,2,Yes,Neutral
CALL-14882,AGT-134,2026-04-09,Chat,Technical Support,Chicago,13.69,4,No,Positive
CALL-14883,AGT-105,2026-03-31,Phone,Account Access,Chicago,11.74,4,No,Neutral
CALL-14884,AGT-139,2026-06-02,Email,Account Access,Los Angeles,16.15,5,Yes,Very Negative
CALL-14885,AGT-115,2026-04-18,Email,Technical Support,New York,8.15,2,Yes,Very Negative
CALL-14886,AGT-133,2026-01-29,Email,Account Access,New York,8.51,2,Yes,Neutral
CALL-14887,AGT-122,2026-03-03,Chat,Billing Issue,Dallas,28.27,4,Yes,Negative
CALL-14888,AGT-127,2026-06-27,Chat,Product Inquiry,New York,2.2800000000000002,4,Yes,Neutral
CALL-14889,AGT-117,2026-03-10,Phone,Cancellation,Dallas,5.66,3,Yes,Very Positive
CALL-14890,AGT-124,2026-02-03,Phone,Technical Support,Dallas,3.81,5,Yes,Positive
CALL-14891,AGT-108,2026-01-05,Phone,Billing Issue,Los Angeles,1.29,4,Yes,Very Positive
CALL-14892,AGT-110,2026-06-17,Phone,Technical Support,Chicago,1.34,4,Yes,Very Positive
CALL-14893,AGT-120,2026-01-23,Phone,Account Access,New York,12.4,3,Yes,Positive
CALL-14894,AGT-133,2026-02-26,Phone,Billing Issue,Dallas,4.779999999999999,1,Yes,Positive
CALL-14895,AGT-139,2026-06-16,Phone,Technical Support,Los Angeles,4.16,5,Yes,Very Positive
CALL-14896,AGT-134,2026-04-13,Chat,Billing Issue,Dallas,4.85,1,Yes,Positive
CALL-14897,AGT-132,2026-04-07,Chat,Technical Support,Dallas,1.03,4,Yes,Very Positive
CALL-14898,AGT-121,2026-05-31,Chat,Technical Support,Dallas,9.45,3,No,Positive
CALL-14899,AGT-121,2026-03-18,Phone,Product Inquiry,Chicago,21.7,5,Yes,Very Positive
CALL-14900,AGT-112,2026-02-12,Phone,Cancellation,Chicago,5.23,3,Yes,Positive
CALL-14901,AGT-118,2026-01-15,Phone,Account Access,Dallas,18.12,4,Yes,Very Positive
CALL-14902,AGT-116,2026-04-20,Email,Technical Support,New York,39.02,4,Yes,Neutral
CALL-14903,AGT-128,2026-02-23,Chat,Cancellation,Los Angeles,8.91,4,Yes,Positive
CALL-14904,AGT-136,2026-01-24,Email,Billing Issue,Chicago,11.43,4,Yes,Very Negative
CALL-14905,AGT-122,2026-05-12,Email,Technical Support,New York,3.19,3,Yes,Very Positive
CALL-14906,AGT-132,2026-02-22,Chat,Product Inquiry,New York,7.02,2,Yes,Very Positive
CALL-14907,AGT-118,2026-05-12,Phone,Cancellation,New York,1.06,1,Yes,Positive
CALL-14908,AGT-113,2026-01-23,Phone,Cancellation,Dallas,9.81,4,Yes,Neutral
CALL-14909,AGT-116,2026-06-06,Phone,Product Inquiry,Los Angeles,7.49,4,Yes,Very Negative
CALL-14910,AGT-112,2026-01-01,Chat,Account Access,New York,5.68,5,Yes,Very Positive
CALL-14911,AGT-104,2026-05-20,Chat,Product Inquiry,Dallas,3.42,1,Yes,Very Positive
CALL-14912,AGT-111,2026-01-13,Email,Billing Issue,Dallas,7.23,3,Yes,Very Negative
CALL-14913,AGT-107,2026-06-20,Phone,Cancellation,New York,1.53,2,No,Very Negative
CALL-14914,AGT-124,2026-03-22,Chat,Technical Support,Los Angeles,2.33,1,No,Positive
CALL-14915,AGT-119,2026-06-22,Chat,Product Inquiry,Chicago,9.22,4,No,Very Positive
CALL-14916,AGT-124,2026-06-20,Email,Billing Issue,Los Angeles,1.09,4,Yes,Positive
CALL-14917,AGT-137,2026-06-06,Phone,Product Inquiry,New York,31.44,4,Yes,Neutral
CALL-14918,AGT-123,2026-06-04,Phone,Technical Support,Chicago,3.95,1,Yes,Very Positive
CALL-14919,AGT-116,2026-01-24,Phone,Account Access,Los Angeles,7.4,4,Yes,Positive
CALL-14920,AGT-103,2026-06-12,Phone,Cancellation,New York,2.1799999999999997,4,Yes,Very Negative
CALL-14921,AGT-120,2026-01-14,Phone,Product Inquiry,Chicago,10.09,5,Yes,Very Negative
CALL-14922,AGT-103,2026-01-12,Chat,Product Inquiry,Chicago,12.81,5,Yes,Neutral
CALL-14923,AGT-127,2026-03-14,Phone,Technical Support,New York,1.41,4,Yes,Very Negative
CALL-14924,AGT-113,2026-05-29,Phone,Product Inquiry,Los Angeles,3.65,3,Yes,Very Positive
CALL-14925,AGT-135,2026-03-18,Phone,Product Inquiry,Chicago,3.63,5,Yes,Very Positive
CALL-14926,AGT-121,2026-05-22,Chat,Product Inquiry,Dallas,21.25,2,No,Neutral
CALL-14927,AGT-137,2026-06-13,Phone,Product Inquiry,New York,5.6,4,Yes,Negative
CALL-14928,AGT-106,2026-04-16,Email,Cancellation,New York,6.48,3,No,Positive
CALL-14929,AGT-112,2026-05-13,Chat,Account Access,Chicago,4.8100000000000005,4,Yes,Very Negative
CALL-14930,AGT-139,2026-02-24,Email,Product Inquiry,New York,8.469999999999999,3,No,Negative
CALL-14931,AGT-127,2026-05-05,Chat,Cancellation,Los Angeles,5.69,3,Yes,Negative
CALL-14932,AGT-111,2026-04-30,Chat,Product Inquiry,Chicago,18.89,5,Yes,Positive
CALL-14933,AGT-112,2026-03-09,Chat,Billing Issue,New York,8.8,5,Yes,Neutral
CALL-14934,AGT-111,2026-01-04,Phone,Billing Issue,Chicago,3.68,4,Yes,Very Positive
CALL-14935,AGT-132,2026-06-08,Email,Cancellation,Dallas,6.55,5,No,Positive
CALL-14936,AGT-118,2026-04-30,Chat,Technical Support,Los Angeles,12.01,5,Yes,Neutral
CALL-14937,AGT-107,2026-01-02,Chat,Billing Issue,Los Angeles,4.779999999999999,3,Yes,Very Negative
CALL-14938,AGT-120,2026-03-23,Phone,Billing Issue,Dallas,4.66,3,Yes,Very Positive
CALL-14939,AGT-109,2026-03-31,Phone,Cancellation,Dallas,5.56,5,Yes,Very Positive
CALL-14940,AGT-122,2026-06-29,Phone,Product Inquiry,Chicago,5.92,5,Yes,Positive
CALL-14941,AGT-128,2026-04-04,Email,Billing Issue,Los Angeles,3.9,2,No,Positive
CALL-14942,AGT-118,2026-01-10,Email,Cancellation,New York,7.8,4,No,Neutral
CALL-14943,AGT-113,2026-03-09,Chat,Account Access,Dallas,1.52,4,Yes,Positive
CALL-14944,AGT-118,2026-01-13,Chat,Billing Issue,Chicago,3.33,1,Yes,Positive
CALL-14945,AGT-105,2026-05-05,Phone,Technical Support,New York,16.22,5,Yes,Very Positive
CALL-14946,AGT-135,2026-06-27,Phone,Account Access,Chicago,5.46,5,Yes,Positive
CALL-14947,AGT-124,2026-03-01,Chat,Account Access,Los Angeles,10.93,4,No,Neutral
CALL-14948,AGT-119,2026-02-09,Phone,Product Inquiry,Los Angeles,1.85,4,Yes,Neutral
CALL-14949,AGT-137,2026-05-01,Chat,Cancellation,Dallas,14.37,4,Yes,Very Positive
CALL-14950,AGT-126,2026-02-02,Phone,Product Inquiry,Dallas,1.88,1,Yes,Very Positive
CALL-14951,AGT-105,2026-05-09,Phone,Technical Support,Chicago,4.91,3,Yes,Neutral
CALL-14952,AGT-134,2026-05-01,Phone,Account Access,New York,12.5,4,No,Positive
CALL-14953,AGT-111,2026-04-09,Email,Cancellation,Los Angeles,11.64,1,Yes,Positive
CALL-14954,AGT-102,2026-03-13,Chat,Account Access,Chicago,8.76,2,No,Positive
CALL-14955,AGT-104,2026-04-23,Phone,Billing Issue,Dallas,2.96,4,Yes,Very Negative
CALL-14956,AGT-132,2026-02-23,Chat,Billing Issue,New York,11.58,5,Yes,Negative
CALL-14957,AGT-101,2026-01-27,Chat,Cancellation,Los Angeles,1.67,5,Yes,Positive
CALL-14958,AGT-102,2026-04-14,Email,Billing Issue,New York,24.54,4,Yes,Positive
CALL-14959,AGT-134,2026-05-02,Chat,Technical Support,Los Angeles,1.06,5,No,Neutral
CALL-14960,AGT-115,2026-01-02,Chat,Billing Issue,Los Angeles,1.3900000000000001,2,Yes,Neutral
CALL-14961,AGT-103,2026-01-04,Phone,Product Inquiry,Chicago,16.91,3,Yes,Negative
CALL-14962,AGT-122,2026-02-17,Phone,Account Access,Los Angeles,12.16,4,Yes,Neutral
CALL-14963,AGT-130,2026-06-02,Phone,Technical Support,Dallas,1.16,2,Yes,Neutral
CALL-14964,AGT-121,2026-04-06,Phone,Billing Issue,New York,1.54,5,No,Very Positive
CALL-14965,AGT-110,2026-02-04,Email,Product Inquiry,New York,3.11,3,Yes,Neutral
CALL-14966,AGT-132,2026-04-20,Phone,Billing Issue,New York,18.53,4,Yes,Negative
CALL-14967,AGT-128,2026-05-27,Phone,Cancellation,Los Angeles,3.22,5,Yes,Positive
CALL-14968,AGT-115,2026-04-14,Phone,Technical Support,Dallas,7.79,2,No,Positive
CALL-14969,AGT-138,2026-01-15,Chat,Account Access,Los Angeles,1.05,5,Yes,Positive
CALL-14970,AGT-106,2026-02-07,Email,Technical Support,Los Angeles,2.24,3,Yes,Very Negative
CALL-14971,AGT-112,2026-03-14,Email,Cancellation,Dallas,3.19,3,No,Very Positive
CALL-14972,AGT-135,2026-03-24,Phone,Account Access,Chicago,9.89,4,No,Positive
CALL-14973,AGT-115,2026-02-20,Chat,Cancellation,Dallas,5.29,4,Yes,Positive
CALL-14974,AGT-135,2026-05-21,Chat,Billing Issue,Dallas,1.1,4,Yes,Very Positive
CALL-14975,AGT-109,2026-02-07,Phone,Product Inquiry,New York,7.15,5,Yes,Neutral
CALL-14976,AGT-128,2026-01-21,Email,Product Inquiry,New York,18.5,1,Yes,Neutral
CALL-14977,AGT-106,2026-05-23,Phone,Billing Issue,New York,5.3,3,No,Positive
CALL-14978,AGT-139,2026-02-04,Phone,Product Inquiry,Los Angeles,10.51,4,No,Neutral
CALL-14979,AGT-139,2026-05-08,Chat,Technical Support,Chicago,9.47,5,Yes,Positive
CALL-14980,AGT-121,2026-01-15,Chat,Product Inquiry,Chicago,15.18,5,Yes,Very Positive
CALL-14981,AGT-114,2026-05-06,Chat,Cancellation,Los Angeles,1.77,3,Yes,Neutral
CALL-14982,AGT-139,2026-04-10,Phone,Cancellation,Dallas,9.88,2,Yes,Very Negative
CALL-14983,AGT-137,2026-05-06,Chat,Technical Support,Chicago,3.03,5,Yes,Positive
CALL-14984,AGT-119,2026-06-06,Email,Cancellation,New York,9.33,4,Yes,Very Negative
CALL-14985,AGT-101,2026-05-22,Email,Billing Issue,Los Angeles,3.8,4,No,Very Positive
CALL-14986,AGT-134,2026-02-27,Phone,Cancellation,New York,6.13,1,Yes,Negative
CALL-14987,AGT-116,2026-06-15,Phone,Account Access,Dallas,2.33,2,Yes,Positive
CALL-14988,AGT-123,2026-04-10,Chat,Account Access,Los Angeles,10.8,3,No,Negative
CALL-14989,AGT-115,2026-05-09,Phone,Product Inquiry,Chicago,1.22,3,Yes,Very Negative
CALL-14990,AGT-127,2026-04-10,Email,Cancellation,Dallas,18.43,4,Yes,Positive
CALL-14991,AGT-125,2026-02-11,Email,Technical Support,Los Angeles,6.16,4,Yes,Neutral
CALL-14992,AGT-116,2026-04-04,Phone,Product Inquiry,Los Angeles,3.02,5,Yes,Neutral
CALL-14993,AGT-127,2026-05-28,Chat,Cancellation,Dallas,1.56,3,Yes,Negative
CALL-14994,AGT-105,2026-04-02,Phone,Account Access,Dallas,2.8,3,Yes,Very Positive
CALL-14995,AGT-107,2026-04-17,Phone,Billing Issue,Los Angeles,24.47,4,Yes,Neutral
CALL-14996,AGT-121,2026-02-12,Email,Billing Issue,Los Angeles,1.01,5,Yes,Very Positive
CALL-14997,AGT-109,2026-03-10,Email,Cancellation,Los Angeles,3.62,4,Yes,Neutral
CALL-14998,AGT-113,2026-06-20,Chat,Account Access,Dallas,13.95,4,Yes,Negative
CALL-14999,AGT-123,2026-02-12,Email,Technical Support,Dallas,1.3,4,Yes,Negative
CALL-15000,AGT-129,2026-03-16,Phone,Cancellation,Dallas,2.7199999999999998,3,Yes,Negative
